indice_tiempo,total_cuenta_corriente,cuenta_corriente_total_bienes_servicios,cuenta_corriente_bienes_servicios_total_bienes,cuenta_corrientes_bienes_servicios_bienes_exportaciones_fob,cuenta_corrientes_bienes_servicios_bienes_importaciones_fob,cuenta_corriente_bienes_servicios_total_servicios,cuenta_corriente_bienes_servicios_ingresos_servicios,cuenta_corriente_bienes_servicios_egresos_servicios,cuenta_corriente_total_ingresos_primarios,cuenta_corriente_ingresos_primarios_rem_empleados,cuenta_corriente_ingresos_primarios_total_rentas_inversion,cta_cte_ingresos_primarios_rentas_inversion_directa,ingresos_primarios_rentas_inversion_inversion_cartera,cuenta_corriente_ingresos_primarios_rentas_otra_inversion,cuenta_corriente_ingresos_secundarios,total_cuenta_capital,total_cuenta_financiera,cuenta_financiera_total_inversion_directa,cta_fin_inversion_directa_activos_participaciones_capital,cuenta_financiera_inversion_directa_activos_instrumentosuda,cta_fin_inversion_directa_pasivos_participaciones_capital,cta_fin_inversion_directa_pasivos_instrumentos_deuda,cuenta_financiera_total_inversion_cartera,cta_fin_inversion_cartera_activos_participaciones_capital,cuenta_financiera_inversion_cartera_activos_instrumentosuda,cta_fin_inversion_cartera_pasivos_participaciones_capital,cuenta_financiera_inversion_cartera_pasivos_instrumentosuda,cuenta_financierarivados_financieros,cuenta_financiera_total_otra_inversion,cta_fin_otra_inversion_adquisicion_neta_activos_financieros,cuenta_financieratra_inversion_emision_neta_pasivos,activos_reserva,errores_omisiones_netos
2006-01-01,703.2668735325024,2691.0759422723186,2906.3,9945.6,7039.3,-215.22405772768116,1945.1375402847775,2160.3615980124587,-2177.7488594002975,-13.484735998944767,-2164.2641234013527,-1542.4722326497763,-715.4276999688097,-85.47530189387783,189.93979066048084,10.399999999999999,781.0366090451844,-1375.7522158133997,377.20755949267647,0.0,1469.9597753060762,283.0,-2253.0962178930326,205.538,541.692,247.0655723056536,2753.2606455873793,-15.956818675376914,11059.781861426995,587.0492226173432,-10472.732638809652,-6633.94,67.36973551268204
2006-04-01,1916.5944511793477,3803.20803256014,4123.499999999998,11980.3,7856.800000000001,-320.29196743985904,1712.9188135727065,2033.2107810125656,-2159.0400671733496,-18.373752994697806,-2140.666314178652,-1514.7849781181617,-803.742973069549,-51.67451934273254,272.42648579255723,39.9,1980.8827775513732,-672.3911144975714,1090.945681202977,0.0,612.3367957005484,1151.0,-1970.5647831530414,-54.226,104.85,110.72396340860529,1910.4648197444362,-32.36518517409769,813.1938603760859,224.66308001135224,-588.5307803647337,3843.009999999998,24.388326372025404
2006-07-01,1516.866479194674,2986.87598986402,3255.500000000002,12126.8,8871.3,-268.62401013598264,1898.8543692299554,2167.478379365938,-1690.7435522708872,-15.60948486182327,-1675.1340674090638,-1220.3750771944187,-700.7687306711746,-27.196084786188976,220.7340416015402,45.43041210224308,1232.3860821007038,-1116.8668211625682,424.95186544301947,0.0,1653.8186866055876,-112.0,-802.5281718343288,122.74,59.778,132.14969589284888,852.8964759414799,-37.99542602518548,659.8165011227867,421.67896167983406,-238.13753944295263,2529.9599999999996,-329.9108091962132
2006-10-01,2362.0747162980133,3785.482608462813,3744.300000000001,12564.8,8820.5,41.18260846281146,2354.1043698329413,2312.92176137013,-1695.077504056982,-13.631064630560836,-1681.4464394264214,-1199.1866925050645,-772.4944203496053,-17.558833065258455,271.6696118921802,1.8939157025577287,3486.1254192702922,66.38308584120534,545.615614422297,0.0,1538.2325285810916,-1059.0,-2213.207615858119,127.70600000000002,152.91559999999998,216.71649731481648,2277.1127185433024,212.961965181665,1629.1879841055386,2007.1772665932028,377.9892824876642,3790.8000000000025,1122.156787269721
2007-01-01,601.802087421871,2327.769223171901,2424.500000000002,11178.1,8753.599999999999,-96.73077682810072,2600.129718831908,2696.860495660009,-1957.6618898522056,-17.71832647376423,-1939.9435633784415,-1443.216318925414,-829.1912596488785,-29.505300049626953,231.69475410217635,11.500000000000004,1476.2967795479176,-717.4287926410873,409.62904839981474,0.0,425.759463448342,701.2983775925602,-2299.261541577336,257.825,14.90750011649992,549.9063558749472,2022.087685818889,7.888173092375572,-174.59105932603052,398.6405476642848,573.2316069903153,4659.689999999996,862.9946921260466
2007-04-01,2026.1905551801137,3622.2503258509787,3984.2000000000007,13693.2,9709.0,-361.94967414902203,2154.1851770687995,2516.1348512178215,-1881.3289482459465,-15.892115460910965,-1865.4368327850357,-1416.404746647618,-857.3635228450867,-42.15525160401944,285.26917757507954,6.683196445401912,961.592292651113,-702.354074195666,397.463117675333,0.0,502.60255642359834,597.2146354474007,-5662.703708935337,398.552,-192.75570000000002,594.931451444728,5273.568557490609,26.852835760734223,960.1572400213797,1776.4562763159006,816.2990362945209,6339.640000000002,-1071.2814589744028
2007-07-01,449.2648266715769,1863.7897420505851,2346.2620000000006,14388.562,12042.3,-482.4722579494146,2321.4118617502927,2803.8841196997073,-1665.6199315022325,-19.473335599535776,-1646.1465959026968,-1294.305797334739,-823.4659047850862,-25.80546703127891,251.0950161232264,102.210715522771,696.7619231951833,-1530.0320419312516,361.66316231575354,0.0,1460.4957159255655,431.1994883214398,1488.817167082117,245.997,-31.228999999999996,228.47212727772006,-1502.5212943598372,-17.9536004130181,1597.6803984573326,4161.894618600459,2564.214220143126,-841.7499999999966,145.28638100083538
2007-10-01,2971.2804236131306,4756.770685215259,4797.0999999999985,16816.699999999997,12019.599999999999,-40.32931478473938,2970.009738524707,3010.339053309446,-2090.044993847497,-19.383139408822856,-2070.6618544386743,-1643.9381455852213,-768.9737599434588,-147.08145976539356,304.55473224536945,0.7519770000000008,2764.795884273001,-2019.1098920165691,335.47763295367156,0.0,2238.663191064171,115.92433390606976,-994.8148140931426,486.984,-6.732000000000001,411.6250769529247,1063.4417371402178,547.8,2298.780590382721,4219.681997180995,1920.9014067982737,2932.1399999999917,-207.23651634012958
2008-01-01,1323.2145641691022,3303.627739779098,3860.3999999999996,16067.5,12207.1,-556.7722602209001,2943.99757674031,3500.76983696121,-2254.5384739272727,-12.769577151937316,-2241.768896775335,-1770.1324973924338,-797.8691338634746,-121.01397199274652,274.1252983172757,43.631,2610.935835630276,-3137.0013667311728,346.00327730598514,0.0,1537.4967634708578,1945.5078805663004,1033.6156245116222,130.501,583.686,-92.90967313250358,-226.51895137911848,-12.4,1192.5115778498202,2617.839789391951,1425.3282115421307,3534.2100000000064,1244.0902714611736
2008-04-01,319.2597939382249,2235.4625588227573,2942.2999999999993,17526.3,14584.0,-706.8374411772411,2579.4281344215733,3286.2655755988144,-2229.8294242993516,-15.40345380164754,-2214.4259704977044,-1575.9096449144024,-866.3190912732722,-160.9380583296055,313.62665941481686,14.751144792002579,-667.9617639146927,-1946.1918938561826,318.6109080496109,0.0,329.71942153846305,1935.0833803673304,2143.693374549941,669.137,18.489000000000004,-202.87301878884756,-1253.1943557610934,59.9,1695.5767553915457,5196.44621364801,3500.869458256464,-2620.939999999997,-1001.9727026449202
2008-07-01,2991.9188202673795,4958.914567341031,5658.472000000003,21338.372000000003,15679.9,-699.5574326589699,2838.1610186085863,3537.7184512675562,-2226.49065358187,-17.44865769553251,-2209.0419958863367,-1641.986524156951,-740.699016189923,-132.02733918907018,259.49490650821645,123.80000000000003,4535.4995914165265,-1854.0751498344027,498.5213207578547,0.0,1906.2466702043166,446.34980038794083,4012.078220251371,97.261,1679.4657,-58.17979251503493,-2177.1717277363364,11.8,2415.1265209995636,4809.1173481718815,2393.990827172318,-49.43000000000617,1419.7807711491469
2008-10-01,786.813150235379,2842.932107353865,3102.100000000002,15227.3,12125.2,-259.1678926461359,3062.562342005858,3321.730234651994,-2323.3321482299043,-6.019977105569254,-2317.312171124335,-1591.5095452234164,-678.9352209119811,-276.47159759396993,267.21319111141753,2.877871934875153,75.48051958601741,-1397.350130225368,227.79908276411192,0.0,1175.4658442465,449.6833687429802,689.2018439969411,-370.519,-652.4568507704334,-176.65929119505384,-1535.5184035723207,875.4,754.6888058144386,-382.88831007091676,-1137.5771158853554,-846.4599999999942,-714.2105025842368
2009-01-01,1190.691554368219,3367.8916563596194,3998.7,11954.2,7955.500000000001,-630.8083436403799,2755.1961460775024,3386.0044897178823,-2372.682644032955,-9.956582861754278,-2362.726061171201,-1760.2153728116166,-478.92567973179564,-239.1231794019908,195.48254204155307,22.06829677346122,1063.5869247070818,-1329.3757745103107,341.1049664236192,0.0,1974.0,-303.51925906607016,826.3948064878924,109.0,740.4418598797848,-73.10038822239378,96.14744161428615,-0.9,1300.3478927295025,1731.6305111573483,431.2826184278458,267.11999999999756,-149.17292643459837
2009-04-01,4297.825088293546,6449.404680281661,6799.4389999999985,15499.383,8699.944000000001,-350.03431971833925,2346.016204515654,2696.050524233993,-2419.5555729933885,-15.197303991075774,-2404.358269002312,-1590.089485403497,-667.8150981566309,-248.42321046085152,267.9759810052726,0.6000000000000001,3073.7653591863022,-581.0007108799007,-235.17712978298061,0.0,533.0,-187.17641890307988,-29.59654571041915,165.0,-480.5417455736879,10.40417268822471,-296.34937255149345,3.1,4379.982615776626,4536.052030586241,156.06941480961558,-698.7200000000034,-1224.6597291072444
2009-07-01,704.7218968971029,3041.6863621331686,3764.4879999999994,13837.668,10073.18,-722.8016378668308,2313.686856927278,3036.4884947941086,-2528.8122218018543,-21.413774529939563,-2507.398447271915,-1663.9376470370498,-668.7758846151677,-255.423970829359,191.84775656578728,54.716731891664914,556.7139102436709,-330.6616022199414,354.193000633289,0.0,1381.0,-696.1453971467696,817.1472475578253,304.0,-168.69819999999999,-54.286803448382074,-627.5586441094431,20.4,-1761.2617350942157,367.6944752691577,2128.9562103633734,1811.0900000000029,-202.72471854509695
2009-10-01,1060.8771443781552,3793.835811621282,4082.223,14499.733,10417.51,-288.38718837871784,3129.7221161143393,3418.109304493057,-2997.8245627447714,-12.790125727726526,-2985.034437017045,-2055.5499833928607,-733.187032864019,-255.45742076016558,264.8658955016453,2.5991993196064977,2018.7164232166647,-1064.5744335282575,251.42556647174246,0.0,1139.0,177.0,539.1976282873003,405.0,-428.668,-94.93484556236862,-467.9307827249317,1225.7,1351.6732284576196,-456.05594552361003,-1807.7291739812297,-33.27999999999786,955.240079518903
2010-01-01,-1632.519837076983,1950.372437308146,2520.9803576500017,13082.377999999999,10561.397642349997,-570.6079203418576,3164.9857716126107,3735.5936919544683,-3722.87549982267,-13.773383500087508,-3709.1021163225823,-2847.6851140544163,-667.3992089001506,-227.56923571767834,139.98322543753892,17.275787489199026,-1661.3944548280297,-3159.370290897717,428.18692860181744,0.0,2838.2704915623194,749.286727937215,-211.4730920317578,-33.0,11.3424,-215.44220712014686,405.25769915190466,23.4,1989.6489281014499,3095.527339745018,1105.878411643568,-303.60000000000474,-46.15040524024562
2010-04-01,2101.3834711938325,5372.556459675237,5936.739095549998,19117.864,13181.124904450004,-564.1826358747585,2987.7524546342515,3551.93509050901,-3486.394767101856,-11.665439274438022,-3474.7293278274174,-2657.321238525876,-563.2860467279334,-293.0692823314795,215.22177862045288,3.9,937.4883527963909,-1898.7373983172104,4.051640367444804,0.0,602.956110971215,1299.83292771344,-1082.5785625728925,-26.0,-994.4557978655796,-82.51140720076545,144.63417190807837,84.02500203350489,1730.3693116529846,2516.930758310981,786.5614466579966,2104.4100000000044,-1167.7951183974417
2010-07-01,-529.235555366864,2998.2291222077074,3532.1404606000015,18767.533000000003,15235.392539400002,-533.9113383922936,2968.076805894683,3501.9881442869764,-3649.646852774656,-15.6406838340557,-3634.0061689406007,-2829.264193648304,-540.1774868047823,-306.7899202324638,122.18217520008238,54.735,-816.5830661495959,-2906.16744392378,254.14112394263478,0.0,2523.6671434301697,636.641424436245,-309.07495391212734,285.0,-160.76398794086384,95.97241806000197,337.3385479112615,-798.7,1918.559331686316,2832.695745154902,914.1364134685859,1278.7999999999954,-342.0825107827319
2010-10-01,-1562.623950000674,2022.3626293872112,2157.249384689996,17338.097999999998,15180.848615310002,-134.88675530278397,3696.3283284672225,3831.2150837700065,-3688.6160842377726,-13.643839463637569,-3674.972244774135,-2827.4339856223883,-642.2789265569735,-239.4735721747528,103.62950484988687,2.5670972475690377,-2261.614119243607,-2403.6828129039473,278.38098747991114,0.0,1861.1432960344114,820.920504349447,-1659.067007900354,414.0,-82.53532752034094,130.96487469220102,1859.5668056878121,-20.98296888819647,744.3786704488895,271.8789871313754,-472.49968331751404,1077.740000000001,-701.5572664905021
2011-01-01,-2242.127762771077,1231.1823883278084,2082.902283180003,16706.599000000002,14623.696716819999,-851.7198948521955,3523.5022276790896,4375.222122531285,-3497.991282914907,-9.590201599983445,-3488.4010813149234,-2620.4239776439626,-673.1570393983031,-225.62431392221347,24.68113181601882,16.4506,-1876.309763218635,-3213.754561024705,430.0,0.0,2687.249215263329,956.5053457613757,-695.3641090160232,259.0,-208.44647687347333,-51.01726598408734,796.9348981266372,35.900902205972336,3156.3980046161178,4629.268955633575,1472.8709510174579,-1159.489999999997,349.36739955244184
2011-04-01,508.98821868245795,4117.736926043639,4899.552325639997,22833.188,17933.63567436,-781.8153995963576,3347.595341351459,4129.4107409478165,-3766.2691182055846,-10.843110220494687,-3755.42600798509,-2751.0858806962046,-726.3829733408654,-298.84400786772835,157.52041084440071,1.1500000000000001,168.13483168247285,-631.5065663162366,404.00000000000006,0.0,788.8942828070477,246.61228350918884,-84.94875826205532,301.0,-13.401045105148205,85.83998658016625,286.70772657674087,161.25613773997824,497.6140185207846,4384.256089820448,3886.6420712996637,225.72000000000185,-342.0033869999851
2011-07-01,-1516.1098604558538,1926.9628621483462,2809.7430103399965,23303.707,20493.963989660002,-882.7801481916476,3450.411395203342,4333.19154339499,-3654.5385807581442,-15.83747443308576,-3638.7011063250584,-2703.664943393489,-652.551880315066,-300.5314750769631,211.465858153944,44.622,-3477.044647940562,-1390.3112757506183,329.0,0.0,1751.6352615659441,-32.32398581532581,-142.7218663064376,-299.0,46.599297177139455,126.62088376098507,-236.29972027740803,32.9471578232777,1176.561336293219,5621.4169549186245,4444.855618625405,-3153.5200000000027,-2005.5567874847081
2011-10-01,-2090.931787850728,1922.560873193739,2558.7334676300015,20276.214999999997,17717.481532369995,-636.1725944362634,4175.472311149591,4811.644905585855,-4154.268117972493,-9.627091493756737,-4144.641026478737,-3061.1804400372043,-692.599972022326,-402.8538764916964,140.7754569280254,0.5012462235649546,-66.98339574580405,-4116.358541589941,325.0,0.0,3012.581817155781,1428.7767244341596,779.8005773081763,-458.0,-19.371690395355266,-369.6392651241902,-887.5330025793413,2126.07720252451,3164.117366011451,4378.503231504154,1214.3858654927035,-2020.6200000000008,2023.4471458813591
2012-01-01,-1782.4693827268384,1824.0134859039244,3047.2720055099962,17652.114999999998,14604.842994490002,-1223.2585196060713,3842.869119572199,5066.12763917827,-3756.498343929285,-12.405693889000027,-3744.0926500402848,-2677.100653656897,-655.7591469339927,-421.6229677433313,150.01547529852422,0.8500000000000005,-2004.7884741421124,-4153.610510602022,516.0,0.0,3506.0010319718494,1163.6094786301724,-1906.213792623099,-377.0,-5.309218086742252,-29.21544072942609,1553.1200152657827,9.051,3376.1848290830085,3047.2187148590324,-328.9661142239761,669.8,-223.1690914152739
2012-04-01,498.9083731358187,3572.47767028978,4601.251090010006,20646.265000000003,16045.013909989997,-1028.7734197202276,3354.2621306983897,4383.035550418617,-3271.4628580248896,-10.471456859023519,-3260.991401165866,-2303.1263428594993,-683.713390840485,-287.49776613337366,197.89356087092932,22.19029956881956,258.87385251624335,-3611.947769195852,229.95596358627824,0.0,2733.990774045563,1107.9129587365674,425.71058259114426,270.0,171.59212753939562,-11.121692031448589,27.003236979699935,0.588,4143.353039120945,4680.424105591402,537.0710664704566,-698.8299999999946,-262.2248201883949
2012-07-01,66.35741671302821,3228.6406808067914,4244.942988290008,21920.104000000003,17675.161011709995,-1016.302307483214,3413.5738365974407,4429.876144080655,-3329.3444134664896,-23.25157689425302,-3306.0928365722366,-2250.397105845955,-644.0238344753311,-425.54939000707475,167.061149372726,28.495,-519.4454761566881,-3106.1195619114746,55.32945702502828,0.0,2868.3115745695636,293.13744436693923,1401.3610500210946,-105.0,-64.06893361298445,-115.98139770663207,-1454.4485859274469,26.028,2885.7750357336954,2375.559254080945,-510.2157816527506,-1726.4900000000034,-614.2978928697163
2012-10-01,-920.8367675549671,2318.5562255676596,3147.446702729998,19865.170999999995,16717.724297269997,-828.8904771623365,3636.395642689681,4465.286119852018,-3396.535011632337,-16.643199220425373,-3379.891812411912,-2385.6247022015846,-675.0039336053292,-335.5034057956861,157.14201850971142,-3.651255000000001,-522.7755159956337,-3397.4064970584445,253.5641574450214,0.0,3095.5129116374583,555.4577428660076,229.06048558306577,343.0,31.710939485976304,21.41081217129936,124.2396417316112,2872.51446603051,1322.2560294492378,-381.1446688294053,-1703.4006982786432,-1549.2000000000025,401.7125065593334
2013-01-01,-3885.8261854593075,-718.6645125658542,1011.6118350900069,16467.468853150007,15455.85701806,-1730.276347655862,3401.6055687837907,5131.881916439653,-3342.8310924712796,-13.684879695937681,-3329.146212775342,-2341.0170613872165,-659.7144773405951,-342.25004340114083,175.6694195778245,1.0157562184378577,-4667.634965995302,-1941.4933847272007,243.60749222774285,0.0,3194.1008769549435,-1009.0,-278.4842833055191,-74.89819768380124,44.54500284344578,79.65413738406131,168.47695108110236,-12.23927698071179,148.01197901812884,517.683648915312,369.67166989718316,-2583.4299999999994,-782.8245367544323
2013-04-01,-325.7456782299414,2502.613164062066,3779.5584929899305,22803.208976469934,19023.650483480003,-1276.9453289278645,3222.503750799415,4499.449079727279,-3280.780997060654,-16.07964108078778,-3264.7013559798665,-2271.887842122416,-675.0197613451829,-328.39670779712276,452.4221547686433,0.26783750000000006,-734.449881623045,-2920.3769126504467,331.1225785395146,0.0,2925.499491189961,326.0,945.2573803610182,351.5846601230353,52.77902706696106,27.30843443254769,-568.2021276035695,-14.421741732563984,3965.7813923989465,3076.34836730333,-889.4330250956164,-2710.689999999999,-408.9720408931036
2013-07-01,-3022.1045969075094,9.11462509811463,1363.0301404699749,20605.215959379973,19242.18581891,-1353.9155153718589,3185.852310140524,4539.767825512383,-3262.5218748665707,-19.489732749560623,-3243.03214211701,-2227.60735402081,-666.6334334765746,-356.4580205351915,231.30265286095016,32.6452675,-4238.5788860752255,-2512.581247886782,319.56398776899573,0.0,2533.145235655778,299.0,189.68897494249399,-223.9421850740325,155.9007030124636,-4.229545442164116,-253.50091156189876,1.5735580690479694,667.6398288000131,607.775717905944,-59.86411089406906,-2584.8999999999987,-1249.119556667716
2013-10-01,-5890.69732526653,-2486.7441510231583,-1518.9652276399775,16052.334572070014,17571.299799709992,-967.7789233831818,3869.930138651628,4837.70906203481,-3278.693610445339,-16.155167492862795,-3262.538442952476,-2138.054576457883,-771.9314877399291,-357.75893063867744,-125.25956379803267,-0.5159874999999998,-6524.232757559683,-1557.237454167224,-4.321199809162607,0.0,1951.9162543580615,-399.0,-1289.0479922920522,63.73795454662057,126.85187245828351,239.1447580168013,1240.493061280155,-7.289210899793847,274.0818997993872,-309.1564971218629,-583.2383969212501,-3944.74,-633.0194447931526
2014-01-01,-6047.554654717325,-3567.682776117388,-2016.89269814,13846.469446,15863.36214414,-1550.7900779773877,3413.5694658006646,4964.359543778052,-2782.570183022868,-12.121653575358174,-2770.44852944751,-1836.2576926502506,-676.006722548944,-262.75814479090093,302.69830442292806,1.7280130000000002,-4502.537112010435,-38.74593728846389,1089.758690507475,0.0,1698.167208993371,-569.6625811974322,-1163.764769984302,15.20182615677965,-1.9062223389471615,14.686931993296819,1162.3734418088375,35.76389887315973,397.329696389172,-85.64034662927315,-482.97004301844515,-3733.120000000001,1543.2895297068908
2014-04-01,646.3358265579373,3107.884726792705,4303.176501880003,20864.058567,16560.882065119997,-1195.2917750872994,3098.856508794772,4294.148283882071,-2984.597741623317,-5.6997730933052395,-2978.897968530012,-1787.947376847034,-818.246010398435,-377.0903288431643,523.0488413885497,16.017006592313237,431.613396444709,1743.9044694076865,247.0421462923081,0.0,-477.0832027903996,-1019.7791203249787,4127.19346667318,11.270780301899727,-1.9390230922529663,231.2751725733913,-4349.136882036925,-163.08490537175786,-7460.4096342644,2783.8415517276744,10244.251185992074,2184.0099999999993,-230.7394367055415
2014-07-01,-1839.8260205848856,729.0282341306665,1849.5775944899979,18534.448505,16684.870910510002,-1120.5493603593304,3199.753624958211,4320.302985317541,-2992.040381249092,-10.092108315569263,-2981.948272933523,-1878.6877922194194,-745.7921529244497,-361.85407534827505,423.1861265335401,39.69780832972555,-2166.98268372909,-2054.9372949955196,377.7191703821823,0.0,2379.7644562343194,52.89200914338266,-445.1248241181683,96.84812384926786,65.17226142883207,66.29501817987166,540.8501912163965,-34.46402209854262,1350.3534574831392,-705.0566701939465,-2055.4101276770857,-982.8099999999987,-366.85447147392983
2014-10-01,-1937.9814181312431,630.9474746927699,1405.608414669996,15195.459389,13789.850974330004,-774.6609399772237,3684.192228172739,4458.853168149963,-2854.6391753119324,-6.2777380462107,-2848.3614372657216,-1796.6806634508957,-698.6435716093164,-357.144921611496,285.7102824879207,-0.6457227883037213,-3082.7659053283783,-2795.0153459835155,206.02142592308496,0.0,2409.011691830614,592.0250800759866,-178.87347946892478,-307.9981649789346,98.13822832250008,-94.35752548590953,63.371068298399805,-6.421872165053861,-3829.485207710884,-571.1387043745494,3258.3465033363345,3727.03,-1144.1387644088313
2015-01-01,-5543.86173185784,-2401.5416295657287,-865.7509660800006,12061.478492999999,12927.22945908,-1535.7906634857281,3473.963284353291,5009.753947839019,-3223.061424895919,1.8694511806089906,-3224.9308760765284,-2271.32424010332,-615.7875802308291,-343.7700018879401,80.74132260380532,9.552769999999999,-5611.677988607577,-3273.2326350859876,241.05663820364748,0.0,2605.9167458207467,908.3725274688886,-1184.6930445710284,19.983917082743062,-28.768022504903453,41.69767540639635,1134.2112637424716,-12.249590215221508,-1480.602718735339,1927.9129571070846,3408.5156758424237,339.0999999999996,-77.36902674973771
2015-04-01,-2469.061510467018,215.8291375235567,1462.5741518399973,16411.409,14948.834848160002,-1246.7450143164397,3047.3740030526506,4294.11901736909,-3088.221805392911,5.552287186070906,-3093.774092578982,-2089.734863615833,-663.0156710988704,-348.01750634499183,403.3311574023391,2.710418188896123,-2497.96955024568,-3175.3409975230124,185.5039366346873,0.0,2426.465764509039,934.3791696486605,-1308.4434980763967,-16.83252657969485,98.25321909632207,22.833247385018733,1367.0309432080053,-5.417840543837718,-308.85721410243104,2996.6363819641533,3305.4935960665844,2300.0899999999983,-31.618457967558243
2015-07-01,-4507.927524611816,-1824.3966556196865,-280.8318086099989,15872.122000000001,16152.95380861,-1543.5648470096885,3228.3318177659476,4771.896664775636,-2886.2632007273774,8.943556020648096,-2895.2067567480253,-1966.5459475930475,-673.2310965987267,-263.29557600431485,202.73233173524983,38.524692834982666,-5404.413445695795,-2449.9288272944464,252.36843985678854,0.0,2313.633973521538,388.6632936296971,-414.1911533307396,96.68340520010408,63.30927837670224,-44.70130512086892,618.8851420284149,-0.5935470513494758,-2312.602443233718,1092.0458970333516,3404.6483402670697,-227.09747478554206,-935.010613918962
2015-10-01,-5101.134401273288,-2590.111938202421,-1101.1677697700015,12464.044,13565.211769770001,-1488.9441684324206,3463.843244804543,4952.787413236963,-2907.0521475882006,9.44753364133259,-2916.499681229533,-1817.5400850877918,-735.210088270212,-367.4152790972116,396.02968451732977,1.1413187445868704,-4983.7882374038645,-1985.2583240283363,196.30421265913515,0.0,2030.499166860361,151.0633698271105,2470.088881627958,-276.2248357109553,136.27815516471563,219.28193522020285,-2829.3174973944006,-6.730353255925343,1856.1740834668972,2797.0573378896897,940.8832544227926,-7318.062525214458,116.20484512483654
2016-01-01,-4896.510632492704,-2322.3188886972384,176.1460311999981,12454.08528896,12277.939257760001,-2498.464919897237,3610.111504568405,6108.576424465642,-2894.7757748049276,-23.730656172063384,-2871.0451186328637,-1832.3135434026585,-704.2396416766724,-348.7974571358309,320.5840310094601,84.34735468284401,-4731.283369147586,-1851.933349452861,256.01760580734253,0.0,1985.4828677044027,122.46808755580085,-4678.076929479244,-1.5888727885772198,82.0276479156726,29.548818068099738,4728.96688653824,31.7710951878252,-1778.044185403306,1766.0757358223873,3544.1199212256934,3545.0000000000005,81.85874155904003
2016-04-01,-2930.591282741447,-249.2870600533206,1677.3962768599995,15437.820768999998,13760.424492139999,-1926.6833369133228,2954.6334632957205,4881.316800209043,-2986.868841076214,-23.091764730776475,-2963.7770763454373,-1770.4159973193755,-827.6364867839025,-380.28398734939793,305.56461838809037,33.304358311503,-3103.7064266474335,406.814663685974,1103.3198048587788,0.0,1723.2449480275995,-1026.7398068547948,-10691.490831991505,-328.33758413720057,2266.0221939813982,38.598506304463015,12590.57693553124,366.070462374666,5741.099279283428,1656.4017361521028,-4084.697543131325,1073.8000000000031,-205.44066932072383
2016-07-01,-2967.120322215822,-398.5876827991051,1826.4757416799985,15828.637882070001,14002.162140390003,-2225.0634244791045,3221.799615925578,5446.863040404683,-2862.602659662403,-25.884068693695358,-2836.7185909687073,-1664.2629339025632,-856.3846143803455,-331.1778464687291,294.07002024568516,110.35790630219348,-4655.929014421401,-702.9013110598331,179.51635667339588,0.0,1856.30180005694,-973.884132323711,-7707.499594315541,-132.56012953873525,-277.9772806607252,417.5217747166404,6879.44040939944,-31.75,4355.633845288887,2240.7358010786697,-2114.8980442102165,-569.4119543349129,-1798.1877656110064
2016-10-01,-4310.5642871101445,-1065.3046123861386,736.1388918600042,14239.389750499999,13503.250858639994,-1801.4435042461432,3638.162300435501,5439.605804681644,-3447.963465244451,-21.231341033915104,-3426.7321242105363,-1899.262970588266,-1117.1685661781019,-426.8812432384169,202.70379052044257,142.79492696048308,-1473.1373744746234,674.386589800825,247.67716740852643,0.0,2426.8174078931042,-2853.526830285403,-12178.226499236542,-515.769289952766,-293.9771210005659,499.54756988102156,10868.932518402187,-144.0465192121594,-87.09839570804888,-2973.8261043396224,-2886.7277086315735,10261.847449881301,2696.685448504304
2017-01-01,-7234.66883897359,-3681.1247288942805,-620.2832261399017,12764.825632879998,13385.1088590199,-3060.841502754379,4037.478147636504,7098.319650390883,-3777.9292862300663,-24.917890204640997,-3753.011396025425,-2032.9494081336331,-1348.9108440355938,-398.434375377866,224.38517615076154,45.30373485074947,-6224.3610411775735,-3173.776414190709,334.4019283244136,0.0,2502.9177469321075,1005.260595583015,-14042.875917619967,-129.04542042303183,1689.2742553468074,50.027913023497916,15553.076839520245,-140.0,194.07802879733237,694.4092470652105,-500.3312182678781,10938.213261835772,965.0040629452669
2017-04-01,-6605.3105935008825,-2780.910685103732,-712.2258264700995,15524.041014119999,16236.266840590099,-2068.6848586336323,3625.340606870293,5694.025465503925,-4033.1355644406985,-12.585051751714094,-4020.550512688985,-2072.925391191204,-1471.863734818425,-513.0406530516179,208.7356560435481,43.503717000431614,-6971.157988871818,-2020.8276050550348,267.68782680051845,0.0,2228.155431855553,60.36,-3760.1830873990993,259.22411809193807,1207.2355268709307,852.4091842079331,4374.233548154035,6.9044,1607.3313540354857,2187.934272374532,-580.6029183390465,-2804.3830504531697,-409.351112371367
2017-07-01,-8148.704854829255,-4228.618867943529,-1679.3819389599994,15851.8840510599,17531.2659900199,-2549.236928983529,3659.9911029525824,6209.228031936112,-3843.0139135616555,-26.190788804055202,-3816.8231247576005,-2114.9450994013537,-1351.3520996991642,-391.0532347512477,-77.07207332407143,79.17834642375274,-8878.074828544972,-3042.8951128536182,287.7369577627449,0.0,2200.642456287571,1129.9896143287924,-7208.312852498381,331.19672063329,236.58591300987987,1596.1196774939172,6179.975808647634,11.09,-523.1762442500785,5417.397155879105,-5940.573400129184,1885.2193810571064,-808.5483201394691
2017-10-01,-9162.667463458652,-4451.847417822919,-2435.172115970101,14521.12285372,16956.2949696901,-2016.675301852818,4183.392104522905,6200.067406375723,-4726.204941303196,-17.109791145463795,-4709.095150157732,-2460.825395118602,-1808.715718369659,-464.81650716461843,15.384895667459205,5.509669129019836,-9199.594072416827,-2123.7321121605914,265.80350513684954,0.0,2163.0856172974413,226.45,-10910.36763410541,-153.5749773489144,2061.442147615016,514.7431987817072,12303.491605589805,25.78,-727.9302577851131,4206.342321914737,-4934.27257969985,4536.655931634286,-42.436278087196115
2018-01-01,-9396.401747068383,-5061.953713864617,-1665.2512606400014,14535.245471819999,16200.49673246,-3396.702453224616,4473.665394415057,7870.367847639673,-4490.371978083075,-22.9665420819388,-4467.405436001138,-1967.6590299763388,-2116.054478161093,-447.1503506608639,155.92394487930665,23.955289532250244,-9547.095764916232,-2470.525574013645,480.0354496082924,0.0,2809.515934199532,141.0450894224055,-12953.380357882734,1.62539426711349,3576.746047199651,102.02657798894694,16429.72522136055,-26.635151104400055,-249.5858933176778,3239.0376444926947,-3488.6235378103725,6153.0312114022245,-174.64930738010116
2018-04-01,-8434.38754897401,-4233.231338869065,-1696.4285568800024,15518.4522272499,17214.880784129902,-2536.8027819890626,3517.7767016905204,6054.579483679583,-4653.571430040431,-17.8212878265972,-4635.750142213834,-1883.7749433122324,-2418.0619668033887,-477.91323209821235,452.4152199354832,20.995039632250226,-9001.553517386028,-2210.538139074334,448.9393877280288,0.0,2293.368435231785,366.10909157057773,1874.0697430993391,73.0,468.50581164253623,-292.4543968079188,-1040.1095346488842,-4.339928401618482,-9401.61181034855,10343.260037718985,-19744.871848067534,740.8666173391343,-588.1610080442715
2018-07-01,-7358.719611096843,-2698.741331866921,-745.7556917000984,15665.26091715,16411.0166088501,-1952.9856401668226,3357.7255472994643,5310.711187466287,-4897.812506233488,-19.952882253057798,-4877.859623980432,-1981.0955895501947,-2369.374031368159,-638.3609948778154,237.83422700356516,47.28618842225025,-7852.630263160405,-2655.9230502586192,497.4102778046328,0.0,2813.615839320052,339.7174887431996,1902.422975928426,398.2637817944748,308.4232081958345,-130.88558187945705,-1064.8504040586597,30.437550125345012,5157.074437743948,8069.97313174098,-2912.8986939970323,-12286.642176699504,-541.1968404858117
2018-10-01,-1894.0975439177819,2315.4309203658977,3364.2078310300003,16082.04402207,12717.83619104,-1048.7769106641026,3992.9955344272857,5041.772445091388,-4608.474410681885,-18.714982541727196,-4589.759428140158,-1588.8601670048229,-2442.574461952311,-656.884058614857,398.9459463982002,18.839000452250225,-1634.541239376292,-2653.8014827019924,299.59645756475516,0.0,2376.5522040015658,576.8457362651815,2252.962312893217,111.02467974891822,1229.112554886115,-187.0335646045135,-725.7915136536701,-31.57135962660623,-17871.767834751874,3964.5214746254233,-21836.2893093773,16669.637124810964,240.71730408923895
2019-01-01,-3433.675904719644,839.7428613137763,2549.7567436201007,14170.70271429,11620.9459706699,-1710.0138823063244,3941.591214282501,5651.605096588825,-4557.982940439666,-21.994348031999397,-4535.988592407666,-1476.5403832640066,-2306.109495250686,-847.2108453948829,284.5641744062454,37.350322551103915,-3639.076747090643,-1968.561028555771,407.48622614583064,0.0,2091.9163961270588,284.130858574543,362.1901421301312,142.235282722098,1084.0588010457627,194.2927257756085,669.811215862121,-23.801878334520612,-1963.7929065410717,-3.8832334271633613,-1959.9096731139084,-45.11107578941119,-242.75116492210054
2019-04-01,-1811.8949534367143,2931.7226182701697,4222.88573371,16630.1505026501,12407.2647689401,-1291.16311543983,3374.519074732183,4665.682190172013,-4839.903339463294,-19.975818668555306,-4819.927520794739,-1343.1684082035079,-2731.751238874584,-847.0944122429562,96.28576775641034,139.17555071776633,-2372.771359871741,-380.71224606465444,334.5687924713102,0.0,741.1821465300185,-25.90110799405388,6026.481923963032,180.060183159239,1130.4705515364508,39.42016812061554,-4755.371357387959,-44.89812117633384,-6200.257435116001,5393.651593454245,-11593.909028570246,-1773.3854814777844,-700.0519571527907
2019-07-01,-808.3976494103371,3186.1221618226955,4471.3585540001,17178.57620613,12707.2176521299,-1285.236392177405,3469.7676647637836,4755.0040569411885,-4218.85963387005,-24.731655047716597,-4194.127978822334,-1228.05113115196,-2048.428523974827,-988.4427136955474,224.3398226370174,79.95015104776633,-1538.1615709278653,-1231.3744696785484,370.88836840453877,0.0,1595.247678543798,7.0151595392893284,-110.5991531386992,-41.8981243641673,-741.8508529215904,-75.93753507869724,-597.2122890683613,33.35303252490981,14593.523153453461,17318.34704339342,-2724.8238899399585,-14823.064134088989,-809.714072565294
2019-10-01,2561.488926482491,6432.962399475735,6989.722426970104,17182.632301740003,10192.909874769899,-556.7600274943693,4016.542850833996,4573.302878328365,-4115.418648145536,-26.1867604598002,-4089.2318876857357,-1561.821403539265,-1621.4563446014681,-967.4515164283162,243.9451751522924,27.47127608123742,2430.744120666798,-1545.8119418917627,409.78476477364313,0.0,2053.4763522652756,-97.87964559986968,830.5088123610133,111.0,240.2968303523547,-72.17596643044557,-407.0360155782129,11.046637132962836,7867.997189446749,8545.090673349552,-677.0934839028035,-4732.996576382165,-158.21608189693143
2020-01-01,117.12396953858388,2939.9371104223997,3925.774667930091,13360.22306329,9434.448395359908,-985.8375575076911,3685.047099611062,4670.884657118753,-3087.6357226146006,-26.311693825531,-3061.3240287890694,-619.0448966956939,-1533.7719806989694,-946.79114070844,264.8225817307848,42.42611306019008,-511.5465296927777,-1593.9968936994237,245.86583653603304,0.0,1226.3759982354566,613.486732,-675.6393254256425,-254.0918308666933,-1541.9977433207127,330.87078260150116,-1451.3210313632646,0.45319725249789056,2846.6687873947812,700.5484540067993,2146.120333387982,-1089.0322952149904,-671.0966122915527
2020-04-01,2863.3241685097382,5045.568472829244,5340.76137818994,14235.1252797099,8894.36390151996,-295.19290536069684,1880.073341561219,2175.266246921916,-2574.3889374859355,-17.594884961182597,-2556.7940525247527,-410.07721409989944,-1183.7472978238031,-965.7168305170395,392.14463316643025,31.623968117434817,3825.1519865846753,387.3868191036256,267.6744554718124,0.0,737.2333003681867,-856.945664,1259.2767866839024,403.5273991247132,-1106.7389562243081,-247.55361400979388,-1714.9347297737036,3.496363119456751,2967.7054932480128,2310.0261828636544,657.6793103843584,-792.7134755703223,930.2038499575024
2020-07-01,1150.405054093416,3467.22831601762,4068.9463281299013,14620.2669888499,10551.320660719999,-601.7180121122815,1803.4454700655533,2405.163482177835,-2592.117842987992,-16.566632464004805,-2575.5512105239873,-685.9829909345575,-982.6145776000446,-910.8586419893857,275.29458106378814,40.351523924032264,-375.64852264265926,-1249.86488872772,324.08810151921534,0.0,942.7389642469353,631.214026,2268.4547918286157,675.5185238845937,-654.7634857613374,-219.08243252634378,-2028.6173211790158,-0.6177903855986095,1642.517470616544,350.3000016618214,1292.2174689547226,-3036.1381059745004,-1566.4051006601103
2020-10-01,-1442.4911866186237,641.6815113561988,1295.2158028399008,12729.8943669299,11434.67856409,-653.534291483702,2123.171695555865,2776.705987039567,-2251.435246040714,-21.719930706571994,-2229.715315334142,-894.5437702486702,-404.083472042299,-933.2935730431727,167.26254806589145,50.36086845166849,-1575.836927520248,-1250.4758040280917,339.5485150783978,0.0,1138.4278721064895,451.596447,-1281.3904760247078,266.70379865881716,-768.0543594610558,17.65651788666218,762.3833973358071,7.081599521109545,3758.2347319808305,4177.914389437601,-419.6796574567706,-2809.2869789693887,-183.70660935329715
2021-01-01,395.4219267721789,2582.5626588793284,3241.0889619900026,15415.7820692501,12174.693107260098,-658.5263031106742,1981.8274919566888,2640.353795067363,-2503.197153957234,-28.448360797207098,-2474.748793160027,-1228.5053999609283,-376.43606437365617,-871.8142669906583,316.05642185008463,45.77750525194855,1409.6082485042978,-2213.8952144274617,336.26920487898144,0.0,1434.148419306443,1116.016,1891.5611353144034,939.9609055662698,-270.95707520759845,-8.329848923428642,-1214.2274560323033,-3.1515522925753694,1055.4372728459696,834.9251676185412,220.5121052274284,679.656607063962,968.4088164801713
2021-04-01,2546.700798439099,4527.478387102612,5168.141451190102,19980.488579430003,14812.3471282399,-640.6630640874905,2244.765240891179,2885.4283049786695,-2414.1641519849913,-32.7301488424515,-2381.43400314254,-1172.7314428033535,-349.15688421016245,-861.2595856634447,433.3865633214782,93.90228939670293,1304.9224218902636,-1583.0381450696998,381.1258280256919,0.0,1323.4169730953915,640.7470000000001,1245.6458959761003,528.3236861615623,-137.82326014999958,122.70737023365668,-977.8528401981943,-0.006681090903420284,-760.4367991867933,840.409704545032,-1600.8465037318254,2402.7581512615598,-1335.680665945538
2021-07-01,3348.5683436474806,5630.982689763314,6659.188837400099,22935.78949584,16276.6006584399,-1028.2061476367853,2416.2839898136917,3444.490137450477,-2606.573507608991,-27.6335672895504,-2578.9399403194407,-1471.2201169971165,-272.63858723270926,-836.1259028524214,324.1591614931578,70.26724174242838,1215.1933733593644,-338.6820819167646,402.28194831490435,0.0,1683.8310302316688,-942.8669999999998,985.5507393234576,282.8695340844937,-53.81740483513103,34.88243355727543,-791.3810436313704,0.21818763342021547,116.25140198475219,1584.2514237651617,-1468.0000217804095,451.8551263344989,-2203.6422120305433
2021-10-01,334.0941234892401,2254.3503811269466,3627.046364450096,19654.516020929997,16027.469656479901,-1372.6959833231494,2945.858954991085,4318.554938314234,-2248.699558069136,-31.1282562370069,-2217.571301832129,-1103.8555166958522,-393.2802670775138,-721.9026293043037,328.44330043142946,43.04098381674538,571.9840586388805,-978.5725001044962,424.1847565392887,0.0,1243.0642566437848,159.69299999999998,817.680347020978,260.84155533978026,-54.523991598862516,-153.33318065028774,-458.0296026297725,-12.63368201552023,4385.592603927921,2702.282100331142,1683.3105035967794,-3640.0827101900027,194.84895133289348
2022-01-01,-1242.6047775526422,880.0587348118302,2777.672502349902,19532.7809121899,16755.10840984,-1897.613767538072,3141.2336962613367,5038.847463799409,-2570.6613014059994,-23.0373388918199,-2547.6239625141798,-1373.960502940018,-382.40602311703117,-793.7044364571309,447.9977890415272,34.244606385735075,-1739.1555307829128,-3055.4822330704737,436.0234117129537,0.0,1562.9816447834276,1928.524,2332.9631733789793,164.6876449485955,703.901439353931,96.68907730920266,-1561.0631663856557,1.168514335901522,-4210.20285610732,3243.446064047836,-7453.648920155157,3192.3978706800003,-530.7953596160019
2022-04-01,-952.6837669637778,1432.9043063144254,3213.9874063101015,25201.1817741101,21987.1943678,-1781.083099995676,3374.6111603437685,5155.694260339445,-2972.2817809541143,-21.893636154184893,-2950.3881447999293,-1582.5188484832997,-635.576709943846,-753.0181344583725,586.6937076759111,26.90949009999555,-3118.299936476289,-4289.980589138773,514.9498323139228,0.0,1405.410421452697,3399.52,1853.653389853076,96.36807233762053,656.994995476099,-205.59354474355484,-894.6967772958017,2.071997286377101,-1967.444734476968,163.2547376025789,-2130.699472079547,1283.3999999999987,-2192.525659612502
2022-07-01,-3605.7234189131127,-1062.7262419413014,925.0405389900006,22748.96328165,21823.92274266,-1987.766780931302,3733.2698500894144,5721.036631020716,-2969.10987110898,-27.251350773792897,-2941.8585203351868,-1386.7133030864336,-640.091586851123,-965.2993122578755,426.1126941371686,81.27592230954066,-3456.160233679705,-5421.452930871416,554.4330040626855,0.0,1410.371934934102,4565.514,2057.4818915780916,-329.2577091430699,1107.2396357797784,-83.09727836398166,-1196.4026865774015,-4.894282097869558,3438.0271680414885,3508.953936569261,-70.92676852777224,-3525.322080329999,68.28726292387
2022-10-01,1836.9370481485971,4391.459522726461,5499.8539686399,21288.252574539998,15788.398605900098,-1108.394445913439,4166.748915565923,5275.143361479362,-3064.5002840598836,-22.376463635078103,-3042.1238204248057,-1775.2652362791916,-405.64566640002545,-953.4094850985116,509.97780948201984,49.08451237347649,876.454202997451,-349.33506116294063,584.4303349671305,0.0,2026.9983961300711,-1093.233,1218.5248729152536,-69.02442495959052,-264.19362520182153,-86.84379099483697,-1464.8991320818286,6.1035700029106685,-5968.132681047776,-63.373745573025445,-5904.758935474751,5969.293502290003,-1009.5673575246258
2023-01-01,-5409.080851374846,-2518.297397637076,-287.1900569802019,15972.20020286,16259.390259840202,-2231.107340656874,4233.781505415237,6464.888846072111,-3359.1636306240907,-21.922206701443496,-3337.2414239226473,-2009.252955909978,-308.3971636297733,-1136.273339806243,468.38017688632004,25.926238677759795,-7162.767120427527,-3637.1469504405604,753.3493676162973,0.0,2198.8993180568573,2191.597,3001.179698678503,-64.07939534812127,1354.722460572697,277.11268509654053,-1987.6493185504683,3.088132931052173,-526.3792933965194,-565.4877774040515,39.1084840075321,-6003.508708200002,-1779.612507730445
2023-04-01,-6509.841725250186,-3512.7502729389175,-2050.0380194600984,17596.16534594,19646.2033654001,-1462.712253478819,3910.9716606379375,5373.683914116757,-3628.009088240384,-24.6758158623549,-3603.333272378029,-1767.9622268409937,-641.5294279872755,-1301.0253242409322,630.9176359291157,48.014513465229044,-6867.043874535004,-5276.1996118608895,728.9433514184907,0.0,1788.0889632793799,4217.054,966.255252424789,90.93223809216033,752.9108365962718,289.14192714005327,-411.5541048764101,-1.838162074196547,7503.192093458045,5289.669232509726,2213.5228609483192,-10058.453446482752,-405.2166627500437
2023-07-01,-5891.051281731883,-2856.1847990714873,-1298.6810472700017,17811.39230028,19110.073347550002,-1557.5037518014856,3961.64730583922,5519.151057640705,-3521.395984154934,-18.4710681882659,-3502.9249159666683,-2148.282147264686,-228.64586588038412,-1199.4487177796586,486.52950149453875,36.92844760924051,-7308.4204358473,-6329.474858688349,529.6318369535405,0.0,2594.239695641889,4264.867,2422.252043129553,175.4622733993533,376.8607077893456,-339.45043536270936,-1530.4786265781445,-2.0354783677078077,-2510.338762997925,4565.103179137396,-7075.441942135321,-888.8233789228714,-1454.2976017246528
2023-10-01,-2941.277747193422,23.998077557056604,812.5823931599989,15655.673306749999,14843.09091359,-788.5843156029423,4425.945593350517,5214.529908953459,-3449.470148033858,-27.311228004418798,-3422.1589200294393,-1934.6897858322998,-306.6810000191542,-1237.2305852703319,484.19432328337973,76.4090219970287,-4196.255497687799,-6490.802735355123,1011.3385143207381,0.0,2848.3742496758614,4653.767,443.3229368765127,-663.3763376357467,1069.0864865557348,-153.25931982605812,115.64653186953353,10.370985478082225,6565.039466232731,5941.18422167241,623.8552445603204,-4724.186150920001,-1331.3867724914035
2024-01-01,175.96161263627073,3718.7093033889932,5069.5547143700005,17467.9852748,12398.43056043,-1350.8454109810073,4179.498762919889,5530.344173900896,-4060.970382023892,-22.244476839290897,-4038.725905184601,-2528.024524867735,-398.85479049765047,-1186.2045999533493,518.2226912711694,93.7171453706089,-502.78440835781703,-5700.393258140375,555.4231817552485,0.0,3341.605439895623,2914.211,-843.3107697988074,64.4804381455335,-586.9215218000843,476.1738150297217,-155.30412888546505,0.7138494317141504,1962.0810896811963,465.41551447067,1496.6655752105262,4078.1246804684547,-772.4631663647003
2024-04-01,3732.2656829358693,5973.92623940904,7109.426493079998,20756.22127743,13646.79478435,-1135.500253670958,3874.2033744469827,5009.703628117941,-3040.5124241869557,-23.194099608748704,-3017.318324578207,-1496.01339043406,-452.798593164684,-1150.839517977336,798.8518677137847,55.16395460501982,2454.3326804427325,-1494.1154799574972,689.7315374590946,0.0,1190.552017416592,993.295,-620.0178497388883,73.37212824329777,350.74908000958345,81.31387262586466,962.8251853659049,-6.019426888989462,2880.42682503052,-698.2814484512136,3578.7082734817336,1694.0586119975878,-1333.0969570981547
2024-07-01,890.6184417102074,3702.322562976543,5306.033445090003,20912.553018980103,15606.5195738901,-1603.7108821134598,4430.145085874816,6033.855967988276,-3184.9344865780577,-21.714866428376002,-3163.2196201496818,-1741.2381335140956,-383.51958089530063,-1087.6610504720456,373.2303653117221,43.900396542088004,-341.98592435777914,-2511.491463584053,603.1323734113156,0.0,2319.0618369953686,795.562,4185.036836166266,96.23385130116833,1608.9057379305887,-8.16879535270074,-2471.7284515818083,18.22963222575229,936.7876814379468,-486.06485037007667,1422.8525318080235,-2970.5486106036915,-1276.5047626100759
2024-10-01,902.5137190796461,3258.9523320854805,4918.818373240003,20622.778787260002,15703.960414019999,-1659.8660411545225,4683.001584989284,6342.867626143807,-2976.6484293495105,-24.376729683270103,-2952.2716996662402,-1417.7143095640517,-503.18154424458686,-1085.21639539662,620.209816343676,75.53561140504468,-108.6694057829501,818.3290736205907,908.4355953757266,0.0,1467.6305217551358,-1377.524,1967.8020933864566,661.1307236189758,1007.1793123397515,60.97544642999591,-360.4675038577251,6.321782380164104,-6192.750981709454,-4132.689181701232,-2060.061800008222,3291.628626539293,-1086.7187362676432
2025-01-01,-5636.9905436457075,-2430.1199880206095,2059.8334737000005,18702.107536260002,16642.27406256,-4489.95346172061,4643.875713982137,9133.829175702747,-3237.46037670131,-24.861199308999502,-3212.5991773923106,-1624.53162599493,-665.4050375805666,-970.4826055496806,30.589821076212502,54.677797076286474,-7511.702901522858,-412.4511849690392,584.5255390949286,0.0,789.9217240639678,207.055,3318.64841525899,828.9343181003342,1648.11181940073,90.38272565430108,-931.9850034122273,-9.124383179943399,-4781.274510203336,-3251.7883083044508,-1529.4862018988852,-5627.501238429529,-1929.3901549534394
2025-04-01,-2773.519812494307,217.00873214072544,2668.048785999905,21057.16024321,18389.111457210096,-2451.0400538591794,4212.040060847188,6663.080114706368,-3885.9253036505443,-24.6792622240261,-3861.2460414265183,-2194.791754010892,-685.2461158534936,-1056.1786732910518,895.3967590155119,164.82925994083917,-3381.1192424179135,-2022.5715576828138,647.3980382179597,0.0,760.1715959007736,1909.798,-2095.429533261228,-324.52056571002356,603.8230281384522,-758.9368946796114,3133.6688903692675,-5.819143516044154,-13528.712696706643,3842.7021443967906,-17371.414841103433,14271.413688748817,-772.42868986444
2025-07-01,-1465.2639337840228,1868.5784848483527,4348.4609554501,23797.63333945,19449.1723839999,-2479.8824706017476,4416.925589232141,6896.808059833888,-3824.2004321010386,-24.964743764866796,-3799.2356883361717,-2058.9362094041685,-678.0769648616772,-1175.3818074157734,490.358013468663,134.76603325622557,-2371.100966190954,-3457.2285579443937,715.2429291220483,0.0,1391.954487066442,2780.517,3422.3538593592657,735.7031686502519,555.3104901381432,-467.18817238667543,-1664.1520281841954,-21.152868735840137,-1860.6212883857452,6228.392037652889,-8089.013326038634,-454.45211048424056,-1040.6030656631528
2025-10-01,2294.150988092844,4469.924753791061,6282.622755869797,23594.7126526599,17312.0898967901,-1812.698002078736,4766.001499338558,6578.6995014172935,-2952.8799777840827,-27.994388192763104,-2924.88558959132,-1156.3254223276967,-678.3770037937825,-1186.236709799513,777.1062120858651,-9.085912919686379,1850.2577604276194,5592.268331975491,887.0605461653486,0.0,658.0782141898578,-5363.286,-5434.575735708411,1260.4040430699647,720.6889584333358,320.7249837347999,7094.943753476911,38.81673189474982,2622.1347643336944,2698.3052421533944,-76.17047781969984,-968.3863320679043,-434.8073147455366
