fecha,sector,tramo,valor
2017-09-01,bancos,m0a3,1189.814
2017-09-01,bancos,m12a18,114.115
2017-09-01,bancos,m18a24,53.422
2017-09-01,bancos,m3a6,853.07
2017-09-01,bancos,m6a9,100.981
2017-09-01,bancos,m9a12,415.444
2017-09-01,bancos,mas_2y,1812.136
2017-09-01,bancos,pago_inmediato,518.918
2017-09-01,bcra,m0a3,703.248
2017-09-01,bcra,m12a18,0.0
2017-09-01,bcra,m18a24,0.0
2017-09-01,bcra,m3a6,447.632
2017-09-01,bcra,m6a9,1138.071
2017-09-01,bcra,m9a12,10521.886
2017-09-01,bcra,mas_2y,2384.852
2017-09-01,bcra,pago_inmediato,0.0
2017-09-01,gobierno,m0a3,5031.276
2017-09-01,gobierno,m12a18,6420.133
2017-09-01,gobierno,m18a24,12219.511
2017-09-01,gobierno,m3a6,4576.249
2017-09-01,gobierno,m6a9,7065.689
2017-09-01,gobierno,m9a12,3876.159
2017-09-01,gobierno,mas_2y,175706.098
2017-09-01,gobierno,pago_inmediato,3162.756
2017-09-01,inversion_directa,m0a3,3045.662
2017-09-01,inversion_directa,m12a18,400.628
2017-09-01,inversion_directa,m18a24,244.963
2017-09-01,inversion_directa,m3a6,1457.092
2017-09-01,inversion_directa,m6a9,719.104
2017-09-01,inversion_directa,m9a12,369.314
2017-09-01,inversion_directa,mas_2y,3120.178
2017-09-01,inversion_directa,pago_inmediato,13513.385
2017-09-01,no_financieras,m0a3,5431.018
2017-09-01,no_financieras,m12a18,2486.874
2017-09-01,no_financieras,m18a24,947.368
2017-09-01,no_financieras,m3a6,1809.955
2017-09-01,no_financieras,m6a9,850.78
2017-09-01,no_financieras,m9a12,639.206
2017-09-01,no_financieras,mas_2y,13072.32
2017-09-01,no_financieras,pago_inmediato,11338.39
2017-09-01,otras_financieras,m0a3,93.109
2017-09-01,otras_financieras,m12a18,35.619
2017-09-01,otras_financieras,m18a24,29.223
2017-09-01,otras_financieras,m3a6,59.361
2017-09-01,otras_financieras,m6a9,28.161
2017-09-01,otras_financieras,m9a12,42.978
2017-09-01,otras_financieras,mas_2y,1705.227
2017-09-01,otras_financieras,pago_inmediato,384.565
2017-09-01,otros_sectores,m0a3,5524.127
2017-09-01,otros_sectores,m12a18,2522.493
2017-09-01,otros_sectores,m18a24,976.591
2017-09-01,otros_sectores,m3a6,1869.316
2017-09-01,otros_sectores,m6a9,878.94
2017-09-01,otros_sectores,m9a12,682.184
2017-09-01,otros_sectores,mas_2y,14777.548
2017-09-01,otros_sectores,pago_inmediato,11722.954
2017-09-01,total,m0a3,15494.127
2017-09-01,total,m12a18,9457.37
2017-09-01,total,m18a24,13494.487
2017-09-01,total,m3a6,9203.359
2017-09-01,total,m6a9,9902.786
2017-09-01,total,m9a12,15864.987
2017-09-01,total,mas_2y,197800.812
2017-09-01,total,pago_inmediato,28918.013
2017-12-01,bancos,m0a3,1990.032
2017-12-01,bancos,m12a18,108.66
2017-12-01,bancos,m18a24,66.564
2017-12-01,bancos,m3a6,586.225
2017-12-01,bancos,m6a9,263.975
2017-12-01,bancos,m9a12,101.172
2017-12-01,bancos,mas_2y,2052.008
2017-12-01,bancos,pago_inmediato,681.356
2017-12-01,bcra,m0a3,1186.108
2017-12-01,bcra,m12a18,0.0
2017-12-01,bcra,m18a24,0.0
2017-12-01,bcra,m3a6,2348.002
2017-12-01,bcra,m6a9,2271.428
2017-12-01,bcra,m9a12,10757.976
2017-12-01,bcra,mas_2y,2403.141
2017-12-01,bcra,pago_inmediato,0.0
2017-12-01,gobierno,m0a3,5716.184
2017-12-01,gobierno,m12a18,17114.656
2017-12-01,gobierno,m18a24,5366.458
2017-12-01,gobierno,m3a6,8671.351
2017-12-01,gobierno,m6a9,4599.842
2017-12-01,gobierno,m9a12,6319.466
2017-12-01,gobierno,mas_2y,178191.755
2017-12-01,gobierno,pago_inmediato,3178.726
2017-12-01,inversion_directa,m0a3,4587.527
2017-12-01,inversion_directa,m12a18,318.229
2017-12-01,inversion_directa,m18a24,209.503
2017-12-01,inversion_directa,m3a6,1250.193
2017-12-01,inversion_directa,m6a9,710.929
2017-12-01,inversion_directa,m9a12,445.484
2017-12-01,inversion_directa,mas_2y,4028.7
2017-12-01,inversion_directa,pago_inmediato,12232.581
2017-12-01,no_financieras,m0a3,6559.475
2017-12-01,no_financieras,m12a18,2073.674
2017-12-01,no_financieras,m18a24,1050.588
2017-12-01,no_financieras,m3a6,1527.757
2017-12-01,no_financieras,m6a9,970.268
2017-12-01,no_financieras,m9a12,620.175
2017-12-01,no_financieras,mas_2y,14964.838
2017-12-01,no_financieras,pago_inmediato,11148.274
2017-12-01,otras_financieras,m0a3,684.882
2017-12-01,otras_financieras,m12a18,15.451
2017-12-01,otras_financieras,m18a24,20.054
2017-12-01,otras_financieras,m3a6,29.47
2017-12-01,otras_financieras,m6a9,34.743
2017-12-01,otras_financieras,m9a12,8.189
2017-12-01,otras_financieras,mas_2y,1949.484
2017-12-01,otras_financieras,pago_inmediato,319.408
2017-12-01,otros_sectores,m0a3,7244.357
2017-12-01,otros_sectores,m12a18,2089.125
2017-12-01,otros_sectores,m18a24,1070.642
2017-12-01,otros_sectores,m3a6,1557.227
2017-12-01,otros_sectores,m6a9,1005.011
2017-12-01,otros_sectores,m9a12,628.364
2017-12-01,otros_sectores,mas_2y,16914.322
2017-12-01,otros_sectores,pago_inmediato,11467.681
2017-12-01,total,m0a3,18986.78
2017-12-01,total,m12a18,14936.978
2017-12-01,total,m18a24,2486.658
2017-12-01,total,m3a6,11188.845
2017-12-01,total,m6a9,7385.863
2017-12-01,total,m9a12,15262.557
2017-12-01,total,mas_2y,134934.842
2017-12-01,total,pago_inmediato,27560.344
2018-03-01,bancos,m0a3,2111.415
2018-03-01,bancos,m12a18,115.287
2018-03-01,bancos,m18a24,70.624
2018-03-01,bancos,m3a6,621.982
2018-03-01,bancos,m6a9,280.077
2018-03-01,bancos,m9a12,107.343
2018-03-01,bancos,mas_2y,2177.171
2018-03-01,bancos,pago_inmediato,722.915
2018-03-01,bcra,m0a3,5474.836
2018-03-01,bcra,m12a18,0.0
2018-03-01,bcra,m18a24,0.0
2018-03-01,bcra,m3a6,4072.22
2018-03-01,bcra,m6a9,726.454
2018-03-01,bcra,m9a12,11171.482
2018-03-01,bcra,mas_2y,2459.562
2018-03-01,bcra,pago_inmediato,0.0
2018-03-01,gobierno,m0a3,12787.733
2018-03-01,gobierno,m12a18,18896.411
2018-03-01,gobierno,m18a24,7718.186
2018-03-01,gobierno,m3a6,9217.987
2018-03-01,gobierno,m6a9,7947.926
2018-03-01,gobierno,m9a12,11029.397
2018-03-01,gobierno,mas_2y,165703.148
2018-03-01,gobierno,pago_inmediato,3206.387
2018-03-01,inversion_directa,m0a3,4616.382
2018-03-01,inversion_directa,m12a18,320.231
2018-03-01,inversion_directa,m18a24,210.821
2018-03-01,inversion_directa,m3a6,1258.056
2018-03-01,inversion_directa,m6a9,715.4
2018-03-01,inversion_directa,m9a12,448.286
2018-03-01,inversion_directa,mas_2y,4054.04
2018-03-01,inversion_directa,pago_inmediato,12309.522
2018-03-01,no_financieras,m0a3,7396.525
2018-03-01,no_financieras,m12a18,2338.294
2018-03-01,no_financieras,m18a24,1184.653
2018-03-01,no_financieras,m3a6,1722.713
2018-03-01,no_financieras,m6a9,1094.083
2018-03-01,no_financieras,m9a12,699.316
2018-03-01,no_financieras,mas_2y,16874.491
2018-03-01,no_financieras,pago_inmediato,12570.897
2018-03-01,otras_financieras,m0a3,796.214
2018-03-01,otras_financieras,m12a18,17.963
2018-03-01,otras_financieras,m18a24,23.314
2018-03-01,otras_financieras,m3a6,34.261
2018-03-01,otras_financieras,m6a9,40.391
2018-03-01,otras_financieras,m9a12,9.52
2018-03-01,otras_financieras,mas_2y,2266.383
2018-03-01,otras_financieras,pago_inmediato,371.329
2018-03-01,otros_sectores,m0a3,8192.739
2018-03-01,otros_sectores,m12a18,2356.257
2018-03-01,otros_sectores,m18a24,1207.967
2018-03-01,otros_sectores,m3a6,1756.974
2018-03-01,otros_sectores,m6a9,1134.474
2018-03-01,otros_sectores,m9a12,708.835
2018-03-01,otros_sectores,mas_2y,19140.875
2018-03-01,otros_sectores,pago_inmediato,12942.227
2018-03-01,total,m0a3,33183.104
2018-03-01,total,m12a18,21688.186
2018-03-01,total,m18a24,9207.598
2018-03-01,total,m3a6,16927.219
2018-03-01,total,m6a9,10804.33
2018-03-01,total,m9a12,23465.343
2018-03-01,total,mas_2y,193534.795
2018-03-01,total,pago_inmediato,29181.051
2018-06-01,bancos,m0a3,2206.554
2018-06-01,bancos,m12a18,120.482
2018-06-01,bancos,m18a24,73.807
2018-06-01,bancos,m3a6,650.008
2018-06-01,bancos,m6a9,292.697
2018-06-01,bancos,m9a12,112.179
2018-06-01,bancos,mas_2y,2275.272
2018-06-01,bancos,pago_inmediato,755.489
2018-06-01,bcra,m0a3,4584.7
2018-06-01,bcra,m12a18,11.761
2018-06-01,bcra,m18a24,11.761
2018-06-01,bcra,m3a6,1160.35
2018-06-01,bcra,m6a9,5.88
2018-06-01,bcra,m9a12,13077.88
2018-06-01,bcra,mas_2y,2385.263
2018-06-01,bcra,pago_inmediato,0.0
2018-06-01,gobierno,m0a3,3145.084
2018-06-01,gobierno,m12a18,7121.271
2018-06-01,gobierno,m18a24,12029.624
2018-06-01,gobierno,m3a6,8787.936
2018-06-01,gobierno,m6a9,5585.084
2018-06-01,gobierno,m9a12,12827.433
2018-06-01,gobierno,mas_2y,198915.74
2018-06-01,gobierno,pago_inmediato,3175.108
2018-06-01,inversion_directa,m0a3,4498.675
2018-06-01,inversion_directa,m12a18,312.066
2018-06-01,inversion_directa,m18a24,205.445
2018-06-01,inversion_directa,m3a6,1225.979
2018-06-01,inversion_directa,m6a9,697.159
2018-06-01,inversion_directa,m9a12,436.856
2018-06-01,inversion_directa,mas_2y,3950.671
2018-06-01,inversion_directa,pago_inmediato,11995.658
2018-06-01,no_financieras,m0a3,7921.93
2018-06-01,no_financieras,m12a18,2504.393
2018-06-01,no_financieras,m18a24,1268.804
2018-06-01,no_financieras,m3a6,1845.084
2018-06-01,no_financieras,m6a9,1171.8
2018-06-01,no_financieras,m9a12,748.991
2018-06-01,no_financieras,mas_2y,18073.155
2018-06-01,no_financieras,pago_inmediato,13463.859
2018-06-01,otras_financieras,m0a3,816.496
2018-06-01,otras_financieras,m12a18,18.42
2018-06-01,otras_financieras,m18a24,23.908
2018-06-01,otras_financieras,m3a6,35.134
2018-06-01,otras_financieras,m6a9,41.42
2018-06-01,otras_financieras,m9a12,9.762
2018-06-01,otras_financieras,mas_2y,2324.117
2018-06-01,otras_financieras,pago_inmediato,380.788
2018-06-01,otros_sectores,m0a3,8738.426
2018-06-01,otros_sectores,m12a18,2522.813
2018-06-01,otros_sectores,m18a24,1292.712
2018-06-01,otros_sectores,m3a6,1880.218
2018-06-01,otros_sectores,m6a9,1213.22
2018-06-01,otros_sectores,m9a12,758.753
2018-06-01,otros_sectores,mas_2y,20397.272
2018-06-01,otros_sectores,pago_inmediato,13844.648
2018-06-01,total,m0a3,23173.44
2018-06-01,total,m12a18,10088.392
2018-06-01,total,m18a24,13613.348
2018-06-01,total,m3a6,13704.491
2018-06-01,total,m6a9,7794.041
2018-06-01,total,m9a12,27213.102
2018-06-01,total,mas_2y,227924.219
2018-06-01,total,pago_inmediato,29770.903
2018-09-01,bancos,m0a3,1965.114
2018-09-01,bancos,m12a18,107.299
2018-09-01,bancos,m18a24,65.731
2018-09-01,bancos,m3a6,578.884
2018-09-01,bancos,m6a9,260.67
2018-09-01,bancos,m9a12,99.905
2018-09-01,bancos,mas_2y,2026.313
2018-09-01,bancos,pago_inmediato,672.824
2018-09-01,bcra,m0a3,1625.301
2018-09-01,bcra,m12a18,11.678
2018-09-01,bcra,m18a24,11.678
2018-09-01,bcra,m3a6,21.989
2018-09-01,bcra,m6a9,21.989
2018-09-01,bcra,m9a12,12712.989
2018-09-01,bcra,mas_2y,2354.401
2018-09-01,bcra,pago_inmediato,0.0
2018-09-01,gobierno,m0a3,8782.587
2018-09-01,gobierno,m12a18,3106.885
2018-09-01,gobierno,m18a24,5029.714
2018-09-01,gobierno,m3a6,8688.462
2018-09-01,gobierno,m6a9,12128.29
2018-09-01,gobierno,m9a12,4353.586
2018-09-01,gobierno,mas_2y,199777.237
2018-09-01,gobierno,pago_inmediato,3143.099
2018-09-01,inversion_directa,m0a3,4426.553
2018-09-01,inversion_directa,m12a18,307.063
2018-09-01,inversion_directa,m18a24,202.152
2018-09-01,inversion_directa,m3a6,1206.324
2018-09-01,inversion_directa,m6a9,685.983
2018-09-01,inversion_directa,m9a12,429.852
2018-09-01,inversion_directa,mas_2y,3887.334
2018-09-01,inversion_directa,pago_inmediato,11803.345
2018-09-01,no_financieras,m0a3,8021.356
2018-09-01,no_financieras,m12a18,2535.824
2018-09-01,no_financieras,m18a24,1284.728
2018-09-01,no_financieras,m3a6,1868.242
2018-09-01,no_financieras,m6a9,1186.507
2018-09-01,no_financieras,m9a12,758.391
2018-09-01,no_financieras,mas_2y,18299.986
2018-09-01,no_financieras,pago_inmediato,13632.84
2018-09-01,otras_financieras,m0a3,830.029
2018-09-01,otras_financieras,m12a18,18.726
2018-09-01,otras_financieras,m18a24,24.304
2018-09-01,otras_financieras,m3a6,35.716
2018-09-01,otras_financieras,m6a9,42.106
2018-09-01,otras_financieras,m9a12,9.924
2018-09-01,otras_financieras,mas_2y,2362.638
2018-09-01,otras_financieras,pago_inmediato,387.1
2018-09-01,otros_sectores,m0a3,8851.385
2018-09-01,otros_sectores,m12a18,2554.55
2018-09-01,otros_sectores,m18a24,1309.033
2018-09-01,otros_sectores,m3a6,1903.958
2018-09-01,otros_sectores,m6a9,1228.613
2018-09-01,otros_sectores,m9a12,768.315
2018-09-01,otros_sectores,mas_2y,20662.625
2018-09-01,otros_sectores,pago_inmediato,14019.94
2018-09-01,total,m0a3,25650.94
2018-09-01,total,m12a18,6087.475
2018-09-01,total,m18a24,6618.306
2018-09-01,total,m3a6,12399.616
2018-09-01,total,m6a9,14325.545
2018-09-01,total,m9a12,18364.647
2018-09-01,total,mas_2y,228707.91
2018-09-01,total,pago_inmediato,29639.208
2018-12-01,bancos,m0a3,1918.58
2018-12-01,bancos,m12a18,104.758
2018-12-01,bancos,m18a24,64.174
2018-12-01,bancos,m3a6,565.176
2018-12-01,bancos,m6a9,254.497
2018-12-01,bancos,m9a12,97.539
2018-12-01,bancos,mas_2y,1978.33
2018-12-01,bancos,pago_inmediato,656.891
2018-12-01,bcra,m0a3,6.671
2018-12-01,bcra,m12a18,13.342
2018-12-01,bcra,m18a24,13.342
2018-12-01,bcra,m3a6,6.671
2018-12-01,bcra,m6a9,6.671
2018-12-01,bcra,m9a12,21406.14
2018-12-01,bcra,mas_2y,2346.875
2018-12-01,bcra,pago_inmediato,0.0
2018-12-01,gobierno,m0a3,6754.209
2018-12-01,gobierno,m12a18,13514.81
2018-12-01,gobierno,m18a24,4639.506
2018-12-01,gobierno,m3a6,15349.553
2018-12-01,gobierno,m6a9,3053.053
2018-12-01,gobierno,m9a12,2675.202
2018-12-01,gobierno,mas_2y,211496.339
2018-12-01,gobierno,pago_inmediato,3179.0
2018-12-01,inversion_directa,m0a3,4578.305
2018-12-01,inversion_directa,m12a18,317.589
2018-12-01,inversion_directa,m18a24,209.082
2018-12-01,inversion_directa,m3a6,1247.68
2018-12-01,inversion_directa,m6a9,709.5
2018-12-01,inversion_directa,m9a12,444.589
2018-12-01,inversion_directa,mas_2y,4020.601
2018-12-01,inversion_directa,pago_inmediato,12207.99
2018-12-01,no_financieras,m0a3,7961.754
2018-12-01,no_financieras,m12a18,2516.982
2018-12-01,no_financieras,m18a24,1275.182
2018-12-01,no_financieras,m3a6,1854.36
2018-12-01,no_financieras,m6a9,1177.691
2018-12-01,no_financieras,m9a12,752.756
2018-12-01,no_financieras,mas_2y,18164.01
2018-12-01,no_financieras,pago_inmediato,13531.543
2018-12-01,otras_financieras,m0a3,890.7
2018-12-01,otras_financieras,m12a18,20.094
2018-12-01,otras_financieras,m18a24,26.081
2018-12-01,otras_financieras,m3a6,38.327
2018-12-01,otras_financieras,m6a9,45.184
2018-12-01,otras_financieras,m9a12,10.65
2018-12-01,otras_financieras,mas_2y,2535.334
2018-12-01,otras_financieras,pago_inmediato,415.395
2018-12-01,otros_sectores,m0a3,8852.454
2018-12-01,otros_sectores,m12a18,2537.077
2018-12-01,otros_sectores,m18a24,1301.263
2018-12-01,otros_sectores,m3a6,1892.687
2018-12-01,otros_sectores,m6a9,1222.875
2018-12-01,otros_sectores,m9a12,763.406
2018-12-01,otros_sectores,mas_2y,20699.344
2018-12-01,otros_sectores,pago_inmediato,13946.938
2018-12-01,total,m0a3,22110.219
2018-12-01,total,m12a18,16487.576
2018-12-01,total,m18a24,6227.367
2018-12-01,total,m3a6,19061.766
2018-12-01,total,m6a9,5246.596
2018-12-01,total,m9a12,25386.875
2018-12-01,total,mas_2y,240541.489
2018-12-01,total,pago_inmediato,29990.82
2019-03-01,bancos,m0a3,1902.489
2019-03-01,bancos,m12a18,103.879
2019-03-01,bancos,m18a24,63.636
2019-03-01,bancos,m3a6,560.436
2019-03-01,bancos,m6a9,252.363
2019-03-01,bancos,m9a12,96.721
2019-03-01,bancos,mas_2y,1961.738
2019-03-01,bancos,pago_inmediato,651.382
2019-03-01,bcra,m0a3,6.731
2019-03-01,bcra,m12a18,13.463
2019-03-01,bcra,m18a24,13.463
2019-03-01,bcra,m3a6,6.731
2019-03-01,bcra,m6a9,6.731
2019-03-01,bcra,m9a12,21874.738
2019-03-01,bcra,mas_2y,2349.524
2019-03-01,bcra,pago_inmediato,0.0
2019-03-01,gobierno,m0a3,15549.633
2019-03-01,gobierno,m12a18,11539.316
2019-03-01,gobierno,m18a24,6977.096
2019-03-01,gobierno,m3a6,5049.845
2019-03-01,gobierno,m6a9,5604.594
2019-03-01,gobierno,m9a12,6235.63
2019-03-01,gobierno,mas_2y,207161.917
2019-03-01,gobierno,pago_inmediato,2804.841
2019-03-01,inversion_directa,m0a3,4568.688
2019-03-01,inversion_directa,m12a18,316.922
2019-03-01,inversion_directa,m18a24,208.643
2019-03-01,inversion_directa,m3a6,1245.059
2019-03-01,inversion_directa,m6a9,708.009
2019-03-01,inversion_directa,m9a12,443.655
2019-03-01,inversion_directa,mas_2y,4012.156
2019-03-01,inversion_directa,pago_inmediato,12182.348
2019-03-01,no_financieras,m0a3,8158.57
2019-03-01,no_financieras,m12a18,2579.203
2019-03-01,no_financieras,m18a24,1306.705
2019-03-01,no_financieras,m3a6,1900.2
2019-03-01,no_financieras,m6a9,1206.804
2019-03-01,no_financieras,m9a12,771.364
2019-03-01,no_financieras,mas_2y,18613.027
2019-03-01,no_financieras,pago_inmediato,13866.045
2019-03-01,otras_financieras,m0a3,935.216
2019-03-01,otras_financieras,m12a18,21.099
2019-03-01,otras_financieras,m18a24,27.384
2019-03-01,otras_financieras,m3a6,40.242
2019-03-01,otras_financieras,m6a9,47.442
2019-03-01,otras_financieras,m9a12,11.182
2019-03-01,otras_financieras,mas_2y,2662.047
2019-03-01,otras_financieras,pago_inmediato,436.156
2019-03-01,otros_sectores,m0a3,9093.786
2019-03-01,otros_sectores,m12a18,2600.301
2019-03-01,otros_sectores,m18a24,1334.089
2019-03-01,otros_sectores,m3a6,1940.442
2019-03-01,otros_sectores,m6a9,1254.246
2019-03-01,otros_sectores,m9a12,782.546
2019-03-01,otros_sectores,mas_2y,21275.074
2019-03-01,otros_sectores,pago_inmediato,14302.201
2019-03-01,total,m0a3,31121.328
2019-03-01,total,m12a18,14573.882
2019-03-01,total,m18a24,8596.926
2019-03-01,total,m3a6,8802.514
2019-03-01,total,m6a9,7825.944
2019-03-01,total,m9a12,29433.291
2019-03-01,total,mas_2y,236760.409
2019-03-01,total,pago_inmediato,29940.771
2019-06-01,bancos,m0a3,1811.99
2019-06-01,bancos,m12a18,98.938
2019-06-01,bancos,m18a24,60.609
2019-06-01,bancos,m3a6,533.777
2019-06-01,bancos,m6a9,240.358
2019-06-01,bancos,m9a12,92.12
2019-06-01,bancos,mas_2y,1868.42
2019-06-01,bancos,pago_inmediato,620.397
2019-06-01,bcra,m0a3,5.859
2019-06-01,bcra,m12a18,11.718
2019-06-01,bcra,m18a24,11.718
2019-06-01,bcra,m3a6,5.859
2019-06-01,bcra,m6a9,5.859
2019-06-01,bcra,m9a12,21437.859
2019-06-01,bcra,mas_2y,2345.896
2019-06-01,bcra,pago_inmediato,0.0
2019-06-01,gobierno,m0a3,8663.505
2019-06-01,gobierno,m12a18,7510.529
2019-06-01,gobierno,m18a24,12808.591
2019-06-01,gobierno,m3a6,5241.312
2019-06-01,gobierno,m6a9,5571.182
2019-06-01,gobierno,m9a12,10902.098
2019-06-01,gobierno,mas_2y,213975.991
2019-06-01,gobierno,pago_inmediato,2775.192
2019-06-01,inversion_directa,m0a3,4577.168
2019-06-01,inversion_directa,m12a18,317.511
2019-06-01,inversion_directa,m18a24,209.03
2019-06-01,inversion_directa,m3a6,1247.37
2019-06-01,inversion_directa,m6a9,709.323
2019-06-01,inversion_directa,m9a12,444.478
2019-06-01,inversion_directa,mas_2y,4019.602
2019-06-01,inversion_directa,pago_inmediato,12204.958
2019-06-01,no_financieras,m0a3,8533.181
2019-06-01,no_financieras,m12a18,2697.63
2019-06-01,no_financieras,m18a24,1366.704
2019-06-01,no_financieras,m3a6,1987.45
2019-06-01,no_financieras,m6a9,1262.216
2019-06-01,no_financieras,m9a12,806.782
2019-06-01,no_financieras,mas_2y,19467.668
2019-06-01,no_financieras,pago_inmediato,14502.722
2019-06-01,otras_financieras,m0a3,925.935
2019-06-01,otras_financieras,m12a18,20.889
2019-06-01,otras_financieras,m18a24,27.112
2019-06-01,otras_financieras,m3a6,39.843
2019-06-01,otras_financieras,m6a9,46.971
2019-06-01,otras_financieras,m9a12,11.071
2019-06-01,otras_financieras,mas_2y,2635.628
2019-06-01,otras_financieras,pago_inmediato,431.827
2019-06-01,otros_sectores,m0a3,9459.116
2019-06-01,otros_sectores,m12a18,2718.519
2019-06-01,otros_sectores,m18a24,1393.816
2019-06-01,otros_sectores,m3a6,2027.293
2019-06-01,otros_sectores,m6a9,1309.187
2019-06-01,otros_sectores,m9a12,817.853
2019-06-01,otros_sectores,mas_2y,22103.297
2019-06-01,otros_sectores,pago_inmediato,14934.55
2019-06-01,total,m0a3,24517.638
2019-06-01,total,m12a18,10657.215
2019-06-01,total,m18a24,14483.764
2019-06-01,total,m3a6,9055.61
2019-06-01,total,m6a9,7835.909
2019-06-01,total,m9a12,33694.408
2019-06-01,total,mas_2y,244313.206
2019-06-01,total,pago_inmediato,30535.096
2019-09-01,bancos,m0a3,1672.806
2019-09-01,bancos,m12a18,91.338
2019-09-01,bancos,m18a24,55.953
2019-09-01,bancos,m3a6,492.776
2019-09-01,bancos,m6a9,221.896
2019-09-01,bancos,m9a12,85.044
2019-09-01,bancos,mas_2y,1724.902
2019-09-01,bancos,pago_inmediato,572.742
2019-09-01,bcra,m0a3,4.86
2019-09-01,bcra,m12a18,9.72
2019-09-01,bcra,m18a24,9.72
2019-09-01,bcra,m3a6,4.86
2019-09-01,bcra,m6a9,4.86
2019-09-01,bcra,m9a12,20690.69
2019-09-01,bcra,mas_2y,2300.504
2019-09-01,bcra,pago_inmediato,0.0
2019-09-01,gobierno,m0a3,4306.14
2019-09-01,gobierno,m12a18,8123.976
2019-09-01,gobierno,m18a24,14108.539
2019-09-01,gobierno,m3a6,6290.476
2019-09-01,gobierno,m6a9,9535.815
2019-09-01,gobierno,m9a12,2820.912
2019-09-01,gobierno,mas_2y,213388.426
2019-09-01,gobierno,pago_inmediato,2738.553
2019-09-01,inversion_directa,m0a3,4451.137
2019-09-01,inversion_directa,m12a18,308.768
2019-09-01,inversion_directa,m18a24,203.274
2019-09-01,inversion_directa,m3a6,1213.024
2019-09-01,inversion_directa,m6a9,689.792
2019-09-01,inversion_directa,m9a12,432.24
2019-09-01,inversion_directa,mas_2y,3908.924
2019-09-01,inversion_directa,pago_inmediato,11868.898
2019-09-01,no_financieras,m0a3,8393.871
2019-09-01,no_financieras,m12a18,2653.589
2019-09-01,no_financieras,m18a24,1344.392
2019-09-01,no_financieras,m3a6,1955.003
2019-09-01,no_financieras,m6a9,1241.609
2019-09-01,no_financieras,m9a12,793.611
2019-09-01,no_financieras,mas_2y,19149.844
2019-09-01,no_financieras,pago_inmediato,14265.955
2019-09-01,otras_financieras,m0a3,890.415
2019-09-01,otras_financieras,m12a18,20.088
2019-09-01,otras_financieras,m18a24,26.072
2019-09-01,otras_financieras,m3a6,38.314
2019-09-01,otras_financieras,m6a9,45.17
2019-09-01,otras_financieras,m9a12,10.646
2019-09-01,otras_financieras,mas_2y,2534.523
2019-09-01,otras_financieras,pago_inmediato,415.262
2019-09-01,otros_sectores,m0a3,9284.286
2019-09-01,otros_sectores,m12a18,2673.677
2019-09-01,otros_sectores,m18a24,1370.464
2019-09-01,otros_sectores,m3a6,1993.318
2019-09-01,otros_sectores,m6a9,1286.779
2019-09-01,otros_sectores,m9a12,804.257
2019-09-01,otros_sectores,mas_2y,21684.367
2019-09-01,otros_sectores,pago_inmediato,14681.216
2019-09-01,total,m0a3,19719.228
2019-09-01,total,m12a18,11207.479
2019-09-01,total,m18a24,15747.95
2019-09-01,total,m3a6,9994.453
2019-09-01,total,m6a9,11739.141
2019-09-01,total,m9a12,24833.143
2019-09-01,total,mas_2y,243007.123
2019-09-01,total,pago_inmediato,29861.41
2019-12-01,bancos,m0a3,1619.61
2019-12-01,bancos,m12a18,88.434
2019-12-01,bancos,m18a24,54.174
2019-12-01,bancos,m3a6,477.105
2019-12-01,bancos,m6a9,214.839
2019-12-01,bancos,m9a12,82.34
2019-12-01,bancos,mas_2y,1670.049
2019-12-01,bancos,pago_inmediato,554.529
2019-12-01,bcra,m0a3,4.317
2019-12-01,bcra,m12a18,8.634
2019-12-01,bcra,m18a24,8.634
2019-12-01,bcra,m3a6,4.317
2019-12-01,bcra,m6a9,4.317
2019-12-01,bcra,m9a12,22173.894
2019-12-01,bcra,mas_2y,2333.435
2019-12-01,bcra,pago_inmediato,0.0
2019-12-01,gobierno,m0a3,6448.084
2019-12-01,gobierno,m12a18,12582.394
2019-12-01,gobierno,m18a24,10108.249
2019-12-01,gobierno,m3a6,9418.942
2019-12-01,gobierno,m6a9,3697.765
2019-12-01,gobierno,m9a12,4760.905
2019-12-01,gobierno,mas_2y,206092.268
2019-12-01,gobierno,pago_inmediato,2762.906
2019-12-01,inversion_directa,m0a3,4407.586
2019-12-01,inversion_directa,m12a18,305.747
2019-12-01,inversion_directa,m18a24,201.285
2019-12-01,inversion_directa,m3a6,1201.155
2019-12-01,inversion_directa,m6a9,683.043
2019-12-01,inversion_directa,m9a12,428.011
2019-12-01,inversion_directa,mas_2y,3870.678
2019-12-01,inversion_directa,pago_inmediato,11752.769
2019-12-01,no_financieras,m0a3,8204.272
2019-12-01,no_financieras,m12a18,2593.65
2019-12-01,no_financieras,m18a24,1314.025
2019-12-01,no_financieras,m3a6,1910.844
2019-12-01,no_financieras,m6a9,1213.564
2019-12-01,no_financieras,m9a12,775.685
2019-12-01,no_financieras,mas_2y,18717.292
2019-12-01,no_financieras,pago_inmediato,13943.719
2019-12-01,otras_financieras,m0a3,904.202
2019-12-01,otras_financieras,m12a18,20.399
2019-12-01,otras_financieras,m18a24,26.476
2019-12-01,otras_financieras,m3a6,38.908
2019-12-01,otras_financieras,m6a9,45.869
2019-12-01,otras_financieras,m9a12,10.811
2019-12-01,otras_financieras,mas_2y,2573.767
2019-12-01,otras_financieras,pago_inmediato,421.692
2019-12-01,otros_sectores,m0a3,9108.474
2019-12-01,otros_sectores,m12a18,2614.049
2019-12-01,otros_sectores,m18a24,1340.501
2019-12-01,otros_sectores,m3a6,1949.752
2019-12-01,otros_sectores,m6a9,1259.433
2019-12-01,otros_sectores,m9a12,786.496
2019-12-01,otros_sectores,mas_2y,21291.06
2019-12-01,otros_sectores,pago_inmediato,14365.41
2019-12-01,total,m0a3,21588.07
2019-12-01,total,m12a18,15599.257
2019-12-01,total,m18a24,11712.843
2019-12-01,total,m3a6,13051.271
2019-12-01,total,m6a9,5859.397
2019-12-01,total,m9a12,28231.645
2019-12-01,total,mas_2y,235257.489
2019-12-01,total,pago_inmediato,29435.615
2020-03-01,bancos,m0a3,1500.844
2020-03-01,bancos,m12a18,81.949
2020-03-01,bancos,m18a24,50.201
2020-03-01,bancos,m3a6,442.119
2020-03-01,bancos,m6a9,199.085
2020-03-01,bancos,m9a12,76.302
2020-03-01,bancos,mas_2y,1547.585
2020-03-01,bancos,pago_inmediato,513.865
2020-03-01,bcra,m0a3,2.879
2020-03-01,bcra,m12a18,5.758
2020-03-01,bcra,m18a24,5.758
2020-03-01,bcra,m3a6,2.879
2020-03-01,bcra,m6a9,2.879
2020-03-01,bcra,m9a12,20858.879
2020-03-01,bcra,mas_2y,2303.015
2020-03-01,bcra,pago_inmediato,0.0
2020-03-01,gobierno,m0a3,7968.159
2020-03-01,gobierno,m12a18,14153.022
2020-03-01,gobierno,m18a24,17715.908
2020-03-01,gobierno,m3a6,3378.027
2020-03-01,gobierno,m6a9,3859.373
2020-03-01,gobierno,m9a12,3088.672
2020-03-01,gobierno,mas_2y,194170.031
2020-03-01,gobierno,pago_inmediato,2763.196
2020-03-01,inversion_directa,m0a3,4417.853
2020-03-01,inversion_directa,m12a18,306.459
2020-03-01,inversion_directa,m18a24,201.754
2020-03-01,inversion_directa,m3a6,1203.953
2020-03-01,inversion_directa,m6a9,684.634
2020-03-01,inversion_directa,m9a12,429.008
2020-03-01,inversion_directa,mas_2y,3879.694
2020-03-01,inversion_directa,pago_inmediato,11780.146
2020-03-01,no_financieras,m0a3,8332.965
2020-03-01,no_financieras,m12a18,2634.335
2020-03-01,no_financieras,m18a24,1334.637
2020-03-01,no_financieras,m3a6,1940.818
2020-03-01,no_financieras,m6a9,1232.6
2020-03-01,no_financieras,m9a12,787.853
2020-03-01,no_financieras,mas_2y,19010.892
2020-03-01,no_financieras,pago_inmediato,14162.44
2020-03-01,otras_financieras,m0a3,903.861
2020-03-01,otras_financieras,m12a18,20.391
2020-03-01,otras_financieras,m18a24,26.466
2020-03-01,otras_financieras,m3a6,38.893
2020-03-01,otras_financieras,m6a9,45.852
2020-03-01,otras_financieras,m9a12,10.807
2020-03-01,otras_financieras,mas_2y,2572.797
2020-03-01,otras_financieras,pago_inmediato,421.533
2020-03-01,otros_sectores,m0a3,9236.826
2020-03-01,otros_sectores,m12a18,2654.726
2020-03-01,otros_sectores,m18a24,1361.103
2020-03-01,otros_sectores,m3a6,1979.711
2020-03-01,otros_sectores,m6a9,1278.452
2020-03-01,otros_sectores,m9a12,798.66
2020-03-01,otros_sectores,mas_2y,21583.689
2020-03-01,otros_sectores,pago_inmediato,14583.973
2020-03-01,total,m0a3,23126.56
2020-03-01,total,m12a18,17201.913
2020-03-01,total,m18a24,19334.724
2020-03-01,total,m3a6,7006.689
2020-03-01,total,m6a9,6024.423
2020-03-01,total,m9a12,25251.52
2020-03-01,total,mas_2y,223484.014
2020-03-01,total,pago_inmediato,29641.181
2020-06-01,bancos,m0a3,1299.715
2020-06-01,bancos,m12a18,70.967
2020-06-01,bancos,m18a24,43.474
2020-06-01,bancos,m3a6,382.871
2020-06-01,bancos,m6a9,172.406
2020-06-01,bancos,m9a12,66.076
2020-06-01,bancos,mas_2y,1340.192
2020-06-01,bancos,pago_inmediato,445.002
2020-06-01,bcra,m0a3,4.121
2020-06-01,bcra,m12a18,8.241
2020-06-01,bcra,m18a24,8.241
2020-06-01,bcra,m3a6,4.121
2020-06-01,bcra,m6a9,4.121
2020-06-01,bcra,m9a12,21403.645
2020-06-01,bcra,mas_2y,2321.41
2020-06-01,bcra,pago_inmediato,0.0
2020-06-01,gobierno,m0a3,2332.739
2020-06-01,gobierno,m12a18,9646.766
2020-06-01,gobierno,m18a24,19446.268
2020-06-01,gobierno,m3a6,5098.774
2020-06-01,gobierno,m6a9,3079.905
2020-06-01,gobierno,m9a12,11663.61
2020-06-01,gobierno,mas_2y,188463.865
2020-06-01,gobierno,pago_inmediato,2765.142
2020-06-01,inversion_directa,m0a3,4405.171
2020-06-01,inversion_directa,m12a18,305.579
2020-06-01,inversion_directa,m18a24,201.175
2020-06-01,inversion_directa,m3a6,1200.497
2020-06-01,inversion_directa,m6a9,682.669
2020-06-01,inversion_directa,m9a12,427.776
2020-06-01,inversion_directa,mas_2y,3868.557
2020-06-01,inversion_directa,pago_inmediato,11746.331
2020-06-01,no_financieras,m0a3,9422.77
2020-06-01,no_financieras,m12a18,2279.955
2020-06-01,no_financieras,m18a24,1178.846
2020-06-01,no_financieras,m3a6,2162.017
2020-06-01,no_financieras,m6a9,1297.586
2020-06-01,no_financieras,m9a12,750.671
2020-06-01,no_financieras,mas_2y,19585.036
2020-06-01,no_financieras,pago_inmediato,12503.634
2020-06-01,otras_financieras,m0a3,907.548
2020-06-01,otras_financieras,m12a18,20.964
2020-06-01,otras_financieras,m18a24,27.209
2020-06-01,otras_financieras,m3a6,19.05
2020-06-01,otras_financieras,m6a9,47.139
2020-06-01,otras_financieras,m9a12,11.11
2020-06-01,otras_financieras,mas_2y,2645.052
2020-06-01,otras_financieras,pago_inmediato,312.027
2020-06-01,otros_sectores,m0a3,10330.318
2020-06-01,otros_sectores,m12a18,2300.919
2020-06-01,otros_sectores,m18a24,1206.055
2020-06-01,otros_sectores,m3a6,2181.067
2020-06-01,otros_sectores,m6a9,1344.726
2020-06-01,otros_sectores,m9a12,761.781
2020-06-01,otros_sectores,mas_2y,22230.088
2020-06-01,otros_sectores,pago_inmediato,12815.661
2020-06-01,total,m0a3,18372.063
2020-06-01,total,m12a18,12332.472
2020-06-01,total,m18a24,20905.213
2020-06-01,total,m3a6,8867.33
2020-06-01,total,m6a9,5283.826
2020-06-01,total,m9a12,34322.889
2020-06-01,total,mas_2y,218224.113
2020-06-01,total,pago_inmediato,27772.136
2020-09-01,bancos,m0a3,2100.698
2020-09-01,bancos,m12a18,146.255
2020-09-01,bancos,m18a24,147.48
2020-09-01,bancos,m3a6,69.74
2020-09-01,bancos,m6a9,85.201
2020-09-01,bancos,m9a12,42.504
2020-09-01,bancos,mas_2y,1631.948
2020-09-01,bancos,pago_inmediato,32.216
2020-09-01,bancos,sin_fecha,57.554
2020-09-01,bcra,m0a3,4.572
2020-09-01,bcra,m12a18,9.144
2020-09-01,bcra,m18a24,4.572
2020-09-01,bcra,m3a6,4.572
2020-09-01,bcra,m6a9,22147.556
2020-09-01,bcra,m9a12,4.572
2020-09-01,bcra,mas_2y,2375.19
2020-09-01,bcra,pago_inmediato,0.0
2020-09-01,bcra,sin_fecha,0.0
2020-09-01,gobierno,m0a3,2559.858
2020-09-01,gobierno,m12a18,15035.579
2020-09-01,gobierno,m18a24,18097.559
2020-09-01,gobierno,m3a6,8756.724
2020-09-01,gobierno,m6a9,7636.465
2020-09-01,gobierno,m9a12,5291.685
2020-09-01,gobierno,mas_2y,126185.658
2020-09-01,gobierno,pago_inmediato,2803.14
2020-09-01,gobierno,sin_fecha,0.0
2020-09-01,inversion_directa,m0a3,8690.456
2020-09-01,inversion_directa,m12a18,399.027
2020-09-01,inversion_directa,m18a24,414.901
2020-09-01,inversion_directa,m3a6,1143.446
2020-09-01,inversion_directa,m6a9,488.817
2020-09-01,inversion_directa,m9a12,594.204
2020-09-01,inversion_directa,mas_2y,4250.357
2020-09-01,inversion_directa,pago_inmediato,10389.346
2020-09-01,inversion_directa,sin_fecha,6213.48
2020-09-01,no_financieras,m0a3,5334.258
2020-09-01,no_financieras,m12a18,1944.137
2020-09-01,no_financieras,m18a24,2172.688
2020-09-01,no_financieras,m3a6,1912.872
2020-09-01,no_financieras,m6a9,1718.362
2020-09-01,no_financieras,m9a12,1591.653
2020-09-01,no_financieras,mas_2y,17172.989
2020-09-01,no_financieras,pago_inmediato,5411.406
2020-09-01,no_financieras,sin_fecha,2592.053
2020-09-01,otras_financieras,m0a3,190.919
2020-09-01,otras_financieras,m12a18,72.786
2020-09-01,otras_financieras,m18a24,90.575
2020-09-01,otras_financieras,m3a6,77.992
2020-09-01,otras_financieras,m6a9,55.246
2020-09-01,otras_financieras,m9a12,54.323
2020-09-01,otras_financieras,mas_2y,1926.425
2020-09-01,otras_financieras,pago_inmediato,514.463
2020-09-01,otras_financieras,sin_fecha,180.434
2020-09-01,otros_sectores,m0a3,5525.177
2020-09-01,otros_sectores,m12a18,2016.923
2020-09-01,otros_sectores,m18a24,2263.262
2020-09-01,otros_sectores,m3a6,1990.864
2020-09-01,otros_sectores,m6a9,1773.608
2020-09-01,otros_sectores,m9a12,1645.976
2020-09-01,otros_sectores,mas_2y,19099.414
2020-09-01,otros_sectores,pago_inmediato,5925.87
2020-09-01,otros_sectores,sin_fecha,2772.487
2020-09-01,total,m0a3,18880.761
2020-09-01,total,m12a18,17606.928
2020-09-01,total,m18a24,20927.774
2020-09-01,total,m3a6,11965.347
2020-09-01,total,m6a9,32131.646
2020-09-01,total,m9a12,7578.941
2020-09-01,total,mas_2y,153542.566
2020-09-01,total,pago_inmediato,19150.573
2020-09-01,total,sin_fecha,9043.521
2020-12-01,bancos,m0a3,1240.854
2020-12-01,bancos,m12a18,128.204
2020-12-01,bancos,m18a24,116.204
2020-12-01,bancos,m3a6,94.026
2020-12-01,bancos,m6a9,68.458
2020-12-01,bancos,m9a12,60.31
2020-12-01,bancos,mas_2y,1337.797
2020-12-01,bancos,pago_inmediato,13.677
2020-12-01,bancos,sin_fecha,89.6
2020-12-01,bcra,m0a3,4.861
2020-12-01,bcra,m12a18,9.721
2020-12-01,bcra,m18a24,4.861
2020-12-01,bcra,m3a6,4.861
2020-12-01,bcra,m6a9,4.861
2020-12-01,bcra,m9a12,22933.861
2020-12-01,bcra,mas_2y,2430.37
2020-12-01,bcra,pago_inmediato,0.0
2020-12-01,bcra,sin_fecha,0.0
2020-12-01,gobierno,m0a3,2317.978
2020-12-01,gobierno,m12a18,12681.031
2020-12-01,gobierno,m18a24,14090.116
2020-12-01,gobierno,m3a6,5994.96
2020-12-01,gobierno,m6a9,4219.517
2020-12-01,gobierno,m9a12,3941.339
2020-12-01,gobierno,mas_2y,159563.017
2020-12-01,gobierno,pago_inmediato,2842.453
2020-12-01,gobierno,sin_fecha,0.0
2020-12-01,inversion_directa,m0a3,8766.243
2020-12-01,inversion_directa,m12a18,529.587
2020-12-01,inversion_directa,m18a24,465.485
2020-12-01,inversion_directa,m3a6,1308.778
2020-12-01,inversion_directa,m6a9,507.921
2020-12-01,inversion_directa,m9a12,448.397
2020-12-01,inversion_directa,mas_2y,3522.066
2020-12-01,inversion_directa,pago_inmediato,10320.797
2020-12-01,inversion_directa,sin_fecha,6098.98
2020-12-01,no_financieras,m0a3,5715.019
2020-12-01,no_financieras,m12a18,2531.24
2020-12-01,no_financieras,m18a24,2254.649
2020-12-01,no_financieras,m3a6,2428.968
2020-12-01,no_financieras,m6a9,1297.682
2020-12-01,no_financieras,m9a12,1371.475
2020-12-01,no_financieras,mas_2y,15323.193
2020-12-01,no_financieras,pago_inmediato,5456.401
2020-12-01,no_financieras,sin_fecha,2975.695
2020-12-01,otras_financieras,m0a3,240.2
2020-12-01,otras_financieras,m12a18,78.25
2020-12-01,otras_financieras,m18a24,62.207
2020-12-01,otras_financieras,m3a6,91.052
2020-12-01,otras_financieras,m6a9,107.288
2020-12-01,otras_financieras,m9a12,67.976
2020-12-01,otras_financieras,mas_2y,1949.345
2020-12-01,otras_financieras,pago_inmediato,524.562
2020-12-01,otras_financieras,sin_fecha,188.576
2020-12-01,otros_sectores,m0a3,5955.219
2020-12-01,otros_sectores,m12a18,2609.49
2020-12-01,otros_sectores,m18a24,2316.855
2020-12-01,otros_sectores,m3a6,2520.02
2020-12-01,otros_sectores,m6a9,1404.97
2020-12-01,otros_sectores,m9a12,1439.451
2020-12-01,otros_sectores,mas_2y,17272.538
2020-12-01,otros_sectores,pago_inmediato,5980.963
2020-12-01,otros_sectores,sin_fecha,3164.27
2020-12-01,total,m0a3,18285.154
2020-12-01,total,m12a18,15958.034
2020-12-01,total,m18a24,16993.521
2020-12-01,total,m3a6,9922.645
2020-12-01,total,m6a9,6205.727
2020-12-01,total,m9a12,28823.358
2020-12-01,total,mas_2y,184125.788
2020-12-01,total,pago_inmediato,19157.891
2020-12-01,total,sin_fecha,9352.85
2021-03-01,bancos,m0a3,702.54
2021-03-01,bancos,m12a18,92.236
2021-03-01,bancos,m18a24,129.312
2021-03-01,bancos,m3a6,76.057
2021-03-01,bancos,m6a9,91.37
2021-03-01,bancos,m9a12,51.28
2021-03-01,bancos,mas_2y,1625.698
2021-03-01,bancos,pago_inmediato,15.171
2021-03-01,bancos,sin_fecha,80.613
2021-03-01,bcra,m0a3,2.989
2021-03-01,bcra,m12a18,5.979
2021-03-01,bcra,m18a24,2.989
2021-03-01,bcra,m3a6,2.989
2021-03-01,bcra,m6a9,2.989
2021-03-01,bcra,m9a12,22841.837
2021-03-01,bcra,mas_2y,2391.457
2021-03-01,bcra,pago_inmediato,0.0
2021-03-01,bcra,sin_fecha,0.0
2021-03-01,gobierno,m0a3,6257.214
2021-03-01,gobierno,m12a18,12410.608
2021-03-01,gobierno,m18a24,16448.767
2021-03-01,gobierno,m3a6,4044.823
2021-03-01,gobierno,m6a9,3721.963
2021-03-01,gobierno,m9a12,6889.032
2021-03-01,gobierno,mas_2y,147758.628
2021-03-01,gobierno,pago_inmediato,3392.286
2021-03-01,gobierno,sin_fecha,0.0
2021-03-01,inversion_directa,m0a3,8498.399
2021-03-01,inversion_directa,m12a18,552.967
2021-03-01,inversion_directa,m18a24,631.79
2021-03-01,inversion_directa,m3a6,1361.695
2021-03-01,inversion_directa,m6a9,965.781
2021-03-01,inversion_directa,m9a12,640.141
2021-03-01,inversion_directa,mas_2y,2919.681
2021-03-01,inversion_directa,pago_inmediato,10074.991
2021-03-01,inversion_directa,sin_fecha,6373.572
2021-03-01,no_financieras,m0a3,6557.465
2021-03-01,no_financieras,m12a18,2287.932
2021-03-01,no_financieras,m18a24,2881.175
2021-03-01,no_financieras,m3a6,2167.525
2021-03-01,no_financieras,m6a9,1140.979
2021-03-01,no_financieras,m9a12,1194.534
2021-03-01,no_financieras,mas_2y,15565.706
2021-03-01,no_financieras,pago_inmediato,6098.097
2021-03-01,no_financieras,sin_fecha,3115.916
2021-03-01,otras_financieras,m0a3,404.579
2021-03-01,otras_financieras,m12a18,41.263
2021-03-01,otras_financieras,m18a24,77.057
2021-03-01,otras_financieras,m3a6,113.65
2021-03-01,otras_financieras,m6a9,58.7
2021-03-01,otras_financieras,m9a12,55.241
2021-03-01,otras_financieras,mas_2y,1950.931
2021-03-01,otras_financieras,pago_inmediato,486.53
2021-03-01,otras_financieras,sin_fecha,197.056
2021-03-01,otros_sectores,m0a3,6962.043
2021-03-01,otros_sectores,m12a18,2329.195
2021-03-01,otros_sectores,m18a24,2958.232
2021-03-01,otros_sectores,m3a6,2281.174
2021-03-01,otros_sectores,m6a9,1199.679
2021-03-01,otros_sectores,m9a12,1249.775
2021-03-01,otros_sectores,mas_2y,17516.638
2021-03-01,otros_sectores,pago_inmediato,6584.627
2021-03-01,otros_sectores,sin_fecha,3312.972
2021-03-01,total,m0a3,22423.186
2021-03-01,total,m12a18,15390.986
2021-03-01,total,m18a24,20171.091
2021-03-01,total,m3a6,7766.739
2021-03-01,total,m6a9,5981.783
2021-03-01,total,m9a12,31672.065
2021-03-01,total,mas_2y,172212.102
2021-03-01,total,pago_inmediato,20067.076
2021-03-01,total,sin_fecha,9767.158
2021-06-01,bancos,m0a3,1066.714
2021-06-01,bancos,m12a18,95.907
2021-06-01,bancos,m18a24,104.061
2021-06-01,bancos,m3a6,148.999
2021-06-01,bancos,m6a9,67.062
2021-06-01,bancos,m9a12,65.402
2021-06-01,bancos,mas_2y,1596.939
2021-06-01,bancos,pago_inmediato,14.552
2021-06-01,bancos,sin_fecha,128.648
2021-06-01,bcra,m0a3,3.009
2021-06-01,bcra,m12a18,6.017
2021-06-01,bcra,m18a24,3.009
2021-06-01,bcra,m3a6,3.009
2021-06-01,bcra,m6a9,3.009
2021-06-01,bcra,m9a12,23135.886
2021-06-01,bcra,mas_2y,2406.998
2021-06-01,bcra,pago_inmediato,0.0
2021-06-01,bcra,sin_fecha,0.0
2021-06-01,gobierno,m0a3,4372.384
2021-06-01,gobierno,m12a18,13937.5
2021-06-01,gobierno,m18a24,16556.061
2021-06-01,gobierno,m3a6,3774.834
2021-06-01,gobierno,m6a9,7106.982
2021-06-01,gobierno,m9a12,7346.512
2021-06-01,gobierno,mas_2y,141819.972
2021-06-01,gobierno,pago_inmediato,3968.748
2021-06-01,gobierno,sin_fecha,0.0
2021-06-01,inversion_directa,m0a3,8359.698
2021-06-01,inversion_directa,m12a18,625.493
2021-06-01,inversion_directa,m18a24,840.26
2021-06-01,inversion_directa,m3a6,1330.107
2021-06-01,inversion_directa,m6a9,685.198
2021-06-01,inversion_directa,m9a12,487.83
2021-06-01,inversion_directa,mas_2y,2846.676
2021-06-01,inversion_directa,pago_inmediato,10001.908
2021-06-01,inversion_directa,sin_fecha,7111.336
2021-06-01,no_financieras,m0a3,6949.442
2021-06-01,no_financieras,m12a18,2490.088
2021-06-01,no_financieras,m18a24,2271.854
2021-06-01,no_financieras,m3a6,2060.622
2021-06-01,no_financieras,m6a9,1065.919
2021-06-01,no_financieras,m9a12,1671.606
2021-06-01,no_financieras,mas_2y,15418.786
2021-06-01,no_financieras,pago_inmediato,6220.489
2021-06-01,no_financieras,sin_fecha,3151.645
2021-06-01,otras_financieras,m0a3,254.429
2021-06-01,otras_financieras,m12a18,75.562
2021-06-01,otras_financieras,m18a24,27.724
2021-06-01,otras_financieras,m3a6,77.389
2021-06-01,otras_financieras,m6a9,52.295
2021-06-01,otras_financieras,m9a12,50.545
2021-06-01,otras_financieras,mas_2y,1884.374
2021-06-01,otras_financieras,pago_inmediato,134.349
2021-06-01,otras_financieras,sin_fecha,238.8
2021-06-01,otros_sectores,m0a3,7203.871
2021-06-01,otros_sectores,m12a18,2565.65
2021-06-01,otros_sectores,m18a24,2299.578
2021-06-01,otros_sectores,m3a6,2138.011
2021-06-01,otros_sectores,m6a9,1118.214
2021-06-01,otros_sectores,m9a12,1722.152
2021-06-01,otros_sectores,mas_2y,17303.16
2021-06-01,otros_sectores,pago_inmediato,6354.838
2021-06-01,otros_sectores,sin_fecha,3390.446
2021-06-01,total,m0a3,21005.675
2021-06-01,total,m12a18,17230.567
2021-06-01,total,m18a24,19802.969
2021-06-01,total,m3a6,7394.96
2021-06-01,total,m6a9,8980.464
2021-06-01,total,m9a12,32757.781
2021-06-01,total,mas_2y,165973.746
2021-06-01,total,pago_inmediato,20340.046
2021-06-01,total,sin_fecha,10630.43
2021-09-01,bancos,m0a3,1211.366
2021-09-01,bancos,m12a18,102.735
2021-09-01,bancos,m18a24,70.715
2021-09-01,bancos,m3a6,103.027
2021-09-01,bancos,m6a9,197.543
2021-09-01,bancos,m9a12,21.845
2021-09-01,bancos,mas_2y,1491.699
2021-09-01,bancos,pago_inmediato,3.909
2021-09-01,bancos,sin_fecha,145.538
2021-09-01,bcra,m0a3,8.352
2021-09-01,bcra,m12a18,16.703
2021-09-01,bcra,m18a24,8.352
2021-09-01,bcra,m3a6,8.352
2021-09-01,bcra,m6a9,8.352
2021-09-01,bcra,m9a12,23179.653
2021-09-01,bcra,mas_2y,6681.318
2021-09-01,bcra,pago_inmediato,0.0
2021-09-01,bcra,sin_fecha,0.0
2021-09-01,gobierno,m0a3,3905.875
2021-09-01,gobierno,m12a18,16149.052
2021-09-01,gobierno,m18a24,12356.935
2021-09-01,gobierno,m3a6,7145.208
2021-09-01,gobierno,m6a9,7081.937
2021-09-01,gobierno,m9a12,6925.381
2021-09-01,gobierno,mas_2y,136795.707
2021-09-01,gobierno,pago_inmediato,3947.129
2021-09-01,gobierno,sin_fecha,0.0
2021-09-01,inversion_directa,m0a3,8005.415
2021-09-01,inversion_directa,m12a18,945.417
2021-09-01,inversion_directa,m18a24,606.207
2021-09-01,inversion_directa,m3a6,1351.527
2021-09-01,inversion_directa,m6a9,411.005
2021-09-01,inversion_directa,m9a12,437.098
2021-09-01,inversion_directa,mas_2y,2809.844
2021-09-01,inversion_directa,pago_inmediato,10093.343
2021-09-01,inversion_directa,sin_fecha,6445.834
2021-09-01,no_financieras,m0a3,7026.305
2021-09-01,no_financieras,m12a18,3344.087
2021-09-01,no_financieras,m18a24,2320.649
2021-09-01,no_financieras,m3a6,1937.955
2021-09-01,no_financieras,m6a9,1562.684
2021-09-01,no_financieras,m9a12,1052.87
2021-09-01,no_financieras,mas_2y,14321.94
2021-09-01,no_financieras,pago_inmediato,6297.279
2021-09-01,no_financieras,sin_fecha,3223.686
2021-09-01,otras_financieras,m0a3,298.887
2021-09-01,otras_financieras,m12a18,63.278
2021-09-01,otras_financieras,m18a24,448.631
2021-09-01,otras_financieras,m3a6,70.437
2021-09-01,otras_financieras,m6a9,44.273
2021-09-01,otras_financieras,m9a12,50.033
2021-09-01,otras_financieras,mas_2y,1462.004
2021-09-01,otras_financieras,pago_inmediato,130.749
2021-09-01,otras_financieras,sin_fecha,172.831
2021-09-01,otros_sectores,m0a3,7325.191
2021-09-01,otros_sectores,m12a18,3407.366
2021-09-01,otros_sectores,m18a24,2769.28
2021-09-01,otros_sectores,m3a6,2008.392
2021-09-01,otros_sectores,m6a9,1606.957
2021-09-01,otros_sectores,m9a12,1102.903
2021-09-01,otros_sectores,mas_2y,15783.943
2021-09-01,otros_sectores,pago_inmediato,6428.028
2021-09-01,otros_sectores,sin_fecha,3396.517
2021-09-01,total,m0a3,20456.198
2021-09-01,total,m12a18,20621.273
2021-09-01,total,m18a24,15811.488
2021-09-01,total,m3a6,10616.505
2021-09-01,total,m6a9,9305.794
2021-09-01,total,m9a12,31666.881
2021-09-01,total,mas_2y,163562.51
2021-09-01,total,pago_inmediato,20472.408
2021-09-01,total,sin_fecha,9987.888
2021-12-01,bancos,m0a3,847.855
2021-12-01,bancos,m12a18,103.344
2021-12-01,bancos,m18a24,66.965
2021-12-01,bancos,m3a6,162.722
2021-12-01,bancos,m6a9,30.022
2021-12-01,bancos,m9a12,56.017
2021-12-01,bancos,mas_2y,1403.452
2021-12-01,bancos,pago_inmediato,4.479
2021-12-01,bancos,sin_fecha,221.37
2021-12-01,bcra,m0a3,12.777
2021-12-01,bcra,m12a18,25.554
2021-12-01,bcra,m18a24,12.777
2021-12-01,bcra,m3a6,12.777
2021-12-01,bcra,m6a9,12.777
2021-12-01,bcra,m9a12,23411.013
2021-12-01,bcra,mas_2y,6637.309
2021-12-01,bcra,pago_inmediato,0.0
2021-12-01,bcra,sin_fecha,0.0
2021-12-01,gobierno,m0a3,6703.893
2021-12-01,gobierno,m12a18,15492.788
2021-12-01,gobierno,m18a24,10708.08
2021-12-01,gobierno,m3a6,7076.465
2021-12-01,gobierno,m6a9,7104.765
2021-12-01,gobierno,m9a12,6724.57
2021-12-01,gobierno,mas_2y,136618.267
2021-12-01,gobierno,pago_inmediato,3930.6
2021-12-01,gobierno,sin_fecha,0.0
2021-12-01,inversion_directa,m0a3,7830.57
2021-12-01,inversion_directa,m12a18,712.157
2021-12-01,inversion_directa,m18a24,743.392
2021-12-01,inversion_directa,m3a6,984.579
2021-12-01,inversion_directa,m6a9,410.424
2021-12-01,inversion_directa,m9a12,607.864
2021-12-01,inversion_directa,mas_2y,2905.701
2021-12-01,inversion_directa,pago_inmediato,10650.69
2021-12-01,inversion_directa,sin_fecha,6265.594
2021-12-01,no_financieras,m0a3,6602.167
2021-12-01,no_financieras,m12a18,2590.427
2021-12-01,no_financieras,m18a24,2045.201
2021-12-01,no_financieras,m3a6,1951.773
2021-12-01,no_financieras,m6a9,795.076
2021-12-01,no_financieras,m9a12,1663.548
2021-12-01,no_financieras,mas_2y,14421.057
2021-12-01,no_financieras,pago_inmediato,6189.028
2021-12-01,no_financieras,sin_fecha,3119.004
2021-12-01,otras_financieras,m0a3,279.072
2021-12-01,otras_financieras,m12a18,86.544
2021-12-01,otras_financieras,m18a24,427.81
2021-12-01,otras_financieras,m3a6,100.677
2021-12-01,otras_financieras,m6a9,47.223
2021-12-01,otras_financieras,m9a12,62.303
2021-12-01,otras_financieras,mas_2y,1475.997
2021-12-01,otras_financieras,pago_inmediato,147.24
2021-12-01,otras_financieras,sin_fecha,191.267
2021-12-01,otros_sectores,m0a3,6881.239
2021-12-01,otros_sectores,m12a18,2676.971
2021-12-01,otros_sectores,m18a24,2473.011
2021-12-01,otros_sectores,m3a6,2052.45
2021-12-01,otros_sectores,m6a9,842.299
2021-12-01,otros_sectores,m9a12,1725.851
2021-12-01,otros_sectores,mas_2y,15897.054
2021-12-01,otros_sectores,pago_inmediato,6336.267
2021-12-01,otros_sectores,sin_fecha,3310.271
2021-12-01,total,m0a3,22276.333
2021-12-01,total,m12a18,19010.815
2021-12-01,total,m18a24,14004.225
2021-12-01,total,m3a6,10288.993
2021-12-01,total,m6a9,8400.286
2021-12-01,total,m9a12,32525.315
2021-12-01,total,mas_2y,163461.783
2021-12-01,total,pago_inmediato,20922.037
2021-12-01,total,sin_fecha,9797.235
2022-03-01,bancos,m0a3,1252.192
2022-03-01,bancos,m12a18,69.932
2022-03-01,bancos,m18a24,64.712
2022-03-01,bancos,m3a6,25.95
2022-03-01,bancos,m6a9,54.856
2022-03-01,bancos,m9a12,70.386
2022-03-01,bancos,mas_2y,1377.967
2022-03-01,bancos,pago_inmediato,4.461
2022-03-01,bancos,sin_fecha,239.678
2022-03-01,bcra,m0a3,4.081
2022-03-01,bcra,m12a18,8.162
2022-03-01,bcra,m18a24,4.081
2022-03-01,bcra,m3a6,4.081
2022-03-01,bcra,m6a9,4.081
2022-03-01,bcra,m9a12,23508.813
2022-03-01,bcra,mas_2y,7015.574
2022-03-01,bcra,pago_inmediato,0.0
2022-03-01,bcra,sin_fecha,0.0
2022-03-01,gobierno,m0a3,7107.964
2022-03-01,gobierno,m12a18,12831.571
2022-03-01,gobierno,m18a24,10715.358
2022-03-01,gobierno,m3a6,7169.652
2022-03-01,gobierno,m6a9,6838.674
2022-03-01,gobierno,m9a12,8683.306
2022-03-01,gobierno,mas_2y,142650.384
2022-03-01,gobierno,pago_inmediato,3904.799
2022-03-01,gobierno,sin_fecha,0.0
2022-03-01,inversion_directa,m0a3,8879.538
2022-03-01,inversion_directa,m12a18,990.386
2022-03-01,inversion_directa,m18a24,766.929
2022-03-01,inversion_directa,m3a6,1100.77
2022-03-01,inversion_directa,m6a9,698.321
2022-03-01,inversion_directa,m9a12,490.971
2022-03-01,inversion_directa,mas_2y,2921.497
2022-03-01,inversion_directa,pago_inmediato,11736.689
2022-03-01,inversion_directa,sin_fecha,6537.404
2022-03-01,no_financieras,m0a3,7883.01
2022-03-01,no_financieras,m12a18,2502.328
2022-03-01,no_financieras,m18a24,1799.077
2022-03-01,no_financieras,m3a6,1574.566
2022-03-01,no_financieras,m6a9,1600.664
2022-03-01,no_financieras,m9a12,1317.941
2022-03-01,no_financieras,mas_2y,13965.076
2022-03-01,no_financieras,pago_inmediato,6390.575
2022-03-01,no_financieras,sin_fecha,3750.492
2022-03-01,otras_financieras,m0a3,291.525
2022-03-01,otras_financieras,m12a18,49.074
2022-03-01,otras_financieras,m18a24,9.397
2022-03-01,otras_financieras,m3a6,97.758
2022-03-01,otras_financieras,m6a9,39.643
2022-03-01,otras_financieras,m9a12,85.937
2022-03-01,otras_financieras,mas_2y,612.238
2022-03-01,otras_financieras,pago_inmediato,162.493
2022-03-01,otras_financieras,sin_fecha,162.41
2022-03-01,otros_sectores,m0a3,8174.535
2022-03-01,otros_sectores,m12a18,2551.403
2022-03-01,otros_sectores,m18a24,1808.474
2022-03-01,otros_sectores,m3a6,1672.324
2022-03-01,otros_sectores,m6a9,1640.307
2022-03-01,otros_sectores,m9a12,1403.878
2022-03-01,otros_sectores,mas_2y,14577.314
2022-03-01,otros_sectores,pago_inmediato,6553.068
2022-03-01,otros_sectores,sin_fecha,3912.903
2022-03-01,total,m0a3,25418.311
2022-03-01,total,m12a18,16451.454
2022-03-01,total,m18a24,13359.554
2022-03-01,total,m3a6,9972.776
2022-03-01,total,m6a9,9236.238
2022-03-01,total,m9a12,34157.354
2022-03-01,total,mas_2y,168542.736
2022-03-01,total,pago_inmediato,22199.016
2022-03-01,total,sin_fecha,10689.984
2022-06-01,bancos,m0a3,1049.59
2022-06-01,bancos,m12a18,71.828
2022-06-01,bancos,m18a24,70.575
2022-06-01,bancos,m3a6,152.714
2022-06-01,bancos,m6a9,83.766
2022-06-01,bancos,m9a12,47.13
2022-06-01,bancos,mas_2y,1357.989
2022-06-01,bancos,pago_inmediato,5.199
2022-06-01,bancos,sin_fecha,154.395
2022-06-01,bcra,m0a3,15.043
2022-06-01,bcra,m12a18,30.087
2022-06-01,bcra,m18a24,15.043
2022-06-01,bcra,m3a6,15.043
2022-06-01,bcra,m6a9,15.043
2022-06-01,bcra,m9a12,22420.056
2022-06-01,bcra,mas_2y,6738.382
2022-06-01,bcra,pago_inmediato,0.0
2022-06-01,bcra,sin_fecha,0.0
2022-06-01,gobierno,m0a3,7610.072
2022-06-01,gobierno,m12a18,11022.552
2022-06-01,gobierno,m18a24,8669.088
2022-06-01,gobierno,m3a6,6777.387
2022-06-01,gobierno,m6a9,8406.75
2022-06-01,gobierno,m9a12,6829.137
2022-06-01,gobierno,mas_2y,146841.878
2022-06-01,gobierno,pago_inmediato,3854.536
2022-06-01,gobierno,sin_fecha,0.0
2022-06-01,inversion_directa,m0a3,10211.539
2022-06-01,inversion_directa,m12a18,913.047
2022-06-01,inversion_directa,m18a24,760.551
2022-06-01,inversion_directa,m3a6,1522.015
2022-06-01,inversion_directa,m6a9,534.769
2022-06-01,inversion_directa,m9a12,892.431
2022-06-01,inversion_directa,mas_2y,3158.854
2022-06-01,inversion_directa,pago_inmediato,12282.05
2022-06-01,inversion_directa,sin_fecha,7098.435
2022-06-01,no_financieras,m0a3,7984.407
2022-06-01,no_financieras,m12a18,2597.634
2022-06-01,no_financieras,m18a24,2235.07
2022-06-01,no_financieras,m3a6,2358.711
2022-06-01,no_financieras,m6a9,1834.611
2022-06-01,no_financieras,m9a12,1065.783
2022-06-01,no_financieras,mas_2y,13231.445
2022-06-01,no_financieras,pago_inmediato,6434.077
2022-06-01,no_financieras,sin_fecha,3820.72
2022-06-01,otras_financieras,m0a3,251.476
2022-06-01,otras_financieras,m12a18,56.049
2022-06-01,otras_financieras,m18a24,31.907
2022-06-01,otras_financieras,m3a6,72.899
2022-06-01,otras_financieras,m6a9,21.835
2022-06-01,otras_financieras,m9a12,29.582
2022-06-01,otras_financieras,mas_2y,598.346
2022-06-01,otras_financieras,pago_inmediato,160.76
2022-06-01,otras_financieras,sin_fecha,162.471
2022-06-01,otros_sectores,m0a3,8235.883
2022-06-01,otros_sectores,m12a18,2653.683
2022-06-01,otros_sectores,m18a24,2266.977
2022-06-01,otros_sectores,m3a6,2431.611
2022-06-01,otros_sectores,m6a9,1856.446
2022-06-01,otros_sectores,m9a12,1095.365
2022-06-01,otros_sectores,mas_2y,13829.79
2022-06-01,otros_sectores,pago_inmediato,6594.838
2022-06-01,otros_sectores,sin_fecha,3983.191
2022-06-01,total,m0a3,27122.128
2022-06-01,total,m12a18,14691.197
2022-06-01,total,m18a24,11782.235
2022-06-01,total,m3a6,10898.77
2022-06-01,total,m6a9,10896.774
2022-06-01,total,m9a12,31284.119
2022-06-01,total,mas_2y,171926.893
2022-06-01,total,pago_inmediato,22736.623
2022-06-01,total,sin_fecha,11236.021
2022-09-01,bancos,m0a3,1205.213
2022-09-01,bancos,m12a18,67.393
2022-09-01,bancos,m18a24,370.157
2022-09-01,bancos,m3a6,178.839
2022-09-01,bancos,m6a9,85.177
2022-09-01,bancos,m9a12,19.968
2022-09-01,bancos,mas_2y,1023.624
2022-09-01,bancos,pago_inmediato,22.777
2022-09-01,bancos,sin_fecha,158.47
2022-09-01,bcra,m0a3,32.59
2022-09-01,bcra,m12a18,65.18
2022-09-01,bcra,m18a24,32.59
2022-09-01,bcra,m3a6,32.59
2022-09-01,bcra,m6a9,32.59
2022-09-01,bcra,m9a12,21301.537
2022-09-01,bcra,mas_2y,6495.293
2022-09-01,bcra,pago_inmediato,0.0
2022-09-01,bcra,sin_fecha,0.0
2022-09-01,gobierno,m0a3,6786.746
2022-09-01,gobierno,m12a18,10289.051
2022-09-01,gobierno,m18a24,8934.098
2022-09-01,gobierno,m3a6,8220.991
2022-09-01,gobierno,m6a9,7174.968
2022-09-01,gobierno,m9a12,6126.421
2022-09-01,gobierno,mas_2y,141182.708
2022-09-01,gobierno,pago_inmediato,3798.827
2022-09-01,gobierno,sin_fecha,0.0
2022-09-01,inversion_directa,m0a3,12522.8
2022-09-01,inversion_directa,m12a18,1519.329
2022-09-01,inversion_directa,m18a24,533.475
2022-09-01,inversion_directa,m3a6,1781.622
2022-09-01,inversion_directa,m6a9,1129.203
2022-09-01,inversion_directa,m9a12,641.442
2022-09-01,inversion_directa,mas_2y,3109.243
2022-09-01,inversion_directa,pago_inmediato,12714.106
2022-09-01,inversion_directa,sin_fecha,7563.609
2022-09-01,no_financieras,m0a3,10546.956
2022-09-01,no_financieras,m12a18,2056.68
2022-09-01,no_financieras,m18a24,1912.762
2022-09-01,no_financieras,m3a6,2653.301
2022-09-01,no_financieras,m6a9,1267.987
2022-09-01,no_financieras,m9a12,1673.365
2022-09-01,no_financieras,mas_2y,13077.249
2022-09-01,no_financieras,pago_inmediato,7164.061
2022-09-01,no_financieras,sin_fecha,4963.144
2022-09-01,otras_financieras,m0a3,255.069
2022-09-01,otras_financieras,m12a18,20.057
2022-09-01,otras_financieras,m18a24,162.858
2022-09-01,otras_financieras,m3a6,60.811
2022-09-01,otras_financieras,m6a9,36.591
2022-09-01,otras_financieras,m9a12,35.754
2022-09-01,otras_financieras,mas_2y,520.809
2022-09-01,otras_financieras,pago_inmediato,161.953
2022-09-01,otras_financieras,sin_fecha,176.77
2022-09-01,otros_sectores,m0a3,10802.025
2022-09-01,otros_sectores,m12a18,2076.737
2022-09-01,otros_sectores,m18a24,2075.62
2022-09-01,otros_sectores,m3a6,2714.112
2022-09-01,otros_sectores,m6a9,1304.578
2022-09-01,otros_sectores,m9a12,1709.119
2022-09-01,otros_sectores,mas_2y,13598.057
2022-09-01,otros_sectores,pago_inmediato,7326.014
2022-09-01,otros_sectores,sin_fecha,5139.915
2022-09-01,total,m0a3,31349.374
2022-09-01,total,m12a18,14017.689
2022-09-01,total,m18a24,11945.94
2022-09-01,total,m3a6,12928.154
2022-09-01,total,m6a9,9726.516
2022-09-01,total,m9a12,29798.486
2022-09-01,total,mas_2y,165408.925
2022-09-01,total,pago_inmediato,23861.724
2022-09-01,total,sin_fecha,12861.993
2022-12-01,bancos,m0a3,1102.421
2022-12-01,bancos,m12a18,379.287
2022-12-01,bancos,m18a24,46.049
2022-12-01,bancos,m3a6,226.62
2022-12-01,bancos,m6a9,32.441
2022-12-01,bancos,m9a12,53.664
2022-12-01,bancos,mas_2y,1002.414
2022-12-01,bancos,pago_inmediato,8.946
2022-12-01,bancos,sin_fecha,200.022
2022-12-01,bcra,m0a3,49.236
2022-12-01,bcra,m12a18,98.472
2022-12-01,bcra,m18a24,49.236
2022-12-01,bcra,m3a6,49.236
2022-12-01,bcra,m6a9,49.236
2022-12-01,bcra,m9a12,21893.639
2022-12-01,bcra,mas_2y,6753.911
2022-12-01,bcra,pago_inmediato,0.0
2022-12-01,bcra,sin_fecha,0.0
2022-12-01,gobierno,m0a3,8753.737
2022-12-01,gobierno,m12a18,9047.608
2022-12-01,gobierno,m18a24,6270.481
2022-12-01,gobierno,m3a6,7827.501
2022-12-01,gobierno,m6a9,6844.162
2022-12-01,gobierno,m9a12,5388.58
2022-12-01,gobierno,mas_2y,160658.643
2022-12-01,gobierno,pago_inmediato,3873.911
2022-12-01,gobierno,sin_fecha,0.0
2022-12-01,inversion_directa,m0a3,11389.874
2022-12-01,inversion_directa,m12a18,826.778
2022-12-01,inversion_directa,m18a24,708.09
2022-12-01,inversion_directa,m3a6,1601.491
2022-12-01,inversion_directa,m6a9,887.991
2022-12-01,inversion_directa,m9a12,830.032
2022-12-01,inversion_directa,mas_2y,2560.794
2022-12-01,inversion_directa,pago_inmediato,14137.179
2022-12-01,inversion_directa,sin_fecha,6985.017
2022-12-01,no_financieras,m0a3,9651.048
2022-12-01,no_financieras,m12a18,2355.986
2022-12-01,no_financieras,m18a24,1599.586
2022-12-01,no_financieras,m3a6,2251.497
2022-12-01,no_financieras,m6a9,1443.539
2022-12-01,no_financieras,m9a12,1053.801
2022-12-01,no_financieras,mas_2y,13130.37
2022-12-01,no_financieras,pago_inmediato,7260.708
2022-12-01,no_financieras,sin_fecha,4108.536
2022-12-01,otras_financieras,m0a3,440.299
2022-12-01,otras_financieras,m12a18,14.7
2022-12-01,otras_financieras,m18a24,27.1
2022-12-01,otras_financieras,m3a6,49.941
2022-12-01,otras_financieras,m6a9,32.407
2022-12-01,otras_financieras,m9a12,37.226
2022-12-01,otras_financieras,mas_2y,515.205
2022-12-01,otras_financieras,pago_inmediato,194.817
2022-12-01,otras_financieras,sin_fecha,259.578
2022-12-01,otros_sectores,m0a3,10091.347
2022-12-01,otros_sectores,m12a18,2370.686
2022-12-01,otros_sectores,m18a24,1626.686
2022-12-01,otros_sectores,m3a6,2301.438
2022-12-01,otros_sectores,m6a9,1475.947
2022-12-01,otros_sectores,m9a12,1091.027
2022-12-01,otros_sectores,mas_2y,13645.575
2022-12-01,otros_sectores,pago_inmediato,7455.525
2022-12-01,otros_sectores,sin_fecha,4368.114
2022-12-01,total,m0a3,31386.614
2022-12-01,total,m12a18,12722.831
2022-12-01,total,m18a24,8700.542
2022-12-01,total,m3a6,12006.286
2022-12-01,total,m6a9,9289.776
2022-12-01,total,m9a12,29256.942
2022-12-01,total,mas_2y,184621.337
2022-12-01,total,pago_inmediato,25475.562
2022-12-01,total,sin_fecha,11553.153
2023-03-01,bancos,m0a3,1144.655
2023-03-01,bancos,m12a18,386.033
2023-03-01,bancos,m18a24,40.63
2023-03-01,bancos,m3a6,167.75
2023-03-01,bancos,m6a9,63.847
2023-03-01,bancos,m9a12,46.219
2023-03-01,bancos,mas_2y,995.944
2023-03-01,bancos,pago_inmediato,29.108
2023-03-01,bancos,sin_fecha,213.511
2023-03-01,bcra,m0a3,58.472
2023-03-01,bcra,m12a18,116.944
2023-03-01,bcra,m18a24,58.472
2023-03-01,bcra,m3a6,58.472
2023-03-01,bcra,m6a9,58.472
2023-03-01,bcra,m9a12,21975.818
2023-03-01,bcra,mas_2y,6826.94
2023-03-01,bcra,pago_inmediato,0.0
2023-03-01,bcra,sin_fecha,0.0
2023-03-01,gobierno,m0a3,8091.002
2023-03-01,gobierno,m12a18,8620.642
2023-03-01,gobierno,m18a24,6846.32
2023-03-01,gobierno,m3a6,7213.878
2023-03-01,gobierno,m6a9,5593.801
2023-03-01,gobierno,m9a12,5579.843
2023-03-01,gobierno,mas_2y,244004.638
2023-03-01,gobierno,pago_inmediato,3884.673
2023-03-01,gobierno,sin_fecha,0.0
2023-03-01,inversion_directa,m0a3,12191.945
2023-03-01,inversion_directa,m12a18,522.317
2023-03-01,inversion_directa,m18a24,712.353
2023-03-01,inversion_directa,m3a6,1562.757
2023-03-01,inversion_directa,m6a9,835.978
2023-03-01,inversion_directa,m9a12,988.283
2023-03-01,inversion_directa,mas_2y,2638.856
2023-03-01,inversion_directa,pago_inmediato,14652.934
2023-03-01,inversion_directa,sin_fecha,7297.743
2023-03-01,no_financieras,m0a3,9203.499
2023-03-01,no_financieras,m12a18,2193.43
2023-03-01,no_financieras,m18a24,2004.141
2023-03-01,no_financieras,m3a6,2567.433
2023-03-01,no_financieras,m6a9,1057.578
2023-03-01,no_financieras,m9a12,1301.868
2023-03-01,no_financieras,mas_2y,12389.256
2023-03-01,no_financieras,pago_inmediato,7230.123
2023-03-01,no_financieras,sin_fecha,3690.161
2023-03-01,otras_financieras,m0a3,297.158
2023-03-01,otras_financieras,m12a18,145.551
2023-03-01,otras_financieras,m18a24,16.917
2023-03-01,otras_financieras,m3a6,68.232
2023-03-01,otras_financieras,m6a9,40.966
2023-03-01,otras_financieras,m9a12,37.304
2023-03-01,otras_financieras,mas_2y,499.313
2023-03-01,otras_financieras,pago_inmediato,215.866
2023-03-01,otras_financieras,sin_fecha,261.245
2023-03-01,otros_sectores,m0a3,9500.657
2023-03-01,otros_sectores,m12a18,2338.981
2023-03-01,otros_sectores,m18a24,2021.058
2023-03-01,otros_sectores,m3a6,2635.665
2023-03-01,otros_sectores,m6a9,1098.544
2023-03-01,otros_sectores,m9a12,1339.172
2023-03-01,otros_sectores,mas_2y,12888.569
2023-03-01,otros_sectores,pago_inmediato,7445.989
2023-03-01,otros_sectores,sin_fecha,3951.406
2023-03-01,total,m0a3,30986.731
2023-03-01,total,m12a18,11984.917
2023-03-01,total,m18a24,9678.833
2023-03-01,total,m3a6,11638.522
2023-03-01,total,m6a9,7650.642
2023-03-01,total,m9a12,29929.334
2023-03-01,total,mas_2y,267354.947
2023-03-01,total,pago_inmediato,26012.704
2023-03-01,total,sin_fecha,11462.659
2023-06-01,bancos,m0a3,960.512
2023-06-01,bancos,m12a18,42.101
2023-06-01,bancos,m18a24,23.263
2023-06-01,bancos,m3a6,229.618
2023-06-01,bancos,m6a9,42.556
2023-06-01,bancos,m9a12,383.215
2023-06-01,bancos,mas_2y,971.809
2023-06-01,bancos,pago_inmediato,13.87
2023-06-01,bancos,sin_fecha,251.469
2023-06-01,bcra,m0a3,67.23
2023-06-01,bcra,m12a18,134.46
2023-06-01,bcra,m18a24,67.23
2023-06-01,bcra,m3a6,67.23
2023-06-01,bcra,m6a9,67.23
2023-06-01,bcra,m9a12,20988.871
2023-06-01,bcra,mas_2y,6750.004
2023-06-01,bcra,pago_inmediato,0.0
2023-06-01,bcra,sin_fecha,0.0
2023-06-01,gobierno,m0a3,7231.762
2023-06-01,gobierno,m12a18,6432.127
2023-06-01,gobierno,m18a24,7920.816
2023-06-01,gobierno,m3a6,6094.286
2023-06-01,gobierno,m6a9,5651.37
2023-06-01,gobierno,m9a12,3936.946
2023-06-01,gobierno,mas_2y,167394.429
2023-06-01,gobierno,pago_inmediato,3888.816
2023-06-01,gobierno,sin_fecha,0.0
2023-06-01,inversion_directa,m0a3,14360.167
2023-06-01,inversion_directa,m12a18,1084.439
2023-06-01,inversion_directa,m18a24,835.546
2023-06-01,inversion_directa,m3a6,1426.929
2023-06-01,inversion_directa,m6a9,1154.673
2023-06-01,inversion_directa,m9a12,614.711
2023-06-01,inversion_directa,mas_2y,3016.202
2023-06-01,inversion_directa,pago_inmediato,14878.793
2023-06-01,inversion_directa,sin_fecha,7518.39
2023-06-01,no_financieras,m0a3,11383.25
2023-06-01,no_financieras,m12a18,1732.399
2023-06-01,no_financieras,m18a24,2410.205
2023-06-01,no_financieras,m3a6,2403.681
2023-06-01,no_financieras,m6a9,1537.669
2023-06-01,no_financieras,m9a12,1535.795
2023-06-01,no_financieras,mas_2y,11520.829
2023-06-01,no_financieras,pago_inmediato,7659.379
2023-06-01,no_financieras,sin_fecha,3771.43
2023-06-01,otras_financieras,m0a3,318.917
2023-06-01,otras_financieras,m12a18,122.086
2023-06-01,otras_financieras,m18a24,23.222
2023-06-01,otras_financieras,m3a6,79.821
2023-06-01,otras_financieras,m6a9,16.162
2023-06-01,otras_financieras,m9a12,47.351
2023-06-01,otras_financieras,mas_2y,517.298
2023-06-01,otras_financieras,pago_inmediato,246.083
2023-06-01,otras_financieras,sin_fecha,278.951
2023-06-01,otros_sectores,m0a3,11702.168
2023-06-01,otros_sectores,m12a18,1854.485
2023-06-01,otros_sectores,m18a24,2433.427
2023-06-01,otros_sectores,m3a6,2483.502
2023-06-01,otros_sectores,m6a9,1553.831
2023-06-01,otros_sectores,m9a12,1583.146
2023-06-01,otros_sectores,mas_2y,12038.127
2023-06-01,otros_sectores,pago_inmediato,7905.462
2023-06-01,otros_sectores,sin_fecha,4050.381
2023-06-01,total,m0a3,34321.839
2023-06-01,total,m12a18,9547.612
2023-06-01,total,m18a24,11280.282
2023-06-01,total,m3a6,10301.565
2023-06-01,total,m6a9,8469.661
2023-06-01,total,m9a12,27506.89
2023-06-01,total,mas_2y,190170.571
2023-06-01,total,pago_inmediato,26686.941
2023-06-01,total,sin_fecha,11820.241
2023-09-01,bancos,m0a3,1061.688
2023-09-01,bancos,m12a18,43.589
2023-09-01,bancos,m18a24,47.978
2023-09-01,bancos,m3a6,527.947
2023-09-01,bancos,m6a9,149.55
2023-09-01,bancos,m9a12,29.807
2023-09-01,bancos,mas_2y,932.126
2023-09-01,bancos,pago_inmediato,18.43
2023-09-01,bancos,sin_fecha,203.974
2023-09-01,bcra,m0a3,68.9
2023-09-01,bcra,m12a18,68.9
2023-09-01,bcra,m18a24,0.0
2023-09-01,bcra,m3a6,68.9
2023-09-01,bcra,m6a9,68.9
2023-09-01,bcra,m9a12,20881.999
2023-09-01,bcra,mas_2y,6674.738
2023-09-01,bcra,pago_inmediato,0.0
2023-09-01,bcra,sin_fecha,0.0
2023-09-01,gobierno,m0a3,6386.491
2023-09-01,gobierno,m12a18,7439.666
2023-09-01,gobierno,m18a24,7768.025
2023-09-01,gobierno,m3a6,5824.068
2023-09-01,gobierno,m6a9,4160.927
2023-09-01,gobierno,m9a12,5262.519
2023-09-01,gobierno,mas_2y,172549.453
2023-09-01,gobierno,pago_inmediato,3860.638
2023-09-01,gobierno,sin_fecha,0.0
2023-09-01,inversion_directa,m0a3,15202.926
2023-09-01,inversion_directa,m12a18,1240.904
2023-09-01,inversion_directa,m18a24,975.982
2023-09-01,inversion_directa,m3a6,1865.03
2023-09-01,inversion_directa,m6a9,995.251
2023-09-01,inversion_directa,m9a12,734.703
2023-09-01,inversion_directa,mas_2y,3112.114
2023-09-01,inversion_directa,pago_inmediato,17170.118
2023-09-01,inversion_directa,sin_fecha,8048.93
2023-09-01,no_financieras,m0a3,11968.726
2023-09-01,no_financieras,m12a18,1997.12
2023-09-01,no_financieras,m18a24,3021.11
2023-09-01,no_financieras,m3a6,3031.739
2023-09-01,no_financieras,m6a9,1402.448
2023-09-01,no_financieras,m9a12,1083.075
2023-09-01,no_financieras,mas_2y,10267.665
2023-09-01,no_financieras,pago_inmediato,8354.403
2023-09-01,no_financieras,sin_fecha,4238.145
2023-09-01,otras_financieras,m0a3,293.99
2023-09-01,otras_financieras,m12a18,11.799
2023-09-01,otras_financieras,m18a24,21.526
2023-09-01,otras_financieras,m3a6,70.89
2023-09-01,otras_financieras,m6a9,32.978
2023-09-01,otras_financieras,m9a12,133.269
2023-09-01,otras_financieras,mas_2y,478.017
2023-09-01,otras_financieras,pago_inmediato,338.451
2023-09-01,otras_financieras,sin_fecha,296.552
2023-09-01,otros_sectores,m0a3,12262.716
2023-09-01,otros_sectores,m12a18,2008.919
2023-09-01,otros_sectores,m18a24,3042.635
2023-09-01,otros_sectores,m3a6,3102.629
2023-09-01,otros_sectores,m6a9,1435.426
2023-09-01,otros_sectores,m9a12,1216.344
2023-09-01,otros_sectores,mas_2y,10745.682
2023-09-01,otros_sectores,pago_inmediato,8692.853
2023-09-01,otros_sectores,sin_fecha,4534.697
2023-09-01,total,m0a3,34982.721
2023-09-01,total,m12a18,10801.978
2023-09-01,total,m18a24,11834.62
2023-09-01,total,m3a6,11388.574
2023-09-01,total,m6a9,6810.054
2023-09-01,total,m9a12,28125.372
2023-09-01,total,mas_2y,194014.113
2023-09-01,total,pago_inmediato,29742.039
2023-09-01,total,sin_fecha,12787.602
2023-12-01,bancos,m0a3,710.415
2023-12-01,bancos,m12a18,58.441
2023-12-01,bancos,m18a24,6.411
2023-12-01,bancos,m3a6,552.88
2023-12-01,bancos,m6a9,34.277
2023-12-01,bancos,m9a12,29.774
2023-12-01,bancos,mas_2y,928.498
2023-12-01,bancos,pago_inmediato,17.453
2023-12-01,bancos,sin_fecha,134.708
2023-12-01,bcra,m0a3,69.842
2023-12-01,bcra,m12a18,139.684
2023-12-01,bcra,m18a24,69.842
2023-12-01,bcra,m3a6,69.842
2023-12-01,bcra,m6a9,69.842
2023-12-01,bcra,m9a12,20526.607
2023-12-01,bcra,mas_2y,6808.873
2023-12-01,bcra,pago_inmediato,0.0
2023-12-01,bcra,sin_fecha,0.0
2023-12-01,gobierno,m0a3,6380.592
2023-12-01,gobierno,m12a18,8282.581
2023-12-01,gobierno,m18a24,7060.616
2023-12-01,gobierno,m3a6,4455.017
2023-12-01,gobierno,m6a9,5274.79
2023-12-01,gobierno,m9a12,3373.028
2023-12-01,gobierno,mas_2y,172119.47
2023-12-01,gobierno,pago_inmediato,3860.151
2023-12-01,gobierno,sin_fecha,0.0
2023-12-01,inversion_directa,m0a3,16102.86
2023-12-01,inversion_directa,m12a18,1400.696
2023-12-01,inversion_directa,m18a24,523.715
2023-12-01,inversion_directa,m3a6,1621.443
2023-12-01,inversion_directa,m6a9,898.718
2023-12-01,inversion_directa,m9a12,1518.842
2023-12-01,inversion_directa,mas_2y,2985.14
2023-12-01,inversion_directa,pago_inmediato,18913.719
2023-12-01,inversion_directa,sin_fecha,7796.757
2023-12-01,no_financieras,m0a3,12446.519
2023-12-01,no_financieras,m12a18,2470.242
2023-12-01,no_financieras,m18a24,2657.2
2023-12-01,no_financieras,m3a6,2787.709
2023-12-01,no_financieras,m6a9,1298.937
2023-12-01,no_financieras,m9a12,1216.598
2023-12-01,no_financieras,mas_2y,10550.15
2023-12-01,no_financieras,pago_inmediato,9891.452
2023-12-01,no_financieras,sin_fecha,5159.345
2023-12-01,otras_financieras,m0a3,270.352
2023-12-01,otras_financieras,m12a18,28.094
2023-12-01,otras_financieras,m18a24,19.235
2023-12-01,otras_financieras,m3a6,73.893
2023-12-01,otras_financieras,m6a9,121.398
2023-12-01,otras_financieras,m9a12,33.769
2023-12-01,otras_financieras,mas_2y,468.268
2023-12-01,otras_financieras,pago_inmediato,344.291
2023-12-01,otras_financieras,sin_fecha,359.371
2023-12-01,otros_sectores,m0a3,12716.871
2023-12-01,otros_sectores,m12a18,2498.336
2023-12-01,otros_sectores,m18a24,2676.435
2023-12-01,otros_sectores,m3a6,2861.602
2023-12-01,otros_sectores,m6a9,1420.335
2023-12-01,otros_sectores,m9a12,1250.367
2023-12-01,otros_sectores,mas_2y,11018.418
2023-12-01,otros_sectores,pago_inmediato,10235.743
2023-12-01,otros_sectores,sin_fecha,5518.716
2023-12-01,total,m0a3,35980.58
2023-12-01,total,m12a18,12379.738
2023-12-01,total,m18a24,10337.019
2023-12-01,total,m3a6,9560.784
2023-12-01,total,m6a9,7697.963
2023-12-01,total,m9a12,26698.618
2023-12-01,total,mas_2y,193860.399
2023-12-01,total,pago_inmediato,33027.067
2023-12-01,total,sin_fecha,13450.181
2024-03-01,bancos,m0a3,1139.24
2024-03-01,bancos,m12a18,51.691
2024-03-01,bancos,m18a24,20.296
2024-03-01,bancos,m3a6,125.192
2024-03-01,bancos,m6a9,15.393
2024-03-01,bancos,m9a12,91.736
2024-03-01,bancos,mas_2y,942.728
2024-03-01,bancos,pago_inmediato,16.482
2024-03-01,bancos,sin_fecha,215.932
2024-03-01,bcra,m0a3,66.618
2024-03-01,bcra,m12a18,205.145
2024-03-01,bcra,m18a24,139.886
2024-03-01,bcra,m3a6,122.789
2024-03-01,bcra,m6a9,146.581
2024-03-01,bcra,m9a12,18508.761
2024-03-01,bcra,mas_2y,7466.738
2024-03-01,bcra,pago_inmediato,0.0
2024-03-01,bcra,sin_fecha,0.0
2024-03-01,gobierno,m0a3,4600.871
2024-03-01,gobierno,m12a18,8607.943
2024-03-01,gobierno,m18a24,7902.828
2024-03-01,gobierno,m3a6,5213.632
2024-03-01,gobierno,m6a9,2410.446
2024-03-01,gobierno,m9a12,5838.812
2024-03-01,gobierno,mas_2y,175718.643
2024-03-01,gobierno,pago_inmediato,3838.093
2024-03-01,gobierno,sin_fecha,0.0
2024-03-01,inversion_directa,m0a3,17051.98
2024-03-01,inversion_directa,m12a18,1164.549
2024-03-01,inversion_directa,m18a24,1205.254
2024-03-01,inversion_directa,m3a6,1756.959
2024-03-01,inversion_directa,m6a9,953.605
2024-03-01,inversion_directa,m9a12,1011.543
2024-03-01,inversion_directa,mas_2y,2710.408
2024-03-01,inversion_directa,pago_inmediato,21019.228
2024-03-01,inversion_directa,sin_fecha,8540.911
2024-03-01,no_financieras,m0a3,12327.884
2024-03-01,no_financieras,m12a18,3461.7
2024-03-01,no_financieras,m18a24,1221.985
2024-03-01,no_financieras,m3a6,2613.003
2024-03-01,no_financieras,m6a9,1235.868
2024-03-01,no_financieras,m9a12,1486.722
2024-03-01,no_financieras,mas_2y,10658.804
2024-03-01,no_financieras,pago_inmediato,9279.661
2024-03-01,no_financieras,sin_fecha,4829.623
2024-03-01,otras_financieras,m0a3,331.343
2024-03-01,otras_financieras,m12a18,15.154
2024-03-01,otras_financieras,m18a24,90.492
2024-03-01,otras_financieras,m3a6,68.739
2024-03-01,otras_financieras,m6a9,18.829
2024-03-01,otras_financieras,m9a12,76.056
2024-03-01,otras_financieras,mas_2y,455.784
2024-03-01,otras_financieras,pago_inmediato,307.519
2024-03-01,otras_financieras,sin_fecha,365.685
2024-03-01,otros_sectores,m0a3,12659.227
2024-03-01,otros_sectores,m12a18,3476.854
2024-03-01,otros_sectores,m18a24,1312.477
2024-03-01,otros_sectores,m3a6,2681.742
2024-03-01,otros_sectores,m6a9,1254.697
2024-03-01,otros_sectores,m9a12,1562.778
2024-03-01,otros_sectores,mas_2y,11114.588
2024-03-01,otros_sectores,pago_inmediato,9587.18
2024-03-01,otros_sectores,sin_fecha,5195.308
2024-03-01,total,m0a3,35517.936
2024-03-01,total,m12a18,13506.182
2024-03-01,total,m18a24,10580.74
2024-03-01,total,m3a6,9900.314
2024-03-01,total,m6a9,4780.721
2024-03-01,total,m9a12,27013.63
2024-03-01,total,mas_2y,197953.105
2024-03-01,total,pago_inmediato,34460.983
2024-03-01,total,sin_fecha,13952.151
2024-06-01,bancos,m0a3,568.325
2024-06-01,bancos,m12a18,13.321
2024-06-01,bancos,m18a24,12.342
2024-06-01,bancos,m3a6,95.018
2024-06-01,bancos,m6a9,94.362
2024-06-01,bancos,m9a12,65.385
2024-06-01,bancos,mas_2y,1220.522
2024-06-01,bancos,pago_inmediato,14.039
2024-06-01,bancos,sin_fecha,177.181
2024-06-01,bcra,m0a3,213.922
2024-06-01,bcra,m12a18,592.521
2024-06-01,bcra,m18a24,944.702
2024-06-01,bcra,m3a6,246.129
2024-06-01,bcra,m6a9,209.8
2024-06-01,bcra,m9a12,18132.619
2024-06-01,bcra,mas_2y,7682.881
2024-06-01,bcra,pago_inmediato,0.0
2024-06-01,bcra,sin_fecha,0.0
2024-06-01,gobierno,m0a3,5161.848
2024-06-01,gobierno,m12a18,7452.419
2024-06-01,gobierno,m18a24,7699.591
2024-06-01,gobierno,m3a6,2586.068
2024-06-01,gobierno,m6a9,5534.426
2024-06-01,gobierno,m9a12,3383.861
2024-06-01,gobierno,mas_2y,174487.611
2024-06-01,gobierno,pago_inmediato,3830.516
2024-06-01,gobierno,sin_fecha,0.0
2024-06-01,inversion_directa,m0a3,18373.235
2024-06-01,inversion_directa,m12a18,1286.648
2024-06-01,inversion_directa,m18a24,1135.4
2024-06-01,inversion_directa,m3a6,1176.317
2024-06-01,inversion_directa,m6a9,1185.602
2024-06-01,inversion_directa,m9a12,1166.408
2024-06-01,inversion_directa,mas_2y,2253.665
2024-06-01,inversion_directa,pago_inmediato,20520.195
2024-06-01,inversion_directa,sin_fecha,8947.65
2024-06-01,no_financieras,m0a3,12004.348
2024-06-01,no_financieras,m12a18,3041.176
2024-06-01,no_financieras,m18a24,1026.146
2024-06-01,no_financieras,m3a6,2296.064
2024-06-01,no_financieras,m6a9,1465.642
2024-06-01,no_financieras,m9a12,1608.968
2024-06-01,no_financieras,mas_2y,10483.117
2024-06-01,no_financieras,pago_inmediato,8657.102
2024-06-01,no_financieras,sin_fecha,4525.973
2024-06-01,otras_financieras,m0a3,293.106
2024-06-01,otras_financieras,m12a18,11.825
2024-06-01,otras_financieras,m18a24,91.505
2024-06-01,otras_financieras,m3a6,85.089
2024-06-01,otras_financieras,m6a9,29.572
2024-06-01,otras_financieras,m9a12,50.513
2024-06-01,otras_financieras,mas_2y,493.981
2024-06-01,otras_financieras,pago_inmediato,299.481
2024-06-01,otras_financieras,sin_fecha,259.125
2024-06-01,otros_sectores,m0a3,12297.454
2024-06-01,otros_sectores,m12a18,3053.001
2024-06-01,otros_sectores,m18a24,1117.651
2024-06-01,otros_sectores,m3a6,2381.153
2024-06-01,otros_sectores,m6a9,1495.214
2024-06-01,otros_sectores,m9a12,1659.481
2024-06-01,otros_sectores,mas_2y,10977.098
2024-06-01,otros_sectores,pago_inmediato,8956.583
2024-06-01,otros_sectores,sin_fecha,4785.098
2024-06-01,total,m0a3,36614.784
2024-06-01,total,m12a18,12397.911
2024-06-01,total,m18a24,10909.686
2024-06-01,total,m3a6,6484.684
2024-06-01,total,m6a9,8519.404
2024-06-01,total,m9a12,24407.755
2024-06-01,total,mas_2y,196621.777
2024-06-01,total,pago_inmediato,33321.333
2024-06-01,total,sin_fecha,13909.929
2024-09-01,bancos,m0a3,632.176
2024-09-01,bancos,m12a18,22.367
2024-09-01,bancos,m18a24,8.82
2024-09-01,bancos,m3a6,160.857
2024-09-01,bancos,m6a9,28.901
2024-09-01,bancos,m9a12,56.731
2024-09-01,bancos,mas_2y,1219.25
2024-09-01,bancos,pago_inmediato,15.176
2024-09-01,bancos,sin_fecha,191.825
2024-09-01,bcra,m0a3,302.897
2024-09-01,bcra,m12a18,1052.8
2024-09-01,bcra,m18a24,548.85
2024-09-01,bcra,m3a6,259.9
2024-09-01,bcra,m6a9,288.213
2024-09-01,bcra,m9a12,18592.772
2024-09-01,bcra,mas_2y,8072.311
2024-09-01,bcra,pago_inmediato,0.0
2024-09-01,bcra,sin_fecha,0.0
2024-09-01,gobierno,m0a3,2487.973
2024-09-01,gobierno,m12a18,7163.958
2024-09-01,gobierno,m18a24,8006.753
2024-09-01,gobierno,m3a6,5166.439
2024-09-01,gobierno,m6a9,2552.904
2024-09-01,gobierno,m9a12,5019.435
2024-09-01,gobierno,mas_2y,169320.527
2024-09-01,gobierno,pago_inmediato,3865.78
2024-09-01,gobierno,sin_fecha,0.0
2024-09-01,inversion_directa,m0a3,17737.689
2024-09-01,inversion_directa,m12a18,1284.464
2024-09-01,inversion_directa,m18a24,724.209
2024-09-01,inversion_directa,m3a6,1754.763
2024-09-01,inversion_directa,m6a9,1423.778
2024-09-01,inversion_directa,m9a12,1015.131
2024-09-01,inversion_directa,mas_2y,2709.599
2024-09-01,inversion_directa,pago_inmediato,20683.187
2024-09-01,inversion_directa,sin_fecha,8908.916
2024-09-01,no_financieras,m0a3,11931.629
2024-09-01,no_financieras,m12a18,1273.446
2024-09-01,no_financieras,m18a24,1872.907
2024-09-01,no_financieras,m3a6,1935.325
2024-09-01,no_financieras,m6a9,1917.366
2024-09-01,no_financieras,m9a12,1322.7
2024-09-01,no_financieras,mas_2y,10559.308
2024-09-01,no_financieras,pago_inmediato,8462.004
2024-09-01,no_financieras,sin_fecha,4470.77
2024-09-01,otras_financieras,m0a3,285.772
2024-09-01,otras_financieras,m12a18,82.131
2024-09-01,otras_financieras,m18a24,16.669
2024-09-01,otras_financieras,m3a6,64.443
2024-09-01,otras_financieras,m6a9,10.979
2024-09-01,otras_financieras,m9a12,52.95
2024-09-01,otras_financieras,mas_2y,472.599
2024-09-01,otras_financieras,pago_inmediato,338.742
2024-09-01,otras_financieras,sin_fecha,257.72
2024-09-01,otros_sectores,m0a3,12217.401
2024-09-01,otros_sectores,m12a18,1355.577
2024-09-01,otros_sectores,m18a24,1889.576
2024-09-01,otros_sectores,m3a6,1999.768
2024-09-01,otros_sectores,m6a9,1928.345
2024-09-01,otros_sectores,m9a12,1375.65
2024-09-01,otros_sectores,mas_2y,11031.907
2024-09-01,otros_sectores,pago_inmediato,8800.746
2024-09-01,otros_sectores,sin_fecha,4728.49
2024-09-01,total,m0a3,33378.137
2024-09-01,total,m12a18,10879.165
2024-09-01,total,m18a24,11178.208
2024-09-01,total,m3a6,9341.728
2024-09-01,total,m6a9,6222.142
2024-09-01,total,m9a12,26059.718
2024-09-01,total,mas_2y,192353.594
2024-09-01,total,pago_inmediato,33364.888
2024-09-01,total,sin_fecha,13829.231
2024-12-01,bancos,m0a3,658.264
2024-12-01,bancos,m12a18,22.252
2024-12-01,bancos,m18a24,1058.588
2024-12-01,bancos,m3a6,149.352
2024-12-01,bancos,m6a9,106.205
2024-12-01,bancos,m9a12,24.449
2024-12-01,bancos,mas_2y,448.231
2024-12-01,bancos,pago_inmediato,20.164
2024-12-01,bancos,sin_fecha,161.585
2024-12-01,bcra,m0a3,209.748
2024-12-01,bcra,m12a18,736.261
2024-12-01,bcra,m18a24,79.029
2024-12-01,bcra,m3a6,236.207
2024-12-01,bcra,m6a9,59.501
2024-12-01,bcra,m9a12,18189.774
2024-12-01,bcra,mas_2y,7775.116
2024-12-01,bcra,pago_inmediato,0.0
2024-12-01,bcra,sin_fecha,0.0
2024-12-01,gobierno,m0a3,5092.5
2024-12-01,gobierno,m12a18,7178.206
2024-12-01,gobierno,m18a24,8009.794
2024-12-01,gobierno,m3a6,2432.154
2024-12-01,gobierno,m6a9,5057.242
2024-12-01,gobierno,m9a12,2246.795
2024-12-01,gobierno,mas_2y,167125.109
2024-12-01,gobierno,pago_inmediato,3800.928
2024-12-01,gobierno,sin_fecha,0.0
2024-12-01,inversion_directa,m0a3,16352.978
2024-12-01,inversion_directa,m12a18,1066.866
2024-12-01,inversion_directa,m18a24,608.841
2024-12-01,inversion_directa,m3a6,1835.212
2024-12-01,inversion_directa,m6a9,1241.311
2024-12-01,inversion_directa,m9a12,875.372
2024-12-01,inversion_directa,mas_2y,4702.222
2024-12-01,inversion_directa,pago_inmediato,19122.046
2024-12-01,inversion_directa,sin_fecha,8681.049
2024-12-01,no_financieras,m0a3,10702.511
2024-12-01,no_financieras,m12a18,1009.543
2024-12-01,no_financieras,m18a24,1585.614
2024-12-01,no_financieras,m3a6,2278.294
2024-12-01,no_financieras,m6a9,2052.002
2024-12-01,no_financieras,m9a12,976.796
2024-12-01,no_financieras,mas_2y,11656.502
2024-12-01,no_financieras,pago_inmediato,7998.167
2024-12-01,no_financieras,sin_fecha,4388.889
2024-12-01,otras_financieras,m0a3,289.848
2024-12-01,otras_financieras,m12a18,107.08
2024-12-01,otras_financieras,m18a24,0.951
2024-12-01,otras_financieras,m3a6,35.435
2024-12-01,otras_financieras,m6a9,11.185
2024-12-01,otras_financieras,m9a12,42.531
2024-12-01,otras_financieras,mas_2y,482.343
2024-12-01,otras_financieras,pago_inmediato,276.699
2024-12-01,otras_financieras,sin_fecha,312.64
2024-12-01,otros_sectores,m0a3,10992.359
2024-12-01,otros_sectores,m12a18,1116.623
2024-12-01,otros_sectores,m18a24,1586.565
2024-12-01,otros_sectores,m3a6,2313.729
2024-12-01,otros_sectores,m6a9,2063.187
2024-12-01,otros_sectores,m9a12,1019.327
2024-12-01,otros_sectores,mas_2y,12138.845
2024-12-01,otros_sectores,pago_inmediato,8274.866
2024-12-01,otros_sectores,sin_fecha,4701.529
2024-12-01,total,m0a3,33305.849
2024-12-01,total,m12a18,10120.208
2024-12-01,total,m18a24,11342.818
2024-12-01,total,m3a6,6966.653
2024-12-01,total,m6a9,8527.447
2024-12-01,total,m9a12,22355.717
2024-12-01,total,mas_2y,192189.523
2024-12-01,total,pago_inmediato,31218.004
2024-12-01,total,sin_fecha,13544.163
2025-03-01,bancos,m0a3,855.702
2025-03-01,bancos,m12a18,30.683
2025-03-01,bancos,m18a24,1071.029
2025-03-01,bancos,m3a6,199.907
2025-03-01,bancos,m6a9,146.778
2025-03-01,bancos,m9a12,23.978
2025-03-01,bancos,mas_2y,404.026
2025-03-01,bancos,pago_inmediato,23.785
2025-03-01,bancos,sin_fecha,225.182
2025-03-01,bcra,m0a3,188.952
2025-03-01,bcra,m12a18,410.284
2025-03-01,bcra,m18a24,748.774
2025-03-01,bcra,m3a6,60.635
2025-03-01,bcra,m6a9,351.606
2025-03-01,bcra,m9a12,18235.413
2025-03-01,bcra,mas_2y,8218.145
2025-03-01,bcra,pago_inmediato,0.0
2025-03-01,bcra,sin_fecha,0.0
2025-03-01,gobierno,m0a3,2454.815
2025-03-01,gobierno,m12a18,7888.137
2025-03-01,gobierno,m18a24,8059.127
2025-03-01,gobierno,m3a6,4974.605
2025-03-01,gobierno,m6a9,2214.397
2025-03-01,gobierno,m9a12,4926.681
2025-03-01,gobierno,mas_2y,162004.754
2025-03-01,gobierno,pago_inmediato,3838.845
2025-03-01,gobierno,sin_fecha,0.0
2025-03-01,inversion_directa,m0a3,16002.679
2025-03-01,inversion_directa,m12a18,439.472
2025-03-01,inversion_directa,m18a24,1493.285
2025-03-01,inversion_directa,m3a6,2044.09
2025-03-01,inversion_directa,m6a9,809.647
2025-03-01,inversion_directa,m9a12,1435.509
2025-03-01,inversion_directa,mas_2y,4277.608
2025-03-01,inversion_directa,pago_inmediato,19336.258
2025-03-01,inversion_directa,sin_fecha,8429.929
2025-03-01,no_financieras,m0a3,11546.435
2025-03-01,no_financieras,m12a18,1309.553
2025-03-01,no_financieras,m18a24,1411.987
2025-03-01,no_financieras,m3a6,2413.887
2025-03-01,no_financieras,m6a9,1111.171
2025-03-01,no_financieras,m9a12,739.413
2025-03-01,no_financieras,mas_2y,13560.889
2025-03-01,no_financieras,pago_inmediato,7995.001
2025-03-01,no_financieras,sin_fecha,4440.12
2025-03-01,otras_financieras,m0a3,246.235
2025-03-01,otras_financieras,m12a18,33.628
2025-03-01,otras_financieras,m18a24,1.007
2025-03-01,otras_financieras,m3a6,18.239
2025-03-01,otras_financieras,m6a9,4.361
2025-03-01,otras_financieras,m9a12,113.53
2025-03-01,otras_financieras,mas_2y,375.523
2025-03-01,otras_financieras,pago_inmediato,275.574
2025-03-01,otras_financieras,sin_fecha,502.023
2025-03-01,otros_sectores,m0a3,11792.67
2025-03-01,otros_sectores,m12a18,1343.181
2025-03-01,otros_sectores,m18a24,1412.994
2025-03-01,otros_sectores,m3a6,2432.126
2025-03-01,otros_sectores,m6a9,1115.532
2025-03-01,otros_sectores,m9a12,852.943
2025-03-01,otros_sectores,mas_2y,13936.412
2025-03-01,otros_sectores,pago_inmediato,8270.575
2025-03-01,otros_sectores,sin_fecha,4942.143
2025-03-01,total,m0a3,31294.818
2025-03-01,total,m12a18,10111.757
2025-03-01,total,m18a24,12785.209
2025-03-01,total,m3a6,9711.363
2025-03-01,total,m6a9,4637.959
2025-03-01,total,m9a12,25474.524
2025-03-01,total,mas_2y,188840.944
2025-03-01,total,pago_inmediato,31469.463
2025-03-01,total,sin_fecha,13597.254
2025-06-01,bancos,m0a3,651.911
2025-06-01,bancos,m12a18,1241.629
2025-06-01,bancos,m18a24,4.102
2025-06-01,bancos,m3a6,194.356
2025-06-01,bancos,m6a9,160.697
2025-06-01,bancos,m9a12,21.711
2025-06-01,bancos,mas_2y,1061.662
2025-06-01,bancos,pago_inmediato,16.438
2025-06-01,bancos,sin_fecha,187.224
2025-06-01,bcra,m0a3,62.382
2025-06-01,bcra,m12a18,149.386
2025-06-01,bcra,m18a24,2657.694
2025-06-01,bcra,m3a6,252.649
2025-06-01,bcra,m6a9,220.639
2025-06-01,bcra,m9a12,18402.937
2025-06-01,bcra,mas_2y,8864.248
2025-06-01,bcra,pago_inmediato,0.0
2025-06-01,bcra,sin_fecha,0.0
2025-06-01,gobierno,m0a3,5379.972
2025-06-01,gobierno,m12a18,8850.191
2025-06-01,gobierno,m18a24,9571.054
2025-06-01,gobierno,m3a6,2567.394
2025-06-01,gobierno,m6a9,5200.284
2025-06-01,gobierno,m9a12,2773.511
2025-06-01,gobierno,mas_2y,186480.859
2025-06-01,gobierno,pago_inmediato,3917.086
2025-06-01,gobierno,sin_fecha,0.0
2025-06-01,inversion_directa,m0a3,18011.968
2025-06-01,inversion_directa,m12a18,1237.496
2025-06-01,inversion_directa,m18a24,1023.557
2025-06-01,inversion_directa,m3a6,1469.762
2025-06-01,inversion_directa,m6a9,1304.067
2025-06-01,inversion_directa,m9a12,591.422
2025-06-01,inversion_directa,mas_2y,5141.87
2025-06-01,inversion_directa,pago_inmediato,19036.567
2025-06-01,inversion_directa,sin_fecha,8655.385
2025-06-01,no_financieras,m0a3,11935.465
2025-06-01,no_financieras,m12a18,1046.274
2025-06-01,no_financieras,m18a24,916.051
2025-06-01,no_financieras,m3a6,2279.607
2025-06-01,no_financieras,m6a9,865.903
2025-06-01,no_financieras,m9a12,740.011
2025-06-01,no_financieras,mas_2y,14182.237
2025-06-01,no_financieras,pago_inmediato,8130.901
2025-06-01,no_financieras,sin_fecha,5845.531
2025-06-01,otras_financieras,m0a3,196.648
2025-06-01,otras_financieras,m12a18,34.402
2025-06-01,otras_financieras,m18a24,1.371
2025-06-01,otras_financieras,m3a6,31.748
2025-06-01,otras_financieras,m6a9,84.389
2025-06-01,otras_financieras,m9a12,34.102
2025-06-01,otras_financieras,mas_2y,380.537
2025-06-01,otras_financieras,pago_inmediato,259.237
2025-06-01,otras_financieras,sin_fecha,567.984
2025-06-01,otros_sectores,m0a3,12132.113
2025-06-01,otros_sectores,m12a18,1080.676
2025-06-01,otros_sectores,m18a24,917.422
2025-06-01,otros_sectores,m3a6,2311.355
2025-06-01,otros_sectores,m6a9,950.292
2025-06-01,otros_sectores,m9a12,774.113
2025-06-01,otros_sectores,mas_2y,14562.774
2025-06-01,otros_sectores,pago_inmediato,8390.138
2025-06-01,otros_sectores,sin_fecha,6413.515
2025-06-01,total,m0a3,36238.346
2025-06-01,total,m12a18,12559.377
2025-06-01,total,m18a24,14173.83
2025-06-01,total,m3a6,6795.516
2025-06-01,total,m6a9,7835.978
2025-06-01,total,m9a12,22563.695
2025-06-01,total,mas_2y,216111.413
2025-06-01,total,pago_inmediato,31360.228
2025-06-01,total,sin_fecha,15256.124
2025-09-01,bancos,m0a3,1075.662
2025-09-01,bancos,m12a18,986.918
2025-09-01,bancos,m18a24,93.237
2025-09-01,bancos,m3a6,391.16
2025-09-01,bancos,m6a9,178.73
2025-09-01,bancos,m9a12,19.259
2025-09-01,bancos,mas_2y,1846.106
2025-09-01,bancos,pago_inmediato,31.233
2025-09-01,bancos,sin_fecha,310.879
2025-09-01,bcra,m0a3,155.908
2025-09-01,bcra,m12a18,135.241
2025-09-01,bcra,m18a24,2426.642
2025-09-01,bcra,m3a6,134.644
2025-09-01,bcra,m6a9,158.494
2025-09-01,bcra,m9a12,18311.41
2025-09-01,bcra,mas_2y,8724.819
2025-09-01,bcra,pago_inmediato,0.0
2025-09-01,bcra,sin_fecha,0.0
2025-09-01,gobierno,m0a3,2758.097
2025-09-01,gobierno,m12a18,9081.255
2025-09-01,gobierno,m18a24,10858.777
2025-09-01,gobierno,m3a6,5382.94
2025-09-01,gobierno,m6a9,2875.842
2025-09-01,gobierno,m9a12,6050.26
2025-09-01,gobierno,mas_2y,187970.287
2025-09-01,gobierno,pago_inmediato,3912.992
2025-09-01,gobierno,sin_fecha,0.0
2025-09-01,inversion_directa,m0a3,17954.833
2025-09-01,inversion_directa,m12a18,1954.654
2025-09-01,inversion_directa,m18a24,1216.27
2025-09-01,inversion_directa,m3a6,1939.36
2025-09-01,inversion_directa,m6a9,1074.824
2025-09-01,inversion_directa,m9a12,1233.131
2025-09-01,inversion_directa,mas_2y,6149.311
2025-09-01,inversion_directa,pago_inmediato,18744.62
2025-09-01,inversion_directa,sin_fecha,9056.727
2025-09-01,no_financieras,m0a3,13798.509
2025-09-01,no_financieras,m12a18,1084.964
2025-09-01,no_financieras,m18a24,1470.591
2025-09-01,no_financieras,m3a6,2731.264
2025-09-01,no_financieras,m6a9,1095.145
2025-09-01,no_financieras,m9a12,987.467
2025-09-01,no_financieras,mas_2y,16500.268
2025-09-01,no_financieras,pago_inmediato,7834.35
2025-09-01,no_financieras,sin_fecha,5679.765
2025-09-01,otras_financieras,m0a3,290.769
2025-09-01,otras_financieras,m12a18,30.754
2025-09-01,otras_financieras,m18a24,2.328
2025-09-01,otras_financieras,m3a6,11.38
2025-09-01,otras_financieras,m6a9,76.108
2025-09-01,otras_financieras,m9a12,38.415
2025-09-01,otras_financieras,mas_2y,400.639
2025-09-01,otras_financieras,pago_inmediato,259.025
2025-09-01,otras_financieras,sin_fecha,342.929
2025-09-01,otros_sectores,m0a3,14089.278
2025-09-01,otros_sectores,m12a18,1115.718
2025-09-01,otros_sectores,m18a24,1472.919
2025-09-01,otros_sectores,m3a6,2742.644
2025-09-01,otros_sectores,m6a9,1171.253
2025-09-01,otros_sectores,m9a12,1025.882
2025-09-01,otros_sectores,mas_2y,16900.907
2025-09-01,otros_sectores,pago_inmediato,8093.375
2025-09-01,otros_sectores,sin_fecha,6022.694
2025-09-01,total,m0a3,36033.778
2025-09-01,total,m12a18,13273.786
2025-09-01,total,m18a24,16067.845
2025-09-01,total,m3a6,10590.748
2025-09-01,total,m6a9,5459.144
2025-09-01,total,m9a12,26639.941
2025-09-01,total,mas_2y,221591.43
2025-09-01,total,pago_inmediato,30782.22
2025-09-01,total,sin_fecha,15390.3
2025-12-01,bancos,m0a3,1280.632
2025-12-01,bancos,m12a18,77.057
2025-12-01,bancos,m18a24,98.207
2025-12-01,bancos,m3a6,343.172
2025-12-01,bancos,m6a9,226.755
2025-12-01,bancos,m9a12,977.21
2025-12-01,bancos,mas_2y,2029.104
2025-12-01,bancos,pago_inmediato,26.504
2025-12-01,bancos,sin_fecha,185.038
2025-12-01,bcra,m0a3,164.674
2025-12-01,bcra,m12a18,452.358
2025-12-01,bcra,m18a24,2391.426
2025-12-01,bcra,m3a6,189.326
2025-12-01,bcra,m6a9,52.817
2025-12-01,bcra,m9a12,21175.349
2025-12-01,bcra,mas_2y,8353.433
2025-12-01,bcra,pago_inmediato,0.0
2025-12-01,bcra,sin_fecha,0.0
2025-12-01,gobierno,m0a3,5543.741
2025-12-01,gobierno,m12a18,10003.936
2025-12-01,gobierno,m18a24,11107.899
2025-12-01,gobierno,m3a6,2898.453
2025-12-01,gobierno,m6a9,6237.463
2025-12-01,gobierno,m9a12,2949.064
2025-12-01,gobierno,mas_2y,189060.414
2025-12-01,gobierno,pago_inmediato,3809.726
2025-12-01,gobierno,sin_fecha,0.0
2025-12-01,inversion_directa,m0a3,15398.838
2025-12-01,inversion_directa,m12a18,956.918
2025-12-01,inversion_directa,m18a24,1843.684
2025-12-01,inversion_directa,m3a6,1676.225
2025-12-01,inversion_directa,m6a9,709.954
2025-12-01,inversion_directa,m9a12,815.89
2025-12-01,inversion_directa,mas_2y,5373.845
2025-12-01,inversion_directa,pago_inmediato,18783.529
2025-12-01,inversion_directa,sin_fecha,8860.569
2025-12-01,no_financieras,m0a3,11292.355
2025-12-01,no_financieras,m12a18,1043.902
2025-12-01,no_financieras,m18a24,1516.012
2025-12-01,no_financieras,m3a6,1773.154
2025-12-01,no_financieras,m6a9,1166.514
2025-12-01,no_financieras,m9a12,705.819
2025-12-01,no_financieras,mas_2y,20827.46
2025-12-01,no_financieras,pago_inmediato,7991.267
2025-12-01,no_financieras,sin_fecha,5738.495
2025-12-01,otras_financieras,m0a3,222.041
2025-12-01,otras_financieras,m12a18,41.908
2025-12-01,otras_financieras,m18a24,7.218
2025-12-01,otras_financieras,m3a6,28.204
2025-12-01,otras_financieras,m6a9,15.974
2025-12-01,otras_financieras,m9a12,55.898
2025-12-01,otras_financieras,mas_2y,390.183
2025-12-01,otras_financieras,pago_inmediato,227.811
2025-12-01,otras_financieras,sin_fecha,283.318
2025-12-01,otros_sectores,m0a3,11514.396
2025-12-01,otros_sectores,m12a18,1085.81
2025-12-01,otros_sectores,m18a24,1523.23
2025-12-01,otros_sectores,m3a6,1801.358
2025-12-01,otros_sectores,m6a9,1182.488
2025-12-01,otros_sectores,m9a12,761.717
2025-12-01,otros_sectores,mas_2y,21217.643
2025-12-01,otros_sectores,pago_inmediato,8219.078
2025-12-01,otros_sectores,sin_fecha,6021.813
2025-12-01,total,m0a3,33902.281
2025-12-01,total,m12a18,12576.079
2025-12-01,total,m18a24,16964.446
2025-12-01,total,m3a6,6908.534
2025-12-01,total,m6a9,8409.477
2025-12-01,total,m9a12,26679.23
2025-12-01,total,mas_2y,226034.439
2025-12-01,total,pago_inmediato,30838.837
2025-12-01,total,sin_fecha,15067.42
