fecha,dext_total,dext_gobierno,dext_bcra,dext_bancos,dext_otros_sectores,dext_otras_financieras,dext_no_financieras,dext_inversion_directa
2006-03-01,130145.321,80208.278,772.341,5403.871,29921.893,2725.955,27195.938,13838.938
2006-06-01,133565.591,83587.148,816.842,5364.126,29965.455,2817.536,27147.919,13832.021
2006-09-01,133936.592,83793.107,1363.654,5238.105,29404.282,3021.924,26382.358,14137.444
2006-12-01,137089.894,87606.45,882.134,5249.269,29746.175,2829.507,26916.668,13605.866
2007-03-01,139734.393,90120.152,1661.514,5005.63,29181.098,2773.287,26407.812,13765.999
2007-06-01,147362.026,93612.861,3069.164,5306.193,30210.643,2530.181,27680.463,15163.165
2007-09-01,149670.472,94768.099,3166.292,5682.154,30592.835,2206.095,28386.74,15461.092
2007-12-01,153400.455,98081.464,3792.027,5886.193,30336.953,1697.509,28639.444,15303.819
2008-03-01,158391.882,100760.238,3463.7,6105.278,31904.17,1723.355,30180.815,16158.496
2008-06-01,162093.251,100389.201,3353,6402.662,34151.079,1714.345,32436.734,17797.308
2008-09-01,158342.605,94295.573,4122.287,6005.171,34586.893,1668.07,32918.824,19332.682
2008-12-01,154090.862,91816.398,4545.046,5226.33,32853.803,1592.814,31260.988,19649.285
2009-03-01,150056.197,89424.931,5988.186,4510.419,31270.119,1564.969,29705.15,18862.542
2009-06-01,151290.377,91044.17,5491.951,4252.119,31531.426,1577.416,29954.011,18970.71
2009-09-01,153727.132,92519.07,7378.91,3961.889,31488.998,1445.521,30043.478,18378.264
2009-12-01,149359.189,92423.034,5556.691,3522.642,29693.283,1460.005,28233.278,18163.539
2010-03-01,148520.591,90864.41,6111.791,3246.59,29820.017,1304.652,28515.366,18477.783
2010-06-01,140919.256,81942.936,4576.495,2982.038,31948.263,1261.392,30686.871,19469.525
2010-09-01,143410.66,83551.145,4175.96,3132.901,32529.606,1242.601,31287.005,20021.048
2010-12-01,144653.295,86090.665,2598.863,2937.889,32457.307,1206.472,31250.835,20568.571
2011-03-01,148792.12,87345.73,2689.906,2983.941,34240.983,1381.877,32859.105,21531.56
2011-06-01,154528.662,88655.509,2700.771,3575.256,37228.882,1346.732,35882.15,22368.243
2011-09-01,155737.792,86391.386,5634.981,4082.812,37713.314,1329.078,36384.236,21915.299
2011-12-01,156299.88,85041.282,7590.485,4151.366,36738.599,1289.687,35448.912,22778.148
2012-03-01,158565.249,87113.355,6614.162,3545.956,36952.934,1296.26,35656.674,24338.842
2012-06-01,159405.28,85968.949,5560.777,3901.648,38286.14,1277.391,37008.749,25687.767
2012-09-01,157647.573,85245.723,5602.47,3358.052,37467.585,1206.013,36261.571,25973.743
2012-12-01,156478.164,86259.905,5601.267,3032.833,35053.858,1168.326,33885.532,26530.301
2013-03-01,155181.834,84901.675,5439.898,2634.616,35451.306,1173.83,34277.476,26754.339
2013-06-01,153754.172,84815.992,2537.888,2731.297,36641.693,1350.496,35291.198,27027.301
2013-09-01,155356.744,85746.563,3388.498,3315.569,35400.581,1309.229,34091.352,27505.533
2013-12-01,155488.923,87845.936,3598.463,3007.945,33625.002,1278.324,32346.678,27411.577
2014-03-01,156119.679,88918.615,2538.652,3376.213,34246.447,1247.548,32998.899,27039.753
2014-06-01,161891.128,94658.428,2608.599,3821.301,34990.708,1204.256,33786.452,25812.092
2014-09-01,156730.225,91828.475,2901.767,3593.063,32509.738,1188.822,31320.917,25897.181
2014-12-01,158742.249,91584.56,6644.783,2730.618,31549.212,1358.932,30190.28,26233.076
2015-03-01,160671.005,89322.977,8847.809,3046.651,32201.417,1198.891,31002.526,27252.151
2015-06-01,167581.443,89812.208,10313.201,3920.236,35357.392,1286.292,34071.101,28178.406
2015-09-01,171551.108,90309.479,13768.73,3947.663,35162.208,1340.042,33822.165,28363.029
2015-12-01,167411.836,87700.89,13958.017,3929.737,34891.344,1362.555,33528.789,26931.848
2016-03-01,176643.531,91900.882,19377.964,3650.456,34919.62,1153.95,33765.67,26794.608
2016-06-01,176971.042,94398.971,20258.258,3356.811,33329.134,1203.382,32125.752,25627.868
2016-09-01,179954.611,98730.624,18491.17,3782.348,34399.842,1647.129,32752.713,24550.627
2016-12-01,181432.364,108956.515,13065.683,3847.83,34017.417,1490.612,32526.804,21544.92
2017-03-01,199161.103,123153.212,13416.591,3911.754,36043.053,2032.149,34010.904,22636.494
2017-06-01,204914.416,126939.845,14081.307,4283.003,37006.934,2029.242,34977.692,22603.327
2017-09-01,217509.916,134281.075,15195.688,5118.757,39200.545,2882.892,36317.653,23713.851
2017-12-01,234548.946,142828.62,18460.727,5793.722,43672.281,3065.041,40607.24,23793.597
2018-03-01,253168.064,153048.493,23238.63,6485.944,46600.107,3542.617,43057.49,23794.891
2018-06-01,261678.652,161506.99,20444.062,6668.397,49736.683,3650.004,46086.678,23322.521
2018-09-01,255050.209,158511.444,16544.311,5717.026,51329.594,3739.278,47590.316,22947.835
2018-12-01,277827.009,173583.167,23746.344,5545.043,51217.137,3982.829,47234.308,23735.318
2019-03-01,275662.069,169721.201,24217.531,5507.751,52530.119,4180.768,48349.351,23685.467
2019-06-01,283129.144,175969.153,23777.567,5185.098,54467.956,4139.176,50328.78,23729.369
2019-09-01,276814.528,171927.68,22986.646,4997.161,53827.01,4068.618,49758.392,23076.032
2019-12-01,278489.213,172897.797,24503.012,4818.944,53336.094,3985.73,49350.363,22933.366
2020-03-01,275165.384,170281.932,23159.015,4411.949,45302.413,1922.777,43379.636,32010.075
2020-06-01,269913.106,167275.49,23720.936,3820.701,44151.799,1831.406,42320.393,30944.18
2020-09-01,267537.066,165215.617,24518.173,4313.596,41950.244,1895.242,40055.002,31539.435
2020-12-01,270694.358,168397.338,25358.933,3149.13,42035.719,1914.425,40121.295,31753.237
2021-03-01,267693.501,165000.778,25230.304,2864.273,41834.781,1924.793,39909.988,32763.365
2021-06-01,268856.593,163946.707,25539.875,3288.28,42739.344,1513.882,41225.462,33342.387
2021-09-01,267444.942,160281.648,29852.618,3318.271,41697.545,1474.584,40222.961,32294.859
2021-12-01,266476.392,160678.153,30501.049,2866.12,40119.718,1601.775,38517.943,32311.352
2022-03-01,273273.774,164238.1,30520.306,3184.378,41222.851,1542.302,39680.549,34108.139
2022-06-01,273641.72,162397.196,29143.395,2996.827,41968.343,1491.458,40476.885,37135.959
2022-09-01,270401.044,152618.714,27764.24,3140.366,45666.145,1596.565,44069.58,41211.579
2022-12-01,275682.297,160690.15,28598.315,3111.826,43509.182,1707.243,41801.939,39772.824
2023-03-01,274577.658,158638.179,28744.285,3118.434,42556.913,1602.317,40954.596,41519.846
2023-06-01,275447.776,155116.463,27671.645,2953.622,44497.882,1661.64,42836.242,45208.164
2023-09-01,277464.07,151570.072,27486.523,3027.075,46709.517,1727.14,44982.377,48670.884
2023-12-01,283963.58,153533.481,27265.638,2477.504,48785.33,1721.66,47063.67,51901.627
2024-03-01,284808.767,153291.836,26073.575,2620.439,48309.865,1653.957,46655.908,54513.053
2024-06-01,281598.004,150399.667,27316.664,2285.215,46273.075,1520.718,44752.357,55323.383
2024-09-01,282208.965,150200.39,28145.748,2361.934,45355.952,1516.903,43839.049,56144.942
2024-12-01,277257.379,148367.93,26738.24,2671.266,45045.357,1558.635,43486.722,54434.586
2025-03-01,281259.177,148982.32,27656.234,2980.447,46771.157,1660.964,45110.193,54869.019
2025-06-01,307237.632,167654.44,30036.574,3539.956,49349.5,1377.823,47971.677,56657.162
2025-09-01,318596.182,171352.523,29537.869,4933.184,53267.55,1372.622,51894.928,59505.056
2025-12-01,320304.787,174999.254,32314.869,5243.679,53327.533,1272.555,52054.978,54419.452
