fecha,embi_latam
2007-10-29,2.32541
2007-10-30,2.30653
2007-10-31,2.20068
2007-11-01,2.31998
2007-11-02,2.39996
2007-11-05,2.42442
2007-11-06,2.38971
2007-11-07,2.47772
2007-11-08,2.57815
2007-11-09,2.60902
2007-11-13,2.61044
2007-11-14,2.5716
2007-11-15,2.65696
2007-11-16,2.74317
2007-11-19,2.85871
2007-11-20,2.8669
2007-11-21,2.97554
2007-11-23,2.96685
2007-11-26,3.17503
2007-11-27,3.08411
2007-11-28,2.9371
2007-11-29,2.98609
2007-11-30,2.87468
2007-12-03,2.93318
2007-12-04,2.96126
2007-12-05,2.92367
2007-12-06,2.83025
2007-12-07,2.75081
2007-12-10,2.66265
2007-12-11,2.78755
2007-12-12,2.76957
2007-12-13,2.68404
2007-12-14,2.65798
2007-12-17,2.73281
2007-12-18,2.78313
2007-12-19,2.84403
2007-12-20,2.88081
2007-12-21,2.75794
2007-12-24,2.68821
2007-12-26,2.65788
2007-12-27,2.67462
2007-12-28,2.75061
2007-12-31,2.82889
2008-01-02,2.91826
2008-01-03,2.90606
2008-01-04,2.96998
2008-01-07,2.94029
2008-01-08,2.89441
2008-01-09,2.98822
2008-01-10,2.87985
2008-01-11,2.9114
2008-01-14,2.93884
2008-01-15,3.01646
2008-01-16,3.01025
2008-01-17,3.11538
2008-01-18,3.13649
2008-01-22,3.31002
2008-01-23,3.37785
2008-01-24,3.14313
2008-01-25,3.21105
2008-01-28,3.20386
2008-01-29,3.15697
2008-01-30,3.08008
2008-01-31,3.18018
2008-02-01,3.20026
2008-02-04,3.13943
2008-02-05,3.24063
2008-02-06,3.23768
2008-02-07,3.1486
2008-02-08,3.31794
2008-02-11,3.333
2008-02-12,3.25006
2008-02-13,3.21483
2008-02-14,3.16785
2008-02-15,3.2433
2008-02-19,3.21609
2008-02-20,3.15192
2008-02-21,3.21962
2008-02-22,3.1634
2008-02-25,3.05587
2008-02-26,3.04995
2008-02-27,3.07073
2008-02-28,3.19938
2008-02-29,3.32779
2008-03-03,3.37151
2008-03-04,3.28163
2008-03-05,3.19853
2008-03-06,3.25483
2008-03-07,3.38489
2008-03-10,3.47193
2008-03-11,3.29216
2008-03-12,3.39285
2008-03-13,3.391
2008-03-14,3.53988
2008-03-17,3.71035
2008-03-18,3.49829
2008-03-19,3.58599
2008-03-20,3.58617
2008-03-24,3.42661
2008-03-25,3.44668
2008-03-26,3.47817
2008-03-27,3.44549
2008-03-28,3.4954
2008-03-31,3.55374
2008-04-01,3.43475
2008-04-02,3.37999
2008-04-03,3.33275
2008-04-04,3.3708
2008-04-07,3.28116
2008-04-08,3.26745
2008-04-09,3.34733
2008-04-10,3.28205
2008-04-11,3.31547
2008-04-14,3.28474
2008-04-15,3.218
2008-04-16,3.08121
2008-04-17,3.09158
2008-04-18,3.08122
2008-04-21,3.14085
2008-04-22,3.16543
2008-04-23,3.15448
2008-04-24,3.09867
2008-04-25,3.09433
2008-04-28,3.1136
2008-04-29,3.10328
2008-04-30,3.09117
2008-05-01,3.03226
2008-05-02,2.96235
2008-05-05,2.94434
2008-05-06,2.90901
2008-05-07,2.96411
2008-05-08,3.04442
2008-05-09,3.09266
2008-05-12,3.09627
2008-05-13,3.01489
2008-05-14,2.98741
2008-05-15,3.03725
2008-05-16,2.9885
2008-05-19,2.9816
2008-05-20,3.02675
2008-05-21,3.00033
2008-05-22,2.92879
2008-05-23,3.00532
2008-05-27,2.94915
2008-05-28,2.93103
2008-05-29,2.84273
2008-05-30,2.83111
2008-06-02,2.86275
2008-06-03,2.92068
2008-06-04,2.87096
2008-06-05,2.82531
2008-06-06,2.91566
2008-06-09,2.93517
2008-06-10,2.81517
2008-06-11,2.84828
2008-06-12,2.80676
2008-06-13,2.77951
2008-06-16,2.81664
2008-06-17,2.82356
2008-06-18,2.86636
2008-06-19,2.85194
2008-06-20,2.94084
2008-06-23,2.93326
2008-06-24,3.00993
2008-06-25,3.04001
2008-06-26,3.19798
2008-06-27,3.27329
2008-06-30,3.24961
2008-07-01,3.2932
2008-07-02,3.3293
2008-07-03,3.30821
2008-07-07,3.34578
2008-07-08,3.40583
2008-07-09,3.43931
2008-07-10,3.48236
2008-07-11,3.41282
2008-07-14,3.48135
2008-07-15,3.52366
2008-07-16,3.44072
2008-07-17,3.32853
2008-07-18,3.28461
2008-07-21,3.28564
2008-07-22,3.27596
2008-07-23,3.22435
2008-07-24,3.33293
2008-07-25,3.2588
2008-07-28,3.3293
2008-07-29,3.29571
2008-07-30,3.29138
2008-07-31,3.37059
2008-08-01,3.41598
2008-08-04,3.41093
2008-08-05,3.3788
2008-08-06,3.34396
2008-08-07,3.45472
2008-08-08,3.50458
2008-08-11,3.43243
2008-08-12,3.50305
2008-08-13,3.48026
2008-08-14,3.50342
2008-08-15,3.51983
2008-08-18,3.56739
2008-08-19,3.54089
2008-08-20,3.58381
2008-08-21,3.55504
2008-08-22,3.5372
2008-08-25,3.6016
2008-08-26,3.60153
2008-08-27,3.60097
2008-08-28,3.55568
2008-08-29,3.51038
2008-09-02,3.58248
2008-09-03,3.64488
2008-09-04,3.71938
2008-09-05,3.75357
2008-09-08,3.68371
2008-09-09,3.84079
2008-09-10,3.85007
2008-09-11,3.91208
2008-09-12,3.94158
2008-09-15,4.40358
2008-09-16,4.79929
2008-09-17,4.97036
2008-09-18,4.78008
2008-09-19,4.14942
2008-09-22,4.05154
2008-09-23,4.17364
2008-09-24,4.29208
2008-09-25,4.24795
2008-09-26,4.38778
2008-09-29,4.77131
2008-09-30,4.74981
2008-10-01,4.86119
2008-10-02,5.0726
2008-10-03,5.0516
2008-10-06,5.80022
2008-10-07,5.85762
2008-10-08,6.26514
2008-10-09,6.38538
2008-10-10,6.99171
2008-10-14,6.23531
2008-10-15,6.54507
2008-10-16,6.89976
2008-10-17,6.92298
2008-10-20,7.06037
2008-10-21,7.65428
2008-10-22,8.825
2008-10-23,9.21713
2008-10-24,9.12088
2008-10-27,8.88641
2008-10-28,8.48042
2008-10-29,8.11935
2008-10-30,7.82943
2008-10-31,7.47313
2008-11-03,7.2686
2008-11-04,6.93141
2008-11-05,7.20544
2008-11-06,7.32469
2008-11-07,7.2628
2008-11-10,7.16422
2008-11-12,7.48424
2008-11-13,7.70066
2008-11-14,7.7191
2008-11-17,7.66189
2008-11-18,7.77355
2008-11-19,8.02047
2008-11-20,8.4186
2008-11-21,8.44474
2008-11-24,8.07081
2008-11-25,7.93411
2008-11-26,7.9341
2008-11-28,7.94659
2008-12-01,8.30276
2008-12-02,8.32782
2008-12-03,8.29023
2008-12-04,8.40991
2008-12-05,8.32474
2008-12-08,8.103
2008-12-09,8.10827
2008-12-10,8.06338
2008-12-11,8.05069
2008-12-12,8.17376
2008-12-15,8.29401
2008-12-16,8.33698
2008-12-17,8.02561
2008-12-18,8.00262
2008-12-19,7.9064
2008-12-22,7.86506
2008-12-23,7.78285
2008-12-24,7.77393
2008-12-26,7.77763
2008-12-29,7.82682
2008-12-30,7.76595
2008-12-31,7.75058
2009-01-02,7.52782
2009-01-05,7.29334
2009-01-06,7.11939
2009-01-07,7.18482
2009-01-08,7.34549
2009-01-09,7.32682
2009-01-12,7.45854
2009-01-13,7.48735
2009-01-14,7.60637
2009-01-15,7.66937
2009-01-16,7.56762
2009-01-20,7.6742
2009-01-21,7.56398
2009-01-22,7.4905
2009-01-23,7.45779
2009-01-26,7.39185
2009-01-27,7.45886
2009-01-28,7.27494
2009-01-29,7.25106
2009-01-30,7.14288
2009-02-02,7.28957
2009-02-03,7.19731
2009-02-04,7.25245
2009-02-05,7.33036
2009-02-06,7.18619
2009-02-09,7.1347
2009-02-10,7.35555
2009-02-11,7.48646
2009-02-12,7.57572
2009-02-13,7.35843
2009-02-17,7.60516
2009-02-18,7.46433
2009-02-19,7.223
2009-02-20,7.28325
2009-02-23,7.39465
2009-02-24,7.34464
2009-02-25,7.17831
2009-02-26,7.13691
2009-02-27,7.11195
2009-03-02,7.29481
2009-03-03,7.29939
2009-03-04,7.19542
2009-03-05,7.45914
2009-03-06,7.48841
2009-03-09,7.47741
2009-03-10,7.34704
2009-03-11,7.37941
2009-03-12,7.33025
2009-03-13,7.30301
2009-03-16,7.20317
2009-03-17,7.18998
2009-03-18,7.37828
2009-03-19,7.18833
2009-03-20,7.21235
2009-03-23,7.19913
2009-03-24,7.22053
2009-03-25,7.19802
2009-03-26,7.15522
2009-03-27,7.1655
2009-03-30,7.26975
2009-03-31,7.23781
2009-04-01,7.24511
2009-04-02,7.02662
2009-04-03,6.73355
2009-04-06,6.67032
2009-04-07,6.72991
2009-04-08,6.63116
2009-04-09,6.52171
2009-04-13,6.48957
2009-04-14,6.5716
2009-04-15,6.56113
2009-04-16,6.45121
2009-04-17,6.40944
2009-04-20,6.61359
2009-04-21,6.54491
2009-04-22,6.47165
2009-04-23,6.49549
2009-04-24,6.35125
2009-04-27,6.45477
2009-04-28,6.34706
2009-04-29,6.20408
2009-04-30,6.10497
2009-05-01,6.06174
2009-05-04,5.96653
2009-05-05,5.81394
2009-05-06,5.62788
2009-05-07,5.51081
2009-05-08,5.51804
2009-05-11,5.68254
2009-05-12,5.74194
2009-05-13,5.90843
2009-05-14,5.84
2009-05-15,5.84082
2009-05-18,5.69496
2009-05-19,5.60962
2009-05-20,5.56975
2009-05-21,5.54615
2009-05-22,5.4894
2009-05-26,5.39528
2009-05-27,5.19989
2009-05-28,5.22858
2009-05-29,5.32918
2009-06-01,4.99479
2009-06-02,5.05552
2009-06-03,5.15143
2009-06-04,5.01943
2009-06-05,4.906
2009-06-08,4.86809
2009-06-09,4.80122
2009-06-10,4.78069
2009-06-11,4.74406
2009-06-12,4.78205
2009-06-15,4.90178
2009-06-16,4.99493
2009-06-17,5.13363
2009-06-18,5.0465
2009-06-19,5.10974
2009-06-22,5.28711
2009-06-23,5.32262
2009-06-24,5.21693
2009-06-25,5.22152
2009-06-26,5.18167
2009-06-29,5.05971
2009-06-30,4.63629
2009-07-01,4.56831
2009-07-02,4.68621
2009-07-06,4.69806
2009-07-07,4.73861
2009-07-08,4.92947
2009-07-09,4.79702
2009-07-10,4.90767
2009-07-13,4.86222
2009-07-14,4.73429
2009-07-15,4.59163
2009-07-16,4.57426
2009-07-17,4.43582
2009-07-20,4.46715
2009-07-21,4.55813
2009-07-22,4.4584
2009-07-23,4.23639
2009-07-24,4.28192
2009-07-27,4.18781
2009-07-28,4.21246
2009-07-29,4.2679
2009-07-30,4.25005
2009-07-31,4.36646
2009-08-03,4.10061
2009-08-04,3.99019
2009-08-05,3.88257
2009-08-06,3.93221
2009-08-07,3.79539
2009-08-10,3.90824
2009-08-11,4.04881
2009-08-12,4.04324
2009-08-13,4.13161
2009-08-14,4.16185
2009-08-17,4.22368
2009-08-18,4.16055
2009-08-19,4.22601
2009-08-20,4.25151
2009-08-21,4.09588
2009-08-24,4.11199
2009-08-25,4.17686
2009-08-26,4.23927
2009-08-27,4.22855
2009-08-28,4.25767
2009-08-31,4.31934
2009-09-01,4.35132
2009-09-02,4.39912
2009-09-03,4.26429
2009-09-04,4.2133
2009-09-08,3.99993
2009-09-09,3.9679
2009-09-10,4.07066
2009-09-11,3.9943
2009-09-14,3.86911
2009-09-15,3.72554
2009-09-16,3.57988
2009-09-17,3.67492
2009-09-18,3.63105
2009-09-21,3.64796
2009-09-22,3.6407
2009-09-23,3.69151
2009-09-24,3.76578
2009-09-25,3.8448
2009-09-28,3.85343
2009-09-29,3.82651
2009-09-30,3.72745
2009-10-01,3.86256
2009-10-02,3.83987
2009-10-05,3.67275
2009-10-06,3.60482
2009-10-07,3.69085
2009-10-08,3.51641
2009-10-09,3.3814
2009-10-13,3.49592
2009-10-14,3.42309
2009-10-15,3.45485
2009-10-16,3.52407
2009-10-19,3.56923
2009-10-20,3.61147
2009-10-21,3.59729
2009-10-22,3.60285
2009-10-23,3.59094
2009-10-26,3.59653
2009-10-27,3.80756
2009-10-28,3.91013
2009-10-29,3.7409
2009-10-30,3.77481
2009-11-02,3.78861
2009-11-03,3.79527
2009-11-04,3.70429
2009-11-05,3.7249
2009-11-06,3.72547
2009-11-09,3.63318
2009-11-10,3.60282
2009-11-12,3.63332
2009-11-13,3.649
2009-11-16,3.7003
2009-11-17,3.70089
2009-11-18,3.63324
2009-11-19,3.66833
2009-11-20,3.64444
2009-11-23,3.602
2009-11-24,3.62417
2009-11-25,3.61762
2009-11-27,3.73459
2009-11-30,3.81726
2009-12-01,3.72262
2009-12-02,3.74726
2009-12-03,3.73458
2009-12-04,3.64963
2009-12-07,3.65568
2009-12-08,3.72518
2009-12-09,3.72682
2009-12-10,3.67718
2009-12-11,3.60388
2009-12-14,3.56283
2009-12-15,3.54053
2009-12-16,3.55506
2009-12-17,3.71242
2009-12-18,3.65172
2009-12-21,3.53105
2009-12-22,3.49107
2009-12-23,3.50465
2009-12-24,3.46422
2009-12-28,3.39803
2009-12-29,3.42152
2009-12-30,3.4247
2009-12-31,3.39051
2010-01-04,3.31047
2010-01-05,3.33141
2010-01-06,3.25685
2010-01-07,3.27171
2010-01-08,3.27673
2010-01-11,3.16038
2010-01-12,3.27306
2010-01-13,3.28346
2010-01-14,3.36799
2010-01-15,3.44597
2010-01-19,3.40685
2010-01-20,3.48029
2010-01-21,3.5899
2010-01-22,3.62753
2010-01-25,3.56124
2010-01-26,3.5836
2010-01-27,3.61185
2010-01-28,3.64333
2010-01-29,3.69005
2010-02-01,3.63708
2010-02-02,3.63795
2010-02-03,3.61641
2010-02-04,3.798
2010-02-05,3.88295
2010-02-08,3.8306
2010-02-09,3.76513
2010-02-10,3.6746
2010-02-11,3.58116
2010-02-12,3.6505
2010-02-16,3.65045
2010-02-17,3.58619
2010-02-18,3.54786
2010-02-19,3.54747
2010-02-22,3.52858
2010-02-23,3.67418
2010-02-24,3.61079
2010-02-25,3.58602
2010-02-26,3.56241
2010-03-01,3.45338
2010-03-02,3.43378
2010-03-03,3.47224
2010-03-04,3.46169
2010-03-05,3.32967
2010-03-08,3.26844
2010-03-09,3.2317
2010-03-10,3.19845
2010-03-11,3.1804
2010-03-12,3.19813
2010-03-15,3.19688
2010-03-16,3.21668
2010-03-17,3.19974
2010-03-18,3.18325
2010-03-19,3.17499
2010-03-22,3.20405
2010-03-23,3.18146
2010-03-24,3.07231
2010-03-25,3.03274
2010-03-26,3.07206
2010-03-29,3.06336
2010-03-30,3.04862
2010-03-31,3.08009
2010-04-01,3.05986
2010-04-05,2.88944
2010-04-06,2.92222
2010-04-07,3.03761
2010-04-08,3.0141
2010-04-09,3.003
2010-04-12,3.03375
2010-04-13,3.03381
2010-04-14,2.93083
2010-04-15,2.87522
2010-04-16,2.98386
2010-04-19,2.95502
2010-04-20,2.93186
2010-04-21,2.98951
2010-04-22,2.98465
2010-04-23,2.95486
2010-04-26,2.94272
2010-04-27,3.12939
2010-04-28,3.06505
2010-04-29,3.14122
2010-04-30,3.1915
2010-05-03,3.13932
2010-05-04,3.3366
2010-05-05,3.49115
2010-05-06,3.84267
2010-05-07,3.80432
2010-05-10,3.53333
2010-05-11,3.49654
2010-05-12,3.40216
2010-05-13,3.36714
2010-05-14,3.55649
2010-05-17,3.55249
2010-05-18,3.72966
2010-05-19,3.83139
2010-05-20,4.04198
2010-05-21,4.04885
2010-05-24,4.01064
2010-05-25,4.15282
2010-05-26,4.04042
2010-05-27,3.87709
2010-05-28,3.93392
2010-06-01,3.9146
2010-06-02,3.82286
2010-06-03,3.75693
2010-06-04,3.98982
2010-06-07,4.02213
2010-06-08,4.11834
2010-06-09,4.04902
2010-06-10,3.88089
2010-06-11,3.95868
2010-06-14,3.88411
2010-06-15,3.80599
2010-06-16,3.7889
2010-06-17,3.80947
2010-06-18,3.71442
2010-06-21,3.68917
2010-06-22,3.7837
2010-06-23,3.83449
2010-06-24,3.8237
2010-06-25,3.84283
2010-06-28,3.85974
2010-06-29,3.96534
2010-06-30,4.03151
2010-07-01,4.09271
2010-07-02,4.03964
2010-07-06,4.03608
2010-07-07,3.93709
2010-07-08,3.86709
2010-07-09,3.79301
2010-07-12,3.77589
2010-07-13,3.69233
2010-07-14,3.75379
2010-07-15,3.7964
2010-07-16,3.81222
2010-07-19,3.75212
2010-07-20,3.72886
2010-07-21,3.77648
2010-07-22,3.66862
2010-07-23,3.59699
2010-07-26,3.52488
2010-07-27,3.47491
2010-07-28,3.51931
2010-07-29,3.49654
2010-07-30,3.56671
2010-08-02,3.43457
2010-08-03,3.44314
2010-08-04,3.35396
2010-08-05,3.3889
2010-08-06,3.44384
2010-08-09,3.33254
2010-08-10,3.36945
2010-08-11,3.40992
2010-08-12,3.40747
2010-08-13,3.46601
2010-08-16,3.56281
2010-08-17,3.40621
2010-08-18,3.34147
2010-08-19,3.39917
2010-08-20,3.42431
2010-08-23,3.3942
2010-08-24,3.55723
2010-08-25,3.57107
2010-08-26,3.67211
2010-08-27,3.57864
2010-08-30,3.72094
2010-08-31,3.75632
2010-09-01,3.62147
2010-09-02,3.58086
2010-09-03,3.5113
2010-09-07,3.65739
2010-09-08,3.6854
2010-09-09,3.60876
2010-09-10,3.55948
2010-09-13,3.5866
2010-09-14,3.61226
2010-09-15,3.51171
2010-09-16,3.43269
2010-09-17,3.47994
2010-09-20,3.51866
2010-09-21,3.61844
2010-09-22,3.60719
2010-09-23,3.63395
2010-09-24,3.53731
2010-09-27,3.55218
2010-09-28,3.58306
2010-09-29,3.50127
2010-09-30,3.5071
2010-10-01,3.4694
2010-10-04,3.50904
2010-10-05,3.48129
2010-10-06,3.50726
2010-10-07,3.48226
2010-10-08,3.44732
2010-10-12,3.31435
2010-10-13,3.23274
2010-10-14,3.21162
2010-10-15,3.20251
2010-10-18,3.28971
2010-10-19,3.3737
2010-10-20,3.36159
2010-10-21,3.33783
2010-10-22,3.27459
2010-10-25,3.19843
2010-10-26,3.13589
2010-10-27,3.05214
2010-10-28,3.0604
2010-10-29,3.11894
2010-11-01,3.08023
2010-11-02,3.10567
2010-11-03,3.06185
2010-11-04,3.07334
2010-11-05,3.03502
2010-11-08,3.11702
2010-11-09,3.08446
2010-11-10,3.13988
2010-11-12,3.16288
2010-11-15,3.12821
2010-11-16,3.32442
2010-11-17,3.2493
2010-11-18,3.21253
2010-11-19,3.23194
2010-11-22,3.30007
2010-11-23,3.37117
2010-11-24,3.21901
2010-11-26,3.21901
2010-11-29,3.40274
2010-11-30,3.49535
2010-12-01,3.30393
2010-12-02,3.23635
2010-12-03,3.17399
2010-12-06,3.21083
2010-12-07,3.03402
2010-12-08,3.07641
2010-12-09,3.08422
2010-12-10,3.05425
2010-12-13,3.08965
2010-12-14,2.98072
2010-12-15,3.07064
2010-12-16,3.15165
2010-12-17,3.28441
2010-12-20,3.22305
2010-12-21,3.2316
2010-12-22,3.17068
2010-12-23,3.14672
2010-12-27,3.12966
2010-12-28,3.11136
2010-12-29,3.17991
2010-12-30,3.13771
2010-12-31,3.18023
2011-01-03,3.10281
2011-01-04,2.97841
2011-01-05,2.93228
2011-01-06,2.97341
2011-01-07,3.04882
2011-01-10,3.08736
2011-01-11,3.01178
2011-01-12,2.97991
2011-01-13,2.99819
2011-01-14,3.00836
2011-01-18,2.9685
2011-01-19,3.05163
2011-01-20,3.00296
2011-01-21,3.01209
2011-01-24,2.9906
2011-01-25,3.07356
2011-01-26,2.99372
2011-01-27,3.05987
2011-01-28,3.2165
2011-01-31,3.1579
2011-02-01,3.03776
2011-02-02,2.97233
2011-02-03,2.96153
2011-02-04,2.90744
2011-02-07,2.93956
2011-02-08,2.902
2011-02-09,3.00375
2011-02-10,3.00849
2011-02-11,3.05415
2011-02-14,3.14126
2011-02-15,3.18422
2011-02-16,3.11836
2011-02-17,3.11127
2011-02-18,3.10064
2011-02-22,3.22718
2011-02-23,3.23909
2011-02-24,3.28163
2011-02-25,3.25841
2011-02-28,3.2318
2011-03-01,3.22404
2011-03-02,3.14652
2011-03-03,3.02317
2011-03-04,3.08361
2011-03-07,3.06947
2011-03-08,2.991
2011-03-09,3.05335
2011-03-10,3.18025
2011-03-11,3.14997
2011-03-14,3.19353
2011-03-15,3.26341
2011-03-16,3.37901
2011-03-17,3.32849
2011-03-18,3.30038
2011-03-21,3.24334
2011-03-22,3.26655
2011-03-23,3.22107
2011-03-24,3.16586
2011-03-25,3.11959
2011-03-28,3.11326
2011-03-29,3.13886
2011-03-30,3.11935
2011-03-31,3.17925
2011-04-01,3.13989
2011-04-04,3.14921
2011-04-05,3.12368
2011-04-06,3.05253
2011-04-07,3.03699
2011-04-08,3.0139
2011-04-11,3.01794
2011-04-12,3.09211
2011-04-13,3.11971
2011-04-14,3.13448
2011-04-15,3.17857
2011-04-18,3.23428
2011-04-19,3.25717
2011-04-20,3.20123
2011-04-21,3.20069
2011-04-25,3.24505
2011-04-26,3.29257
2011-04-27,3.28088
2011-04-28,3.27732
2011-04-29,3.24591
2011-05-02,3.21588
2011-05-03,3.24618
2011-05-04,3.26115
2011-05-05,3.29183
2011-05-06,3.27302
2011-05-09,3.27464
2011-05-10,3.23156
2011-05-11,3.27044
2011-05-12,3.19117
2011-05-13,3.19634
2011-05-16,3.22001
2011-05-17,3.24582
2011-05-18,3.19147
2011-05-19,3.16988
2011-05-20,3.1809
2011-05-23,3.2061
2011-05-24,3.23548
2011-05-25,3.23906
2011-05-26,3.33349
2011-05-27,3.3305
2011-05-31,3.30912
2011-06-01,3.38352
2011-06-02,3.31729
2011-06-03,3.33482
2011-06-06,3.36308
2011-06-07,3.31942
2011-06-08,3.37416
2011-06-09,3.308
2011-06-10,3.33124
2011-06-13,3.33655
2011-06-14,3.21632
2011-06-15,3.34764
2011-06-16,3.42952
2011-06-17,3.42439
2011-06-20,3.39071
2011-06-21,3.34604
2011-06-22,3.3045
2011-06-23,3.38829
2011-06-24,3.42449
2011-06-27,3.31639
2011-06-28,3.21579
2011-06-29,3.13879
2011-06-30,3.0546
2011-07-01,3.00572
2011-07-05,3.08105
2011-07-06,3.11827
2011-07-07,3.05077
2011-07-08,3.16695
2011-07-11,3.28584
2011-07-12,3.31688
2011-07-13,3.33626
2011-07-14,3.28752
2011-07-15,3.30951
2011-07-18,3.29297
2011-07-19,3.29676
2011-07-20,3.24588
2011-07-21,3.15252
2011-07-22,3.17987
2011-07-25,3.1426
2011-07-26,3.15442
2011-07-27,3.11363
2011-07-28,3.09615
2011-07-29,3.14265
2011-08-01,3.08909
2011-08-02,3.15806
2011-08-03,3.18332
2011-08-04,3.38245
2011-08-05,3.38232
2011-08-08,3.77064
2011-08-09,3.83559
2011-08-10,3.9057
2011-08-11,3.86978
2011-08-12,3.84576
2011-08-15,3.71809
2011-08-16,3.78124
2011-08-17,3.75795
2011-08-18,3.87486
2011-08-19,3.85554
2011-08-22,3.85457
2011-08-23,3.8552
2011-08-24,3.72811
2011-08-25,3.77597
2011-08-26,3.82445
2011-08-29,3.72072
2011-08-30,3.77041
2011-08-31,3.66218
2011-09-01,3.76421
2011-09-02,3.88585
2011-09-06,3.93602
2011-09-07,3.85915
2011-09-08,3.90948
2011-09-09,4.03699
2011-09-12,4.08178
2011-09-13,4.04735
2011-09-14,4.10949
2011-09-15,4.0494
2011-09-16,4.05301
2011-09-19,4.23854
2011-09-20,4.19859
2011-09-21,4.32415
2011-09-22,4.65782
2011-09-23,4.64197
2011-09-26,4.67709
2011-09-27,4.49156
2011-09-28,4.55642
2011-09-29,4.54455
2011-09-30,4.64301
2011-10-03,4.78003
2011-10-04,4.79775
2011-10-05,4.72267
2011-10-06,4.55373
2011-10-07,4.47557
2011-10-11,4.28361
2011-10-12,4.10673
2011-10-13,4.18703
2011-10-14,4.06999
2011-10-17,4.11854
2011-10-18,4.13532
2011-10-19,4.12489
2011-10-20,4.15999
2011-10-21,4.09262
2011-10-24,4.04334
2011-10-25,4.08916
2011-10-26,3.98596
2011-10-27,3.68816
2011-10-28,3.8079
2011-10-31,3.93324
2011-11-01,4.02894
2011-11-02,4.01081
2011-11-03,3.83962
2011-11-04,3.86256
2011-11-07,3.90666
2011-11-08,3.80401
2011-11-09,3.97652
2011-11-10,3.89142
2011-11-14,3.90571
2011-11-15,3.90376
2011-11-16,3.94499
2011-11-17,4.05929
2011-11-18,4.05067
2011-11-21,4.16388
2011-11-22,4.19135
2011-11-23,4.28658
2011-11-25,4.28658
2011-11-28,4.22028
2011-11-29,4.18473
2011-11-30,4.04376
2011-12-01,3.97552
2011-12-02,4.00995
2011-12-05,3.97934
2011-12-06,3.89756
2011-12-07,3.95009
2011-12-08,3.98415
2011-12-09,3.87314
2011-12-12,3.91256
2011-12-13,3.93775
2011-12-14,4.03007
2011-12-15,4.03416
2011-12-16,4.09783
2011-12-19,4.13396
2011-12-20,4.01665
2011-12-21,3.9654
2011-12-22,3.95677
2011-12-23,3.87471
2011-12-27,3.8861
2011-12-28,3.97517
2011-12-29,3.99812
2011-12-30,4.00922
2012-01-03,3.91242
2012-01-04,3.89321
2012-01-05,3.88597
2012-01-06,3.93427
2012-01-09,3.93755
2012-01-10,3.96223
2012-01-11,4.07891
2012-01-12,4.06453
2012-01-13,4.12785
2012-01-17,4.11195
2012-01-18,4.04599
2012-01-19,3.93175
2012-01-20,3.86129
2012-01-23,3.81621
2012-01-24,3.83565
2012-01-25,3.80869
2012-01-26,3.86702
2012-01-27,3.88593
2012-01-30,3.93674
2012-01-31,3.91588
2012-02-01,3.81385
2012-02-02,3.82675
2012-02-03,3.69411
2012-02-06,3.72574
2012-02-07,3.66884
2012-02-08,3.67937
2012-02-09,3.63731
2012-02-10,3.71822
2012-02-13,3.62645
2012-02-14,3.68693
2012-02-15,3.69837
2012-02-16,3.65447
2012-02-17,3.60818
2012-02-21,3.55308
2012-02-22,3.53659
2012-02-23,3.57409
2012-02-24,3.57204
2012-02-27,3.60032
2012-02-28,3.55953
2012-02-29,3.51856
2012-03-01,3.44867
2012-03-02,3.42813
2012-03-05,3.45803
2012-03-06,3.54692
2012-03-07,3.49649
2012-03-08,3.40754
2012-03-09,3.39337
2012-03-12,3.35514
2012-03-13,3.25854
2012-03-14,3.15999
2012-03-15,3.16693
2012-03-16,3.16909
2012-03-19,3.1163
2012-03-20,3.13712
2012-03-21,3.1946
2012-03-22,3.24134
2012-03-23,3.28552
2012-03-26,3.29508
2012-03-27,3.34342
2012-03-28,3.34397
2012-03-29,3.3921
2012-03-30,3.3255
2012-04-02,3.34764
2012-04-03,3.26798
2012-04-04,3.34598
2012-04-05,3.42052
2012-04-09,3.5351
2012-04-10,3.59092
2012-04-11,3.52502
2012-04-12,3.46094
2012-04-13,3.52715
2012-04-16,3.55478
2012-04-17,3.49027
2012-04-18,3.54841
2012-04-19,3.49476
2012-04-20,3.46201
2012-04-23,3.51553
2012-04-24,3.4857
2012-04-25,3.45338
2012-04-26,3.47031
2012-04-27,3.45849
2012-04-30,3.43185
2012-05-01,3.38848
2012-05-02,3.37885
2012-05-03,3.35189
2012-05-04,3.41585
2012-05-07,3.42236
2012-05-08,3.47564
2012-05-09,3.52567
2012-05-10,3.48863
2012-05-11,3.58613
2012-05-14,3.71459
2012-05-15,3.78561
2012-05-16,3.85686
2012-05-17,3.95675
2012-05-18,3.97777
2012-05-21,3.93585
2012-05-22,3.90748
2012-05-23,4.03429
2012-05-24,4.02953
2012-05-25,4.04162
2012-05-29,4.05702
2012-05-30,4.18265
2012-05-31,4.23127
2012-06-01,4.31484
2012-06-04,4.22794
2012-06-05,4.08601
2012-06-06,3.92347
2012-06-07,3.9279
2012-06-08,3.91922
2012-06-11,3.98787
2012-06-12,3.88542
2012-06-13,3.87187
2012-06-14,3.83546
2012-06-15,3.75036
2012-06-18,3.81287
2012-06-19,3.77761
2012-06-20,3.78847
2012-06-21,3.84798
2012-06-22,3.79967
2012-06-25,3.87649
2012-06-26,3.84867
2012-06-27,3.83648
2012-06-28,3.88238
2012-06-29,3.74597
2012-07-02,3.78171
2012-07-03,3.67957
2012-07-05,3.6938
2012-07-06,3.74505
2012-07-09,3.74737
2012-07-10,3.74658
2012-07-11,3.70331
2012-07-12,3.69855
2012-07-13,3.64163
2012-07-16,3.61552
2012-07-17,3.55637
2012-07-18,3.58668
2012-07-19,3.5594
2012-07-20,3.62319
2012-07-23,3.6798
2012-07-24,3.75041
2012-07-25,3.74698
2012-07-26,3.70401
2012-07-27,3.53541
2012-07-30,3.53116
2012-07-31,3.51239
2012-08-01,3.41583
2012-08-02,3.45797
2012-08-03,3.31568
2012-08-06,3.30767
2012-08-07,3.25546
2012-08-08,3.23173
2012-08-09,3.25655
2012-08-10,3.31392
2012-08-13,3.31066
2012-08-14,3.28358
2012-08-15,3.23087
2012-08-16,3.22521
2012-08-17,3.25068
2012-08-20,3.26316
2012-08-21,3.23838
2012-08-22,3.27024
2012-08-23,3.30443
2012-08-24,3.30177
2012-08-27,3.3246
2012-08-28,3.3106
2012-08-29,3.30135
2012-08-30,3.33353
2012-08-31,3.37215
2012-09-04,3.33437
2012-09-05,3.29915
2012-09-06,3.20021
2012-09-07,3.17269
2012-09-10,3.14729
2012-09-11,3.122
2012-09-12,3.07379
2012-09-13,3.07229
2012-09-14,2.9821
2012-09-17,2.99666
2012-09-18,3.05315
2012-09-19,3.06729
2012-09-20,3.09097
2012-09-21,3.07557
2012-09-24,3.09885
2012-09-25,3.16316
2012-09-26,3.21553
2012-09-27,3.16531
2012-09-28,3.18852
2012-10-01,3.14592
2012-10-02,3.14501
2012-10-03,3.11402
2012-10-04,3.05658
2012-10-05,2.97351
2012-10-09,3.05403
2012-10-10,3.09209
2012-10-11,3.07716
2012-10-12,3.04519
2012-10-15,2.9964
2012-10-16,2.93696
2012-10-17,2.87289
2012-10-18,2.84097
2012-10-19,2.91784
2012-10-22,2.90999
2012-10-23,2.92177
2012-10-24,2.92103
2012-10-25,2.89941
2012-10-26,3.06114
2012-10-29,3.10934
2012-10-31,3.16949
2012-11-01,3.15761
2012-11-02,3.16091
2012-11-05,3.13801
2012-11-06,3.078
2012-11-07,3.17411
2012-11-08,3.2131
2012-11-09,3.25665
2012-11-13,3.30427
2012-11-14,3.33636
2012-11-15,3.37121
2012-11-16,3.36034
2012-11-19,3.29642
2012-11-20,3.25698
2012-11-21,3.21847
2012-11-23,3.21847
2012-11-26,3.29169
2012-11-27,3.24392
2012-11-28,3.25477
2012-11-29,3.18557
2012-11-30,3.16757
2012-12-03,3.15208
2012-12-04,3.1198
2012-12-05,3.11857
2012-12-06,3.09599
2012-12-07,3.07768
2012-12-10,3.03365
2012-12-11,3.0223
2012-12-12,2.97105
2012-12-13,2.96473
2012-12-14,2.96866
2012-12-17,2.94413
2012-12-18,2.89879
2012-12-19,2.90169
2012-12-20,2.90789
2012-12-21,2.95658
2012-12-24,2.94108
2012-12-26,2.94715
2012-12-27,2.9781
2012-12-28,2.98223
2012-12-31,2.92152
2013-01-02,2.79966
2013-01-03,2.72333
2013-01-04,2.73994
2013-01-07,2.80344
2013-01-08,2.88873
2013-01-09,2.92498
2013-01-10,2.90162
2013-01-11,2.92724
2013-01-14,2.9248
2013-01-15,2.93897
2013-01-16,2.93047
2013-01-17,2.88758
2013-01-18,2.90474
2013-01-22,2.91294
2013-01-23,2.90977
2013-01-24,2.91435
2013-01-25,2.85011
2013-01-28,2.85185
2013-01-29,2.8603
2013-01-30,2.90448
2013-01-31,2.97866
2013-02-01,2.93467
2013-02-04,2.98107
2013-02-05,2.94852
2013-02-06,2.98573
2013-02-07,2.97289
2013-02-08,2.93924
2013-02-11,2.95975
2013-02-12,2.99116
2013-02-13,2.96525
2013-02-14,2.9812
2013-02-15,2.98681
2013-02-19,2.97635
2013-02-20,3.02769
2013-02-21,3.09093
2013-02-22,3.09893
2013-02-25,3.13824
2013-02-26,3.14524
2013-02-27,3.11572
2013-02-28,3.17329
2013-03-01,3.17506
2013-03-04,3.14129
2013-03-05,3.10108
2013-03-06,3.07646
2013-03-07,3.07041
2013-03-08,3.04082
2013-03-11,3.04671
2013-03-12,3.04572
2013-03-13,3.07719
2013-03-14,3.07176
2013-03-15,3.14328
2013-03-18,3.17977
2013-03-19,3.26196
2013-03-20,3.23389
2013-03-21,3.253
2013-03-22,3.2727
2013-03-25,3.27561
2013-03-26,3.28391
2013-03-27,3.33446
2013-03-28,3.28735
2013-04-01,3.2999
2013-04-02,3.25152
2013-04-03,3.24272
2013-04-04,3.19784
2013-04-05,3.19764
2013-04-08,3.13329
2013-04-09,3.08472
2013-04-10,3.04261
2013-04-11,3.03394
2013-04-12,3.06985
2013-04-15,3.12298
2013-04-16,3.17525
2013-04-17,3.18633
2013-04-18,3.20004
2013-04-19,3.16642
2013-04-22,3.16624
2013-04-23,3.15282
2013-04-24,3.16465
2013-04-25,3.17371
2013-04-26,3.19956
2013-04-29,3.17602
2013-04-30,3.15711
2013-05-01,3.15272
2013-05-02,3.1262
2013-05-03,3.07299
2013-05-06,3.06398
2013-05-07,3.05367
2013-05-08,3.07352
2013-05-09,3.03735
2013-05-10,3.02313
2013-05-13,3.05827
2013-05-14,3.01789
2013-05-15,3.06992
2013-05-16,3.13542
2013-05-17,3.07848
2013-05-20,3.10734
2013-05-21,3.15043
2013-05-22,3.09999
2013-05-23,3.18683
2013-05-24,3.21706
2013-05-28,3.22755
2013-05-29,3.35712
2013-05-30,3.37046
2013-05-31,3.38636
2013-06-03,3.45275
2013-06-04,3.45432
2013-06-05,3.53405
2013-06-06,3.59231
2013-06-07,3.49939
2013-06-10,3.55644
2013-06-11,3.7456
2013-06-12,3.68323
2013-06-13,3.54707
2013-06-14,3.57537
2013-06-17,3.57966
2013-06-18,3.65083
2013-06-19,3.72143
2013-06-20,3.93253
2013-06-21,3.92663
2013-06-24,4.07512
2013-06-25,4.00853
2013-06-26,3.92109
2013-06-27,3.8741
2013-06-28,3.83171
2013-07-01,3.73375
2013-07-02,3.72133
2013-07-03,3.74322
2013-07-05,3.65521
2013-07-08,3.71961
2013-07-09,3.74927
2013-07-10,3.735
2013-07-11,3.78594
2013-07-12,3.73346
2013-07-15,3.67385
2013-07-16,3.63349
2013-07-17,3.55632
2013-07-18,3.41861
2013-07-19,3.46632
2013-07-22,3.43465
2013-07-23,3.40222
2013-07-24,3.41816
2013-07-25,3.46905
2013-07-26,3.55251
2013-07-29,3.58467
2013-07-30,3.6026
2013-07-31,3.61587
2013-08-01,3.55655
2013-08-02,3.60331
2013-08-05,3.57098
2013-08-06,3.5445
2013-08-07,3.60978
2013-08-08,3.59911
2013-08-09,3.60421
2013-08-12,3.56871
2013-08-13,3.50182
2013-08-14,3.51101
2013-08-15,3.51945
2013-08-16,3.50156
2013-08-19,3.58579
2013-08-20,3.66435
2013-08-21,3.72204
2013-08-22,3.6806
2013-08-23,3.75164
2013-08-26,3.76237
2013-08-27,3.87819
2013-08-28,3.85997
2013-08-29,3.90838
2013-08-30,3.87056
2013-09-03,3.81683
2013-09-04,3.83556
2013-09-05,3.77591
2013-09-06,3.74459
2013-09-09,3.6953
2013-09-10,3.70321
2013-09-11,3.67306
2013-09-12,3.69169
2013-09-13,3.6638
2013-09-16,3.58979
2013-09-17,3.53855
2013-09-18,3.47368
2013-09-19,3.42534
2013-09-20,3.44934
2013-09-23,3.45103
2013-09-24,3.51043
2013-09-25,3.54564
2013-09-26,3.62224
2013-09-27,3.64062
2013-09-30,3.71008
2013-10-01,3.69683
2013-10-02,3.73839
2013-10-03,3.74569
2013-10-04,3.66582
2013-10-07,3.64606
2013-10-08,3.62248
2013-10-09,3.6001
2013-10-10,3.53383
2013-10-11,3.51164
2013-10-15,3.4565
2013-10-16,3.51764
2013-10-17,3.55322
2013-10-18,3.46289
2013-10-21,3.44804
2013-10-22,3.49942
2013-10-23,3.50375
2013-10-24,3.51909
2013-10-25,3.52539
2013-10-28,3.51414
2013-10-29,3.53384
2013-10-30,3.49696
2013-10-31,3.50235
2013-11-01,3.50707
2013-11-04,3.51123
2013-11-05,3.52196
2013-11-06,3.55823
2013-11-07,3.63184
2013-11-08,3.61151
2013-11-12,3.74064
2013-11-13,3.76764
2013-11-14,3.73506
2013-11-15,3.68189
2013-11-18,3.67903
2013-11-19,3.71255
2013-11-20,3.66339
2013-11-21,3.68697
2013-11-22,3.67433
2013-11-25,3.69984
2013-11-26,3.75095
2013-11-27,3.73401
2013-11-29,3.73401
2013-12-02,3.75614
2013-12-03,3.79228
2013-12-04,3.77589
2013-12-05,3.74518
2013-12-06,3.6976
2013-12-09,3.68363
2013-12-10,3.69518
2013-12-11,3.67292
2013-12-12,3.61245
2013-12-13,3.57413
2013-12-16,3.53734
2013-12-17,3.61718
2013-12-18,3.583
2013-12-19,3.52782
2013-12-20,3.53968
2013-12-23,3.51018
2013-12-24,3.46146
2013-12-26,3.45386
2013-12-27,3.46524
2013-12-30,3.4953
2013-12-31,3.45551
2014-01-02,3.47811
2014-01-03,3.45932
2014-01-06,3.50037
2014-01-07,3.55946
2014-01-08,3.54115
2014-01-09,3.54948
2014-01-10,3.65124
2014-01-13,3.68619
2014-01-14,3.63316
2014-01-15,3.57988
2014-01-16,3.65242
2014-01-17,3.68801
2014-01-21,3.69479
2014-01-22,3.74237
2014-01-23,3.88203
2014-01-24,3.97708
2014-01-27,3.96091
2014-01-28,3.93841
2014-01-29,4.05539
2014-01-30,4.07225
2014-01-31,4.10846
2014-02-03,4.19702
2014-02-04,4.09513
2014-02-05,4.02376
2014-02-06,3.9819
2014-02-07,3.90797
2014-02-10,3.93447
2014-02-11,3.89229
2014-02-12,3.84715
2014-02-13,3.87734
2014-02-14,3.86505
2014-02-18,3.92604
2014-02-19,3.91139
2014-02-20,3.87175
2014-02-21,3.85064
2014-02-24,3.77035
2014-02-25,3.77884
2014-02-26,3.81275
2014-02-27,3.76329
2014-02-28,3.69298
2014-03-03,3.76333
2014-03-04,3.63146
2014-03-05,3.59817
2014-03-06,3.54819
2014-03-07,3.50107
2014-03-10,3.52441
2014-03-11,3.54498
2014-03-12,3.55816
2014-03-13,3.64276
2014-03-14,3.6334
2014-03-17,3.58727
2014-03-18,3.58709
2014-03-19,3.53836
2014-03-20,3.55364
2014-03-21,3.5242
2014-03-24,3.51121
2014-03-25,3.46479
2014-03-26,3.45215
2014-03-27,3.41002
2014-03-28,3.40308
2014-03-31,3.38839
2014-04-01,3.32744
2014-04-02,3.29689
2014-04-03,3.29047
2014-04-04,3.27158
2014-04-07,3.28647
2014-04-08,3.28025
2014-04-09,3.23602
2014-04-10,3.2481
2014-04-11,3.27756
2014-04-14,3.27283
2014-04-15,3.30137
2014-04-16,3.27134
2014-04-17,3.18163
2014-04-21,3.16412
2014-04-22,3.18157
2014-04-23,3.22372
2014-04-24,3.2362
2014-04-25,3.28112
2014-04-28,3.23463
2014-04-29,3.19881
2014-04-30,3.2197
2014-05-01,3.22606
2014-05-02,3.21925
2014-05-05,3.21649
2014-05-06,3.19902
2014-05-07,3.14782
2014-05-08,3.11887
2014-05-09,3.13093
2014-05-12,3.10578
2014-05-13,3.12961
2014-05-14,3.16681
2014-05-15,3.23332
2014-05-16,3.22135
2014-05-19,3.20116
2014-05-20,3.25734
2014-05-21,3.22194
2014-05-22,3.23059
2014-05-23,3.2315
2014-05-27,3.24657
2014-05-28,3.23926
2014-05-29,3.17489
2014-05-30,3.16667
2014-06-02,3.13266
2014-06-03,3.10953
2014-06-04,3.10444
2014-06-05,3.06114
2014-06-06,2.96785
2014-06-09,2.95544
2014-06-10,2.97419
2014-06-11,3.0289
2014-06-12,3.08794
2014-06-13,3.03587
2014-06-16,3.11103
2014-06-17,3.10717
2014-06-18,3.0668
2014-06-19,3.06361
2014-06-20,2.99366
2014-06-23,2.96956
2014-06-24,2.99579
2014-06-25,2.97648
2014-06-26,2.9925
2014-06-27,3.00475
2014-06-30,3.0326
2014-07-01,2.98321
2014-07-02,2.94286
2014-07-03,2.92538
2014-07-07,2.93254
2014-07-08,2.94688
2014-07-09,2.9139
2014-07-10,2.94133
2014-07-11,2.95403
2014-07-14,2.96519
2014-07-15,2.98105
2014-07-16,2.98607
2014-07-17,3.06188
2014-07-18,2.99682
2014-07-21,3.02047
2014-07-22,2.99261
2014-07-23,2.94169
2014-07-24,2.89326
2014-07-25,2.98938
2014-07-28,3.00895
2014-07-29,3.0541
2014-07-30,2.91358
2014-07-31,3.02075
2014-08-01,3.14607
2014-08-04,3.1724
2014-08-05,3.21763
2014-08-06,3.19906
2014-08-07,3.2448
2014-08-08,3.26322
2014-08-11,3.24585
2014-08-12,3.24689
2014-08-13,3.24504
2014-08-14,3.22329
2014-08-15,3.2507
2014-08-18,3.20295
2014-08-19,3.17143
2014-08-20,3.17624
2014-08-21,3.20799
2014-08-22,3.23543
2014-08-25,3.22799
2014-08-26,3.19812
2014-08-27,3.15968
2014-08-28,3.16017
2014-08-29,3.1498
2014-09-02,3.14268
2014-09-03,3.11969
2014-09-04,3.11203
2014-09-05,3.12862
2014-09-08,3.17948
2014-09-09,3.1947
2014-09-10,3.19557
2014-09-11,3.1879
2014-09-12,3.17938
2014-09-15,3.22709
2014-09-16,3.23855
2014-09-17,3.25118
2014-09-18,3.25945
2014-09-19,3.24647
2014-09-22,3.26604
2014-09-23,3.27758
2014-09-24,3.22765
2014-09-25,3.27369
2014-09-26,3.27246
2014-09-29,3.38597
2014-09-30,3.42131
2014-10-01,3.52434
2014-10-02,3.4723
2014-10-03,3.48724
2014-10-06,3.51928
2014-10-07,3.58185
2014-10-08,3.55784
2014-10-09,3.54797
2014-10-10,3.60655
2014-10-14,3.72695
2014-10-15,3.84961
2014-10-16,3.81047
2014-10-17,3.68585
2014-10-20,3.6924
2014-10-21,3.70333
2014-10-22,3.67277
2014-10-23,3.62587
2014-10-24,3.64883
2014-10-27,3.65229
2014-10-28,3.55823
2014-10-29,3.50203
2014-10-30,3.50078
2014-10-31,3.4625
2014-11-03,3.44474
2014-11-04,3.5222
2014-11-05,3.52258
2014-11-06,3.53533
2014-11-07,3.60453
2014-11-10,3.58826
2014-11-12,3.59457
2014-11-13,3.62256
2014-11-14,3.65013
2014-11-17,3.67155
2014-11-18,3.68708
2014-11-19,3.62997
2014-11-20,3.65073
2014-11-21,3.59893
2014-11-24,3.60297
2014-11-25,3.63567
2014-11-26,3.61049
2014-11-28,3.61049
2014-12-01,3.72402
2014-12-02,3.67981
2014-12-03,3.64344
2014-12-04,3.67141
2014-12-05,3.69161
2014-12-08,3.85157
2014-12-09,3.98494
2014-12-10,4.14812
2014-12-11,4.18072
2014-12-12,4.40915
2014-12-15,4.55876
2014-12-16,4.68735
2014-12-17,4.36785
2014-12-18,4.17553
2014-12-19,4.0766
2014-12-22,4.05342
2014-12-23,3.95742
2014-12-24,3.96334
2014-12-26,3.96517
2014-12-29,3.97903
2014-12-30,3.99028
2014-12-31,4.0048
2015-01-02,4.05839
2015-01-05,4.2735
2015-01-06,4.37352
2015-01-07,4.29222
2015-01-08,4.2183
2015-01-09,4.26426
2015-01-12,4.37476
2015-01-13,4.40564
2015-01-14,4.465
2015-01-15,4.51135
2015-01-16,4.49561
2015-01-20,4.47935
2015-01-21,4.44501
2015-01-22,4.39605
2015-01-23,4.36698
2015-01-26,4.35472
2015-01-27,4.36241
2015-01-28,4.43601
2015-01-29,4.36791
2015-01-30,4.45618
2015-02-02,4.38996
2015-02-03,4.26916
2015-02-04,4.29774
2015-02-05,4.26156
2015-02-06,4.16642
2015-02-09,4.16469
2015-02-10,4.21472
2015-02-11,4.25815
2015-02-12,4.22055
2015-02-13,4.11848
2015-02-17,4.02725
2015-02-18,4.0681
2015-02-19,4.02916
2015-02-20,4.01379
2015-02-23,4.0695
2015-02-24,4.08497
2015-02-25,4.05737
2015-02-26,4.01815
2015-02-27,3.94582
2015-03-02,3.87058
2015-03-03,3.84802
2015-03-04,3.87234
2015-03-05,3.91978
2015-03-06,3.89973
2015-03-09,3.984
2015-03-10,4.11417
2015-03-11,4.14038
2015-03-12,4.09737
2015-03-13,4.19544
2015-03-16,4.25267
2015-03-17,4.31689
2015-03-18,4.36922
2015-03-19,4.26503
2015-03-20,4.23607
2015-03-23,4.17636
2015-03-24,4.165
2015-03-25,4.13329
2015-03-26,4.08356
2015-03-27,4.12225
2015-03-30,4.08193
2015-03-31,4.10234
2015-04-01,4.10101
2015-04-02,4.04482
2015-04-06,3.9885
2015-04-07,3.99261
2015-04-08,3.95267
2015-04-09,3.89018
2015-04-10,3.86643
2015-04-13,3.8641
2015-04-14,3.89012
2015-04-15,3.89921
2015-04-16,3.94455
2015-04-17,4.02693
2015-04-20,3.98226
2015-04-21,3.93107
2015-04-22,3.84229
2015-04-23,3.84843
2015-04-24,3.82132
2015-04-27,3.83194
2015-04-28,3.80235
2015-04-29,3.78576
2015-04-30,3.80572
2015-05-01,3.77486
2015-05-04,3.74828
2015-05-05,3.71059
2015-05-06,3.67201
2015-05-07,3.75476
2015-05-08,3.71036
2015-05-11,3.65956
2015-05-12,3.73298
2015-05-13,3.70022
2015-05-14,3.74754
2015-05-15,3.79372
2015-05-18,3.71908
2015-05-19,3.76563
2015-05-20,3.76165
2015-05-21,3.75231
2015-05-22,3.74136
2015-05-26,3.83419
2015-05-27,3.86698
2015-05-28,3.89874
2015-05-29,3.93422
2015-06-01,3.90082
2015-06-02,3.86033
2015-06-03,3.81259
2015-06-04,3.8986
2015-06-05,3.88181
2015-06-08,3.9532
2015-06-09,3.97174
2015-06-10,3.97263
2015-06-11,4.00439
2015-06-12,3.97919
2015-06-15,4.04216
2015-06-16,4.11289
2015-06-17,4.13715
2015-06-18,4.02251
2015-06-19,4.06841
2015-06-22,3.97762
2015-06-23,3.92257
2015-06-24,3.96141
2015-06-25,3.97763
2015-06-26,3.94175
2015-06-29,4.10652
2015-06-30,4.06272
2015-07-01,3.97609
2015-07-02,3.96725
2015-07-06,4.1083
2015-07-07,4.14776
2015-07-08,4.19372
2015-07-09,4.10161
2015-07-10,4.00399
2015-07-13,4.01096
2015-07-14,4.03208
2015-07-15,4.09696
2015-07-16,4.08333
2015-07-17,4.10532
2015-07-20,4.09706
2015-07-21,4.13165
2015-07-22,4.1647
2015-07-23,4.26026
2015-07-24,4.31592
2015-07-27,4.41696
2015-07-28,4.37697
2015-07-29,4.27727
2015-07-30,4.23202
2015-07-31,4.25264
2015-08-03,4.33616
2015-08-04,4.30637
2015-08-05,4.25282
2015-08-06,4.35644
2015-08-07,4.41283
2015-08-10,4.35901
2015-08-11,4.47315
2015-08-12,4.4419
2015-08-13,4.4143
2015-08-14,4.42492
2015-08-17,4.45009
2015-08-18,4.44139
2015-08-19,4.5511
2015-08-20,4.62858
2015-08-21,4.72679
2015-08-24,4.92293
2015-08-25,4.77925
2015-08-26,4.80778
2015-08-27,4.6724
2015-08-28,4.60394
2015-08-31,4.55398
2015-09-01,4.6501
2015-09-02,4.63905
2015-09-03,4.62649
2015-09-04,4.66125
2015-09-08,4.57739
2015-09-09,4.53684
2015-09-10,4.53584
2015-09-11,4.5793
2015-09-14,4.59868
2015-09-15,4.48814
2015-09-16,4.44626
2015-09-17,4.47912
2015-09-18,4.53387
2015-09-21,4.54839
2015-09-22,4.74118
2015-09-23,4.78545
2015-09-24,4.93201
2015-09-25,4.93843
2015-09-28,5.16803
2015-09-29,5.20981
2015-09-30,5.1518
2015-10-01,5.08053
2015-10-02,5.06686
2015-10-05,4.89001
2015-10-06,4.8651
2015-10-07,4.8334
2015-10-08,4.77445
2015-10-09,4.71903
2015-10-13,4.81865
2015-10-14,4.85928
2015-10-15,4.75278
2015-10-16,4.68377
2015-10-19,4.72678
2015-10-20,4.7566
2015-10-21,4.80778
2015-10-22,4.77938
2015-10-23,4.68086
2015-10-26,4.65184
2015-10-27,4.71277
2015-10-28,4.61461
2015-10-29,4.58132
2015-10-30,4.67155
2015-11-02,4.61089
2015-11-03,4.50486
2015-11-04,4.49731
2015-11-05,4.54395
2015-11-06,4.55354
2015-11-09,4.61009
2015-11-10,4.61691
2015-11-12,4.65793
2015-11-13,4.76037
2015-11-16,4.72598
2015-11-17,4.71633
2015-11-18,4.70269
2015-11-19,4.66209
2015-11-20,4.60504
2015-11-23,4.58423
2015-11-24,4.58662
2015-11-25,4.63077
2015-11-27,4.64301
2015-11-30,4.69853
2015-12-01,4.7601
2015-12-02,4.75863
2015-12-03,4.74432
2015-12-04,4.7648
2015-12-07,4.79185
2015-12-08,4.82808
2015-12-09,4.80282
2015-12-10,4.83692
2015-12-11,5.0822
2015-12-14,5.06222
2015-12-15,4.95308
2015-12-16,5.00242
2015-12-17,5.0156
2015-12-18,5.11613
2015-12-21,5.13978
2015-12-22,5.09221
2015-12-23,5.03242
2015-12-24,5.04129
2015-12-28,5.03273
2015-12-29,4.92456
2015-12-30,4.94352
2015-12-31,4.98192
2016-01-04,5.0519
2016-01-05,4.98723
2016-01-06,5.08266
2016-01-07,5.14907
2016-01-08,5.22726
2016-01-11,5.2585
2016-01-12,5.38306
2016-01-13,5.50715
2016-01-14,5.50805
2016-01-15,5.70195
2016-01-19,5.69676
2016-01-20,5.84382
2016-01-21,5.75019
2016-01-22,5.59845
2016-01-25,5.66131
2016-01-26,5.63251
2016-01-27,5.57475
2016-01-28,5.54825
2016-01-29,5.58611
2016-02-01,5.59189
2016-02-02,5.72454
2016-02-03,5.66822
2016-02-04,5.65946
2016-02-05,5.63783
2016-02-08,5.82823
2016-02-09,5.86985
2016-02-10,5.90755
2016-02-11,6.07731
2016-02-12,5.92651
2016-02-16,5.81613
2016-02-17,5.6436
2016-02-18,5.62545
2016-02-19,5.61661
2016-02-22,5.52388
2016-02-23,5.54698
2016-02-24,5.5079
2016-02-25,5.47498
2016-02-26,5.36281
2016-02-29,5.31345
2016-03-01,5.14415
2016-03-02,5.07711
2016-03-03,5.04991
2016-03-04,4.96394
2016-03-07,4.94967
2016-03-08,5.0318
2016-03-09,4.92013
2016-03-10,4.89053
2016-03-11,4.80456
2016-03-14,4.83138
2016-03-15,4.90131
2016-03-16,4.87895
2016-03-17,4.76657
2016-03-18,4.69454
2016-03-21,4.62406
2016-03-22,4.62753
2016-03-23,4.75357
2016-03-24,4.8049
2016-03-28,4.80459
2016-03-29,4.86939
2016-03-30,4.78881
2016-03-31,4.77435
2016-04-01,4.75038
2016-04-04,4.76304
2016-04-05,4.87034
2016-04-06,4.8153
2016-04-07,4.92891
2016-04-08,4.88586
2016-04-11,4.8202
2016-04-12,4.70154
2016-04-13,4.61976
2016-04-14,4.55989
2016-04-15,4.59264
2016-04-18,4.58071
2016-04-19,4.49461
2016-04-20,4.41114
2016-04-21,4.43625
2016-04-22,4.48165
2016-04-25,4.5061
2016-04-26,4.49064
2016-04-27,4.59595
2016-04-28,4.56592
2016-04-29,4.55495
2016-05-02,4.52918
2016-05-03,4.63381
2016-05-04,4.68296
2016-05-05,4.70159
2016-05-06,4.6624
2016-05-09,4.68558
2016-05-10,4.66954
2016-05-11,4.64778
2016-05-12,4.61613
2016-05-13,4.63257
2016-05-16,4.58951
2016-05-17,4.59389
2016-05-18,4.56109
2016-05-19,4.7144
2016-05-20,4.68879
2016-05-23,4.71934
2016-05-24,4.6863
2016-05-25,4.64097
2016-05-26,4.6689
2016-05-27,4.63613
2016-05-31,4.65666
2016-06-01,4.62455
2016-06-02,4.6152
2016-06-03,4.61069
2016-06-06,4.54774
2016-06-07,4.50635
2016-06-08,4.47956
2016-06-09,4.50503
2016-06-10,4.58929
2016-06-13,4.63873
2016-06-14,4.72647
2016-06-15,4.70053
2016-06-16,4.75092
2016-06-17,4.69757
2016-06-20,4.59172
2016-06-21,4.5627
2016-06-22,4.53089
2016-06-23,4.41372
2016-06-24,4.59557
2016-06-27,4.71595
2016-06-28,4.63305
2016-06-29,4.47979
2016-06-30,4.45655
2016-07-01,4.40175
2016-07-05,4.41013
2016-07-06,4.38731
2016-07-07,4.37343
2016-07-08,4.31386
2016-07-11,4.21213
2016-07-12,4.12292
2016-07-13,4.14645
2016-07-14,4.105
2016-07-15,4.05969
2016-07-18,4.054
2016-07-19,4.0492
2016-07-20,4.01345
2016-07-21,4.06025
2016-07-22,4.05206
2016-07-25,4.07386
2016-07-26,4.14702
2016-07-27,4.19053
2016-07-28,4.20338
2016-07-29,4.21582
2016-08-01,4.18675
2016-08-02,4.17329
2016-08-03,4.16824
2016-08-04,4.13734
2016-08-05,4.04145
2016-08-08,4.01019
2016-08-09,4.02814
2016-08-10,4.02336
2016-08-11,3.95123
2016-08-12,3.96227
2016-08-15,3.89813
2016-08-16,3.84464
2016-08-17,3.86509
2016-08-18,3.85103
2016-08-19,3.8295
2016-08-22,3.87816
2016-08-23,3.85058
2016-08-24,3.87264
2016-08-25,3.88208
2016-08-26,3.79919
2016-08-29,3.84572
2016-08-30,3.83812
2016-08-31,3.86294
2016-09-01,3.91109
2016-09-02,3.84808
2016-09-06,3.8532
2016-09-07,3.7959
2016-09-08,3.74329
2016-09-09,3.83836
2016-09-12,3.86914
2016-09-13,3.87836
2016-09-14,3.98014
2016-09-15,3.98104
2016-09-16,4.0452
2016-09-19,4.02038
2016-09-20,3.98003
2016-09-21,3.86485
2016-09-22,3.80727
2016-09-23,3.86015
2016-09-26,3.93732
2016-09-27,3.93227
2016-09-28,3.86509
2016-09-29,3.86177
2016-09-30,3.83288
2016-10-03,3.79814
2016-10-04,3.75858
2016-10-05,3.75033
2016-10-06,3.7629
2016-10-07,3.79464
2016-10-11,3.80951
2016-10-12,3.80152
2016-10-13,3.81593
2016-10-14,3.8142
2016-10-17,3.86083
2016-10-18,3.8875
2016-10-19,3.84946
2016-10-20,3.79708
2016-10-21,3.79115
2016-10-24,3.74398
2016-10-25,3.76621
2016-10-26,3.80566
2016-10-27,3.84627
2016-10-28,3.87004
2016-10-31,3.9486
2016-11-01,4.00408
2016-11-02,4.04616
2016-11-03,4.00715
2016-11-04,4.03294
2016-11-07,3.91295
2016-11-08,3.82248
2016-11-09,3.86073
2016-11-10,4.09545
2016-11-14,4.3611
2016-11-15,4.18444
2016-11-16,4.22152
2016-11-17,4.20548
2016-11-18,4.22841
2016-11-21,4.23786
2016-11-22,4.24137
2016-11-23,4.269
2016-11-25,4.27627
2016-11-28,4.27514
2016-11-29,4.31047
2016-11-30,4.2779
2016-12-01,4.29092
2016-12-02,4.31096
2016-12-05,4.23783
2016-12-06,4.17526
2016-12-07,4.11783
2016-12-08,4.09335
2016-12-09,4.04019
2016-12-12,4.06793
2016-12-13,4.04664
2016-12-14,4.0143
2016-12-15,4.02209
2016-12-16,3.99966
2016-12-19,4.01935
2016-12-20,3.98224
2016-12-21,3.97804
2016-12-22,3.97943
2016-12-23,3.98006
2016-12-27,3.92787
2016-12-28,3.96309
2016-12-29,3.98688
2016-12-30,4.01976
2017-01-03,4.01945
2017-01-04,3.97233
2017-01-05,3.9541
2017-01-06,3.89726
2017-01-09,3.90814
2017-01-10,3.94038
2017-01-11,3.97314
2017-01-12,3.92172
2017-01-13,3.86505
2017-01-17,3.85878
2017-01-18,3.83731
2017-01-19,3.85753
2017-01-20,3.86278
2017-01-23,3.90218
2017-01-24,3.86295
2017-01-25,3.83041
2017-01-26,3.84781
2017-01-27,3.80314
2017-01-30,3.82933
2017-01-31,3.85573
2017-02-01,3.80834
2017-02-02,3.76156
2017-02-03,3.72699
2017-02-06,3.75903
2017-02-07,3.80957
2017-02-08,3.83126
2017-02-09,3.76393
2017-02-10,3.7201
2017-02-13,3.68892
2017-02-14,3.68281
2017-02-15,3.70964
2017-02-16,3.76192
2017-02-17,3.79484
2017-02-21,3.74747
2017-02-22,3.71208
2017-02-23,3.70332
2017-02-24,3.7603
2017-02-27,3.7219
2017-02-28,3.71982
2017-03-01,3.63483
2017-03-02,3.63361
2017-03-03,3.60869
2017-03-06,3.59009
2017-03-07,3.56421
2017-03-08,3.65348
2017-03-09,3.69707
2017-03-10,3.6663
2017-03-13,3.67667
2017-03-14,3.74897
2017-03-15,3.7155
2017-03-16,3.64732
2017-03-17,3.62923
2017-03-20,3.64589
2017-03-21,3.67154
2017-03-22,3.72033
2017-03-23,3.66985
2017-03-24,3.6565
2017-03-27,3.67216
2017-03-28,3.62885
2017-03-29,3.64324
2017-03-30,3.63874
2017-03-31,3.71553
2017-04-03,3.75643
2017-04-04,3.75093
2017-04-05,3.72569
2017-04-06,3.71471
2017-04-07,3.66842
2017-04-10,3.68822
2017-04-11,3.73487
2017-04-12,3.71789
2017-04-13,3.72203
2017-04-17,3.69441
2017-04-18,3.75465
2017-04-19,3.73038
2017-04-20,3.72675
2017-04-21,3.71567
2017-04-24,3.63546
2017-04-25,3.58854
2017-04-26,3.62565
2017-04-27,3.6391
2017-04-28,3.60233
2017-05-01,3.57294
2017-05-02,3.58035
2017-05-03,3.55814
2017-05-04,3.59098
2017-05-05,3.59994
2017-05-08,3.5851
2017-05-09,3.59165
2017-05-10,3.55112
2017-05-11,3.54383
2017-05-12,3.57054
2017-05-15,3.52987
2017-05-16,3.54664
2017-05-17,3.63674
2017-05-18,3.71464
2017-05-19,3.67663
2017-05-22,3.6772
2017-05-23,3.62685
2017-05-24,3.60711
2017-05-25,3.61761
2017-05-26,3.60273
2017-05-30,3.62136
2017-05-31,3.66377
2017-06-01,3.64594
2017-06-02,3.65099
2017-06-05,3.60489
2017-06-06,3.60612
2017-06-07,3.60623
2017-06-08,3.58811
2017-06-09,3.59254
2017-06-12,3.59986
2017-06-13,3.60208
2017-06-14,3.62771
2017-06-15,3.64678
2017-06-16,3.67349
2017-06-19,3.65868
2017-06-20,3.75038
2017-06-21,3.7832
2017-06-22,3.77961
2017-06-23,3.76405
2017-06-26,3.73018
2017-06-27,3.70938
2017-06-28,3.69813
2017-06-29,3.7247
2017-06-30,3.71184
2017-07-03,3.67678
2017-07-05,3.71922
2017-07-06,3.75854
2017-07-07,3.74732
2017-07-10,3.70898
2017-07-11,3.71354
2017-07-12,3.69466
2017-07-13,3.6744
2017-07-14,3.6678
2017-07-17,3.65885
2017-07-18,3.66735
2017-07-19,3.65654
2017-07-20,3.66743
2017-07-21,3.67708
2017-07-24,3.72324
2017-07-25,3.67296
2017-07-26,3.66796
2017-07-27,3.67254
2017-07-28,3.70522
2017-07-31,3.67455
2017-08-01,3.70922
2017-08-02,3.69045
2017-08-03,3.66233
2017-08-04,3.65294
2017-08-07,3.64304
2017-08-08,3.62056
2017-08-09,3.6934
2017-08-10,3.76081
2017-08-11,3.76457
2017-08-14,3.70046
2017-08-15,3.66171
2017-08-16,3.65219
2017-08-17,3.70271
2017-08-18,3.68893
2017-08-21,3.68802
2017-08-22,3.66952
2017-08-23,3.70257
2017-08-24,3.64025
2017-08-25,3.61525
2017-08-28,3.6492
2017-08-29,3.66657
2017-08-30,3.62638
2017-08-31,3.58356
2017-09-01,3.5406
2017-09-05,3.57937
2017-09-06,3.56313
2017-09-07,3.56006
2017-09-08,3.55322
2017-09-11,3.50484
2017-09-12,3.49313
2017-09-13,3.45999
2017-09-14,3.46276
2017-09-15,3.45965
2017-09-18,3.44045
2017-09-19,3.45174
2017-09-20,3.46256
2017-09-21,3.48651
2017-09-22,3.47319
2017-09-25,3.50767
2017-09-26,3.50032
2017-09-27,3.4901
2017-09-28,3.45144
2017-09-29,3.40862
2017-10-02,3.39881
2017-10-03,3.38196
2017-10-04,3.3757
2017-10-05,3.36607
2017-10-06,3.38557
2017-10-10,3.41301
2017-10-11,3.41333
2017-10-12,3.41043
2017-10-13,3.43046
2017-10-16,3.41711
2017-10-17,3.3948
2017-10-18,3.35167
2017-10-19,3.3701
2017-10-20,3.36104
2017-10-23,3.37312
2017-10-24,3.35228
2017-10-25,3.34329
2017-10-26,3.38555
2017-10-27,3.34466
2017-10-30,3.36156
2017-10-31,3.35877
2017-11-01,3.33658
2017-11-02,3.32745
2017-11-03,3.45968
2017-11-06,3.48958
2017-11-07,3.57649
2017-11-08,3.56374
2017-11-09,3.58497
2017-11-10,3.50447
2017-11-13,3.48682
2017-11-14,3.5339
2017-11-15,3.56167
2017-11-16,3.49387
2017-11-17,3.48671
2017-11-20,3.48311
2017-11-21,3.47634
2017-11-22,3.48426
2017-11-24,3.46973
2017-11-27,3.45678
2017-11-28,3.4225
2017-11-29,3.42683
2017-11-30,3.44899
2017-12-01,3.48291
2017-12-04,3.46561
2017-12-05,3.46878
2017-12-06,3.49289
2017-12-07,3.47714
2017-12-08,3.46817
2017-12-11,3.46456
2017-12-12,3.46043
2017-12-13,3.48619
2017-12-14,3.48121
2017-12-15,3.46965
2017-12-18,3.42279
2017-12-19,3.38588
2017-12-20,3.37374
2017-12-21,3.40028
2017-12-22,3.39871
2017-12-26,3.40374
2017-12-27,3.43807
2017-12-28,3.42033
2017-12-29,3.44198
2018-01-02,3.40918
2018-01-03,3.40038
2018-01-04,3.37607
2018-01-05,3.3513
2018-01-08,3.35564
2018-01-09,3.31494
2018-01-10,3.34956
2018-01-11,3.35366
2018-01-12,3.33385
2018-01-16,3.31257
2018-01-17,3.29051
2018-01-18,3.27829
2018-01-19,3.31035
2018-01-22,3.30112
2018-01-23,3.33068
2018-01-24,3.31722
2018-01-25,3.31353
2018-01-26,3.27542
2018-01-29,3.29142
2018-01-30,3.29717
2018-01-31,3.27756
2018-02-01,3.25474
2018-02-02,3.27002
2018-02-05,3.44016
2018-02-06,3.42209
2018-02-07,3.34571
2018-02-08,3.48613
2018-02-09,3.66731
2018-02-12,3.60765
2018-02-13,3.6447
2018-02-14,3.61409
2018-02-15,3.51425
2018-02-16,3.449
2018-02-20,3.48522
2018-02-21,3.46894
2018-02-22,3.49684
2018-02-23,3.50423
2018-02-26,3.45474
2018-02-27,3.41135
2018-02-28,3.47469
2018-03-01,3.56283
2018-03-02,3.53475
2018-03-05,3.50077
2018-03-06,3.49008
2018-03-07,3.50449
2018-03-08,3.49733
2018-03-09,3.44914
2018-03-12,3.47586
2018-03-13,3.50363
2018-03-14,3.51794
2018-03-15,3.53007
2018-03-16,3.51511
2018-03-19,3.56024
2018-03-20,3.54612
2018-03-21,3.53682
2018-03-22,3.59643
2018-03-23,3.65552
2018-03-26,3.60818
2018-03-27,3.61093
2018-03-28,3.61649
2018-03-29,3.59371
2018-04-02,3.6173
2018-04-03,3.55194
2018-04-04,3.55986
2018-04-05,3.49085
2018-04-06,3.54107
2018-04-09,3.54524
2018-04-10,3.53161
2018-04-11,3.5327
2018-04-12,3.49648
2018-04-13,3.51124
2018-04-16,3.53037
2018-04-17,3.55423
2018-04-18,3.50425
2018-04-19,3.52689
2018-04-20,3.53277
2018-04-23,3.54858
2018-04-24,3.56287
2018-04-25,3.57585
2018-04-26,3.62973
2018-04-27,3.67461
2018-04-30,3.73535
2018-05-01,3.75344
2018-05-02,3.84088
2018-05-03,3.92809
2018-05-04,3.89886
2018-05-07,3.90177
2018-05-08,3.99102
2018-05-09,3.96675
2018-05-10,3.83358
2018-05-11,3.81877
2018-05-14,3.8091
2018-05-15,3.81015
2018-05-16,3.74634
2018-05-17,3.78995
2018-05-18,3.89402
2018-05-21,3.88893
2018-05-22,3.82698
2018-05-23,3.83251
2018-05-24,3.82428
2018-05-25,3.8402
2018-05-29,4.05312
2018-05-30,4.01077
2018-05-31,4.04433
2018-06-01,4.0035
2018-06-04,3.9095
2018-06-05,3.92149
2018-06-06,3.89743
2018-06-07,3.98582
2018-06-08,3.99105
2018-06-11,4.01787
2018-06-12,4.05229
2018-06-13,4.0353
2018-06-14,4.09144
2018-06-15,4.10086
2018-06-18,4.18842
2018-06-19,4.24628
2018-06-20,4.16384
2018-06-21,4.1409
2018-06-22,4.07174
2018-06-25,4.12358
2018-06-26,4.1286
2018-06-27,4.21389
2018-06-28,4.20282
2018-06-29,4.19042
2018-07-02,4.18754
2018-07-03,4.12962
2018-07-05,4.05546
2018-07-06,3.98276
2018-07-09,3.91724
2018-07-10,3.8861
2018-07-11,3.95174
2018-07-12,3.93114
2018-07-13,3.88702
2018-07-16,3.89821
2018-07-17,3.90468
2018-07-18,3.86495
2018-07-19,3.91531
2018-07-20,3.88191
2018-07-23,3.86966
2018-07-24,3.87315
2018-07-25,3.84626
2018-07-26,3.76202
2018-07-27,3.75678
2018-07-30,3.78995
2018-07-31,3.82338
2018-08-01,3.85257
2018-08-02,3.86747
2018-08-03,3.86366
2018-08-06,3.89174
2018-08-07,3.89905
2018-08-08,3.94536
2018-08-09,4.01004
2018-08-10,4.17241
2018-08-13,4.25133
2018-08-14,4.15612
2018-08-15,4.18747
2018-08-16,4.11865
2018-08-17,4.10781
2018-08-20,4.14346
2018-08-21,4.11374
2018-08-22,4.11462
2018-08-23,4.12975
2018-08-24,4.14043
2018-08-27,4.10036
2018-08-28,4.07111
2018-08-29,4.11521
2018-08-30,4.2029
2018-08-31,4.22457
2018-09-04,4.26874
2018-09-05,4.25048
2018-09-06,4.22768
2018-09-07,4.20605
2018-09-10,4.26101
2018-09-11,4.26542
2018-09-12,4.21297
2018-09-13,4.1428
2018-09-14,4.0909
2018-09-17,4.09463
2018-09-18,4.08136
2018-09-19,4.04277
2018-09-20,3.99528
2018-09-21,3.9389
2018-09-24,3.94639
2018-09-25,3.93427
2018-09-26,3.9335
2018-09-27,3.87899
2018-09-28,3.89241
2018-10-01,3.89434
2018-10-02,3.90189
2018-10-03,3.84388
2018-10-04,3.91864
2018-10-05,3.93509
2018-10-09,3.93669
2018-10-10,3.98118
2018-10-11,4.06148
2018-10-12,4.018
2018-10-15,4.00525
2018-10-16,3.98868
2018-10-17,3.97951
2018-10-18,4.06827
2018-10-19,4.08163
2018-10-22,4.11924
2018-10-23,4.13598
2018-10-24,4.20785
2018-10-25,4.17741
2018-10-26,4.22375
2018-10-29,4.26735
2018-10-30,4.26121
2018-10-31,4.21597
2018-11-01,4.18595
2018-11-02,4.10091
2018-11-05,4.09292
2018-11-06,4.09891
2018-11-07,4.07118
2018-11-08,4.12067
2018-11-09,4.17993
2018-11-13,4.29131
2018-11-14,4.32163
2018-11-15,4.36286
2018-11-16,4.37643
2018-11-19,4.44312
2018-11-20,4.55891
2018-11-21,4.52345
2018-11-23,4.53696
2018-11-26,4.5271
2018-11-27,4.57678
2018-11-28,4.47951
2018-11-29,4.45566
2018-11-30,4.46851
2018-12-03,4.40099
2018-12-04,4.50773
2018-12-06,4.5372
2018-12-07,4.50134
2018-12-10,4.5216
2018-12-11,4.47929
2018-12-12,4.39419
2018-12-13,4.37089
2018-12-14,4.40169
2018-12-17,4.41358
2018-12-18,4.45834
2018-12-19,4.53259
2018-12-20,4.54631
2018-12-21,4.58834
2018-12-24,4.63432
2018-12-26,4.60016
2018-12-27,4.64072
2018-12-28,4.63869
2018-12-31,4.70493
2019-01-02,4.6856
2019-01-03,4.71636
2019-01-04,4.52717
2019-01-07,4.41051
2019-01-08,4.39632
2019-01-09,4.32495
2019-01-10,4.33978
2019-01-11,4.3528
2019-01-14,4.32019
2019-01-15,4.29153
2019-01-16,4.27581
2019-01-17,4.26944
2019-01-18,4.17097
2019-01-22,4.20631
2019-01-23,4.10249
2019-01-24,4.11181
2019-01-25,4.05968
2019-01-28,4.07945
2019-01-29,4.13738
2019-01-30,4.15412
2019-01-31,4.06867
2019-02-01,3.97667
2019-02-04,3.94301
2019-02-05,3.89933
2019-02-06,3.9373
2019-02-07,4.0273
2019-02-08,4.06094
2019-02-11,4.0807
2019-02-12,4.0222
2019-02-13,3.98683
2019-02-14,4.01194
2019-02-15,4.0695
2019-02-19,4.07924
2019-02-20,4.08448
2019-02-21,4.05387
2019-02-22,4.03534
2019-02-25,4.01418
2019-02-26,4.01163
2019-02-27,3.94097
2019-02-28,3.90136
2019-03-01,3.89963
2019-03-04,3.94723
2019-03-05,3.97344
2019-03-06,3.9757
2019-03-07,4.04511
2019-03-08,4.0523
2019-03-11,3.97243
2019-03-12,3.97911
2019-03-13,3.98645
2019-03-14,3.93803
2019-03-15,3.9265
2019-03-18,3.90208
2019-03-19,3.87314
2019-03-20,3.91909
2019-03-21,3.87986
2019-03-22,3.98439
2019-03-25,4.01783
2019-03-26,3.98694
2019-03-27,4.01587
2019-03-28,4.00709
2019-03-29,3.95115
2019-04-01,3.87705
2019-04-02,3.90633
2019-04-03,3.86725
2019-04-04,3.88187
2019-04-05,3.89573
2019-04-08,3.90451
2019-04-09,3.90296
2019-04-10,3.93771
2019-04-11,3.91366
2019-04-12,3.88412
2019-04-15,3.89554
2019-04-16,3.84587
2019-04-17,3.86503
2019-04-18,3.89809
2019-04-22,3.87817
2019-04-23,3.87247
2019-04-24,3.95728
2019-04-25,3.96762
2019-04-26,3.97293
2019-04-29,3.94773
2019-04-30,3.98122
2019-05-01,3.97641
2019-05-02,3.9845
2019-05-03,3.95177
2019-05-06,3.9666
2019-05-07,4.02822
2019-05-08,3.99442
2019-05-09,4.04914
2019-05-10,4.03855
2019-05-13,4.13607
2019-05-14,4.08528
2019-05-15,4.09237
2019-05-16,4.07926
2019-05-17,4.11512
2019-05-20,4.08726
2019-05-21,4.02
2019-05-22,4.06208
2019-05-23,4.15648
2019-05-24,4.12992
2019-05-28,4.16957
2019-05-29,4.17986
2019-05-30,4.20169
2019-05-31,4.29338
2019-06-03,4.35294
2019-06-04,4.22813
2019-06-05,4.18946
2019-06-06,4.17098
2019-06-07,4.17147
2019-06-10,4.08868
2019-06-11,4.05853
2019-06-12,4.05869
2019-06-13,4.08429
2019-06-14,4.09399
2019-06-17,4.10685
2019-06-18,4.04076
2019-06-19,4.04054
2019-06-20,3.98044
2019-06-21,3.95809
2019-06-24,4.02693
2019-06-25,4.08909
2019-06-26,4.0553
2019-06-27,4.07748
2019-06-28,4.10334
2019-07-01,4.02872
2019-07-02,4.04725
2019-07-03,4.03576
2019-07-05,3.97943
2019-07-08,4.01802
2019-07-09,4.00439
2019-07-10,4.01041
2019-07-11,3.99642
2019-07-12,3.98952
2019-07-15,3.99044
2019-07-16,3.98787
2019-07-17,4.04718
2019-07-18,4.08208
2019-07-19,4.05727
2019-07-22,4.02595
2019-07-23,3.99955
2019-07-24,4.0091
2019-07-25,3.98386
2019-07-26,3.96472
2019-07-29,3.96111
2019-07-30,3.99157
2019-07-31,3.74538
2019-08-01,3.87467
2019-08-02,3.89409
2019-08-05,4.07078
2019-08-06,4.04226
2019-08-07,3.99713
2019-08-08,3.94197
2019-08-09,3.89025
2019-08-12,4.26297
2019-08-13,4.30183
2019-08-14,4.40878
2019-08-15,4.40976
2019-08-16,4.34852
2019-08-19,4.36932
2019-08-20,4.39904
2019-08-21,4.32463
2019-08-22,4.28235
2019-08-23,4.35502
2019-08-26,4.34336
2019-08-27,4.4161
2019-08-28,4.41475
2019-08-29,4.39037
2019-08-30,4.17227
2019-09-03,4.15207
2019-09-04,4.08384
2019-09-05,3.99279
2019-09-06,3.98662
2019-09-09,3.96212
2019-09-10,3.96547
2019-09-11,3.95294
2019-09-12,3.91595
2019-09-13,3.96691
2019-09-16,4.01426
2019-09-17,3.9899
2019-09-18,3.95845
2019-09-19,3.96027
2019-09-20,3.96275
2019-09-23,3.99461
2019-09-24,4.12458
2019-09-25,4.12992
2019-09-26,4.13159
2019-09-27,4.15906
2019-09-30,3.91043
2019-10-01,3.95753
2019-10-02,4.01987
2019-10-03,4.04023
2019-10-04,3.99946
2019-10-07,3.93332
2019-10-08,4.00714
2019-10-09,3.96791
2019-10-10,3.88076
2019-10-11,3.81852
2019-10-15,3.83661
2019-10-16,3.87195
2019-10-17,3.85862
2019-10-18,3.86109
2019-10-21,3.84639
2019-10-22,3.87199
2019-10-23,3.87449
2019-10-24,3.85788
2019-10-25,3.83392
2019-10-28,3.83425
2019-10-29,3.82786
2019-10-30,3.90732
2019-10-31,3.67912
2019-11-01,3.62349
2019-11-04,3.58803
2019-11-05,3.58968
2019-11-06,3.62553
2019-11-07,3.58941
2019-11-08,3.59217
2019-11-12,3.65166
2019-11-13,3.68591
2019-11-14,3.70231
2019-11-15,3.70611
2019-11-18,3.83002
2019-11-19,3.91105
2019-11-20,3.95557
2019-11-21,3.92152
2019-11-22,3.86935
2019-11-25,3.84906
2019-11-26,3.82445
2019-11-27,3.81846
2019-11-29,3.55195
2019-12-02,3.57618
2019-12-03,3.67076
2019-12-04,3.59517
2019-12-05,3.5639
2019-12-06,3.47839
2019-12-09,3.44764
2019-12-10,3.41252
2019-12-11,3.4178
2019-12-12,3.29328
2019-12-13,3.32086
2019-12-16,3.23919
2019-12-17,3.18486
2019-12-18,3.12237
2019-12-19,3.16577
2019-12-20,3.15277
2019-12-23,3.11804
2019-12-24,3.1364
2019-12-26,3.12062
2019-12-27,3.11899
2019-12-30,3.11294
2019-12-31,3.07824
2020-01-02,3.10655
2020-01-03,3.17238
2020-01-06,3.13048
2020-01-07,3.13629
2020-01-08,3.09587
2020-01-09,3.12275
2020-01-10,3.14264
2020-01-13,3.13543
2020-01-14,3.16756
2020-01-15,3.16041
2020-01-16,3.11549
2020-01-17,3.09574
2020-01-21,3.16864
2020-01-22,3.1752
2020-01-23,3.22573
2020-01-24,3.29688
2020-01-27,3.41526
2020-01-28,3.32736
2020-01-29,3.31918
2020-01-30,3.33134
2020-01-31,3.35053
2020-02-03,3.34313
2020-02-04,3.30319
2020-02-05,3.23522
2020-02-06,3.22941
2020-02-07,3.28344
2020-02-10,3.32325
2020-02-11,3.29309
2020-02-12,3.23065
2020-02-13,3.26598
2020-02-14,3.25339
2020-02-18,3.28466
2020-02-19,3.23342
2020-02-20,3.27868
2020-02-21,3.30861
2020-02-24,3.4183
2020-02-25,3.50625
2020-02-26,3.53964
2020-02-27,3.67014
2020-02-28,3.8992
2020-03-02,3.87066
2020-03-03,3.8264
2020-03-04,3.71887
2020-03-05,3.92653
2020-03-06,4.2241
2020-03-09,4.97786
2020-03-10,4.80797
2020-03-11,5.12386
2020-03-12,5.73229
2020-03-13,5.49527
2020-03-16,6.26809
2020-03-17,6.13618
2020-03-18,6.95175
2020-03-19,7.38237
2020-03-20,7.17643
2020-03-23,7.74551
2020-03-24,7.34243
2020-03-25,6.66158
2020-03-26,6.21237
2020-03-27,6.58482
2020-03-30,6.62663
2020-03-31,6.40625
2020-04-01,6.75108
2020-04-02,6.79178
2020-04-03,6.84661
2020-04-06,6.82791
2020-04-07,6.72235
2020-04-08,6.76718
2020-04-09,6.51181
2020-04-13,6.37985
2020-04-14,6.34014
2020-04-15,6.63481
2020-04-16,6.71379
2020-04-17,6.58766
2020-04-20,6.69072
2020-04-21,6.87812
2020-04-22,6.90041
2020-04-23,6.98018
2020-04-24,7.07117
2020-04-27,7.08668
2020-04-28,7.07507
2020-04-29,6.84018
2020-04-30,6.55833
2020-05-01,6.49849
2020-05-04,6.49388
2020-05-05,6.3406
2020-05-06,6.32451
2020-05-07,6.31176
2020-05-08,6.16611
2020-05-11,6.05398
2020-05-12,6.05768
2020-05-13,6.23719
2020-05-14,6.34485
2020-05-15,6.21698
2020-05-18,5.93485
2020-05-19,5.93368
2020-05-20,5.8012
2020-05-21,5.66923
2020-05-22,5.69276
2020-05-26,5.51635
2020-05-27,5.54913
2020-05-28,5.52114
2020-05-29,5.53149
2020-06-01,5.45688
2020-06-02,5.33958
2020-06-03,5.12538
2020-06-04,5.12879
2020-06-05,4.98361
2020-06-08,4.89048
2020-06-09,4.9852
2020-06-10,5.07002
2020-06-11,5.27931
2020-06-12,5.23367
2020-06-15,5.26551
2020-06-16,5.06947
2020-06-17,5.12736
2020-06-18,5.17748
2020-06-19,5.14249
2020-06-22,5.14264
2020-06-23,5.11019
2020-06-24,5.17136
2020-06-25,5.18593
2020-06-26,5.25402
2020-06-29,5.25629
2020-06-30,5.18862
2020-07-01,5.09148
2020-07-02,5.03133
2020-07-06,4.88317
2020-07-07,4.92204
2020-07-08,4.90015
2020-07-09,4.99601
2020-07-10,4.98416
2020-07-13,4.93773
2020-07-14,4.99921
2020-07-15,4.91493
2020-07-16,4.91626
2020-07-17,4.84242
2020-07-20,4.79238
2020-07-21,4.71916
2020-07-22,4.67282
2020-07-23,4.72108
2020-07-24,4.75446
2020-07-27,4.71526
2020-07-28,4.74679
2020-07-29,4.69033
2020-07-30,4.72793
2020-07-31,4.64264
2020-08-03,4.58855
2020-08-04,4.55773
2020-08-05,4.46658
2020-08-06,4.43038
2020-08-07,4.41916
2020-08-10,4.38835
2020-08-11,4.33425
2020-08-12,4.35318
2020-08-13,4.34465
2020-08-14,4.40671
2020-08-17,4.43188
2020-08-18,4.46457
2020-08-19,4.46521
2020-08-20,4.51835
2020-08-21,4.50811
2020-08-24,4.47575
2020-08-25,4.49367
2020-08-26,4.50461
2020-08-27,4.49852
2020-08-28,4.47428
2020-08-31,4.51326
2020-09-01,4.36716
2020-09-02,4.32994
2020-09-03,4.39092
2020-09-04,4.38027
2020-09-08,4.4461
2020-09-09,4.4559
2020-09-10,3.95518
2020-09-11,3.98403
2020-09-14,3.99535
2020-09-15,3.95848
2020-09-16,3.9816
2020-09-17,4.03837
2020-09-18,4.06665
2020-09-21,4.23142
2020-09-22,4.28402
2020-09-23,4.41919
2020-09-24,4.40647
2020-09-25,4.37875
2020-09-28,4.34662
2020-09-29,4.37914
2020-09-30,4.29411
2020-10-01,4.30283
2020-10-02,4.29228
2020-10-05,4.19361
2020-10-06,4.18499
2020-10-07,4.13887
2020-10-08,4.08899
2020-10-09,4.03448
2020-10-13,4.07143
2020-10-14,4.08566
2020-10-15,4.09215
2020-10-16,4.07506
2020-10-19,4.10104
2020-10-20,4.10401
2020-10-21,4.13436
2020-10-22,4.12008
2020-10-23,4.14609
2020-10-26,4.19256
2020-10-27,4.17656
2020-10-28,4.22917
2020-10-29,4.21866
2020-10-30,4.20153
2020-11-02,4.1979
2020-11-03,4.12262
2020-11-04,4.05301
2020-11-05,3.97837
2020-11-06,3.96449
2020-11-09,3.75862
2020-11-10,3.78867
2020-11-12,3.84209
2020-11-13,3.8418
2020-11-16,3.81695
2020-11-17,3.87172
2020-11-18,3.88489
2020-11-19,3.90743
2020-11-20,3.89429
2020-11-23,3.88818
2020-11-24,3.86252
2020-11-25,3.87943
2020-11-27,3.90286
2020-11-30,3.93554
2020-12-01,3.82774
2020-12-02,3.80699
2020-12-03,3.79485
2020-12-04,3.73205
2020-12-07,3.78324
2020-12-08,3.80274
2020-12-09,3.77937
2020-12-10,3.77975
2020-12-11,3.76308
2020-12-14,3.73708
2020-12-15,3.68385
2020-12-16,3.66376
2020-12-17,3.62814
2020-12-18,3.6122
2020-12-21,3.64782
2020-12-22,3.65556
2020-12-23,3.61556
2020-12-24,3.63048
2020-12-28,3.62262
2020-12-29,3.60757
2020-12-30,3.60917
2020-12-31,3.54032
2021-01-04,3.55852
2021-01-05,3.56478
2021-01-06,3.55224
2021-01-07,3.56528
2021-01-08,3.53684
2021-01-11,3.57936
2021-01-12,3.66925
2021-01-13,3.68456
2021-01-14,3.66834
2021-01-15,3.7229
2021-01-19,3.73699
2021-01-20,3.74264
2021-01-21,3.72026
2021-01-22,3.70356
2021-01-25,3.71737
2021-01-26,3.71419
2021-01-27,3.75446
2021-01-28,3.71518
2021-01-29,3.64146
2021-02-01,3.6395
2021-02-02,3.59945
2021-02-03,3.58972
2021-02-04,3.5676
2021-02-05,3.50971
2021-02-08,3.55079
2021-02-09,3.57729
2021-02-10,3.58189
2021-02-11,3.54858
2021-02-12,3.53326
2021-02-16,3.57049
2021-02-17,3.59159
2021-02-18,3.58866
2021-02-19,3.58778
2021-02-22,3.64605
2021-02-23,3.65627
2021-02-24,3.62825
2021-02-25,3.65568
2021-02-26,3.73851
2021-03-01,3.68917
2021-03-02,3.7227
2021-03-03,3.72736
2021-03-04,3.73422
2021-03-05,3.84428
2021-03-08,3.93961
2021-03-09,3.94031
2021-03-10,3.86636
2021-03-11,3.77922
2021-03-12,3.74206
2021-03-15,3.73239
2021-03-16,3.65641
2021-03-17,3.65144
2021-03-18,3.61641
2021-03-19,3.58669
2021-03-22,3.58984
2021-03-23,3.60487
2021-03-24,3.65253
2021-03-25,3.66992
2021-03-26,3.6549
2021-03-29,3.62049
2021-03-30,3.67998
2021-03-31,3.60639
2021-04-01,3.59208
2021-04-02,3.59208
2021-04-05,3.55519
2021-04-06,3.55818
2021-04-07,3.56051
2021-04-08,3.58465
2021-04-09,3.56829
2021-04-12,3.44973
2021-04-13,3.48855
2021-04-14,3.45849
2021-04-15,3.46554
2021-04-16,3.42175
2021-04-19,3.40932
2021-04-20,3.47668
2021-04-21,3.47786
2021-04-22,3.4844
2021-04-23,3.459
2021-04-26,3.49257
2021-04-27,3.48169
2021-04-28,3.48001
2021-04-29,3.44345
2021-04-30,3.3959
2021-05-03,3.44791
2021-05-04,3.4657
2021-05-05,3.46909
2021-05-06,3.4392
2021-05-07,3.38127
2021-05-10,3.35002
2021-05-11,3.38059
2021-05-12,3.3826
2021-05-13,3.37177
2021-05-14,3.36051
2021-05-17,3.35501
2021-05-18,3.34672
2021-05-19,3.36892
2021-05-20,3.40706
2021-05-21,3.41213
2021-05-24,3.44406
2021-05-25,3.466
2021-05-26,3.42684
2021-05-27,3.4155
2021-05-28,3.39222
2021-06-01,3.3638
2021-06-02,3.34628
2021-06-03,3.36159
2021-06-04,3.38786
2021-06-07,3.39862
2021-06-08,3.39323
2021-06-09,3.38139
2021-06-10,3.41623
2021-06-11,3.39198
2021-06-14,3.41012
2021-06-15,3.44718
2021-06-16,3.41482
2021-06-17,3.44152
2021-06-18,3.48814
2021-06-21,3.45701
2021-06-22,3.49312
2021-06-23,3.46505
2021-06-24,3.46669
2021-06-25,3.43537
2021-06-28,3.48071
2021-06-29,3.49144
2021-06-30,3.50114
2021-07-01,3.48364
2021-07-02,3.52515
2021-07-06,3.56354
2021-07-07,3.56999
2021-07-08,3.59639
2021-07-09,3.55234
2021-07-12,3.55532
2021-07-13,3.53599
2021-07-14,3.57027
2021-07-15,3.60646
2021-07-16,3.57908
2021-07-19,3.68069
2021-07-20,3.64603
2021-07-21,3.6178
2021-07-22,3.64935
2021-07-23,3.63317
2021-07-26,3.64673
2021-07-27,3.70648
2021-07-28,3.7039
2021-07-29,3.68204
2021-07-30,3.68425
2021-08-02,3.70494
2021-08-03,3.69731
2021-08-04,3.69547
2021-08-05,3.65829
2021-08-06,3.62445
2021-08-09,3.63038
2021-08-10,3.639
2021-08-11,3.6479
2021-08-12,3.62124
2021-08-13,3.66615
2021-08-16,3.70208
2021-08-17,3.69648
2021-08-18,3.68889
2021-08-19,3.72212
2021-08-20,3.70974
2021-08-23,3.68987
2021-08-24,3.6327
2021-08-25,3.57748
2021-08-26,3.5947
2021-08-27,3.59188
2021-08-30,3.56317
2021-08-31,3.5526
2021-09-01,3.54368
2021-09-02,3.5497
2021-09-03,3.53496
2021-09-07,3.5071
2021-09-08,3.54136
2021-09-09,3.57298
2021-09-10,3.54826
2021-09-13,3.57156
2021-09-14,3.6112
2021-09-15,3.57586
2021-09-16,3.58411
2021-09-17,3.5769
2021-09-20,3.71742
2021-09-21,3.70159
2021-09-22,3.70364
2021-09-23,3.66719
2021-09-24,3.69975
2021-09-27,3.73239
2021-09-28,3.74444
2021-09-29,3.71908
2021-09-30,3.76018
2021-10-01,3.80796
2021-10-04,3.82545
2021-10-05,3.7794
2021-10-06,3.79627
2021-10-07,3.72827
2021-10-08,3.7282
2021-10-12,3.77168
2021-10-13,3.76579
2021-10-14,3.73409
2021-10-15,3.6939
2021-10-18,3.729
2021-10-19,3.68804
2021-10-20,3.70474
2021-10-21,3.71808
2021-10-22,3.72328
2021-10-25,3.72635
2021-10-26,3.72918
2021-10-27,3.75074
2021-10-28,3.74081
2021-10-29,3.77784
2021-11-01,3.79437
2021-11-02,3.82899
2021-11-03,3.77849
2021-11-04,3.80515
2021-11-05,3.82005
2021-11-08,3.71206
2021-11-09,3.74423
2021-11-10,3.71961
2021-11-12,3.72161
2021-11-15,3.69511
2021-11-16,3.70947
2021-11-17,3.73692
2021-11-18,3.75555
2021-11-19,3.76974
2021-11-22,3.75875
2021-11-23,3.81482
2021-11-24,3.87704
2021-11-26,4.12661
2021-11-29,4.06749
2021-11-30,4.10246
2021-12-01,4.0201
2021-12-02,3.97217
2021-12-03,4.01441
2021-12-06,3.91662
2021-12-07,3.81101
2021-12-08,3.7714
2021-12-09,3.75871
2021-12-10,3.78086
2021-12-13,3.83529
2021-12-14,3.82684
2021-12-15,3.83612
2021-12-16,3.86407
2021-12-17,3.88118
2021-12-20,3.91949
2021-12-21,3.87211
2021-12-22,3.8887
2021-12-23,3.8484
2021-12-27,3.85257
2021-12-28,3.83005
2021-12-29,3.7723
2021-12-30,3.80617
2021-12-31,3.80805
2022-01-03,3.72516
2022-01-04,3.74052
2022-01-05,3.7436
2022-01-06,3.80695
2022-01-07,3.80674
2022-01-10,3.84907
2022-01-11,3.8832
2022-01-12,3.87446
2022-01-13,3.92599
2022-01-14,3.92513
2022-01-18,3.96692
2022-01-19,3.94595
2022-01-20,3.91863
2022-01-21,3.97011
2022-01-24,4.01527
2022-01-25,3.97639
2022-01-26,3.90949
2022-01-27,3.96872
2022-01-28,3.97642
2022-01-31,3.91307
2022-02-01,3.91271
2022-02-02,3.88663
2022-02-03,3.87541
2022-02-04,3.88838
2022-02-07,3.92577
2022-02-08,3.91923
2022-02-09,3.87322
2022-02-10,3.8437
2022-02-11,4.00725
2022-02-14,3.98945
2022-02-15,3.89955
2022-02-16,3.92375
2022-02-17,4.00237
2022-02-18,4.04617
2022-02-22,4.09677
2022-02-23,4.14577
2022-02-24,4.19229
2022-02-25,4.09948
2022-02-28,4.21168
2022-03-01,4.27494
2022-03-02,4.20718
2022-03-03,4.26375
2022-03-04,4.47177
2022-03-07,4.56329
2022-03-08,4.5579
2022-03-09,4.36021
2022-03-10,4.30383
2022-03-11,4.27142
2022-03-14,4.21934
2022-03-15,4.21915
2022-03-16,4.12214
2022-03-17,3.97421
2022-03-18,3.97812
2022-03-21,3.95236
2022-03-22,3.94257
2022-03-23,4.05794
2022-03-24,3.96207
2022-03-25,3.87755
2022-03-28,3.8577
2022-03-29,3.8104
2022-03-30,3.8096
2022-03-31,3.81919
2022-04-01,3.80648
2022-04-04,3.71031
2022-04-05,3.67482
2022-04-06,3.76054
2022-04-07,3.76924
2022-04-08,3.80837
2022-04-11,3.89342
2022-04-12,3.91807
2022-04-13,3.91009
2022-04-14,3.84551
2022-04-18,3.85814
2022-04-19,3.87096
2022-04-20,3.93507
2022-04-21,3.99238
2022-04-22,4.08184
2022-04-25,4.12345
2022-04-26,4.16359
2022-04-27,4.1238
2022-04-28,4.16183
2022-04-29,4.19408
2022-05-02,4.28378
2022-05-03,4.21461
2022-05-04,4.17655
2022-05-05,4.15449
2022-05-06,4.16012
2022-05-09,4.39442
2022-05-10,4.36527
2022-05-11,4.35928
2022-05-12,4.40624
2022-05-13,4.34755
2022-05-16,4.40402
2022-05-17,4.3661
2022-05-18,4.53256
2022-05-19,4.52373
2022-05-20,4.5749
2022-05-23,4.46025
2022-05-24,4.50263
2022-05-25,4.37839
2022-05-26,4.29976
2022-05-27,4.22414
2022-05-31,4.15512
2022-06-01,4.14671
2022-06-02,4.14833
2022-06-03,4.15659
2022-06-06,4.15269
2022-06-07,4.19831
2022-06-08,4.2061
2022-06-09,4.31795
2022-06-10,4.35925
2022-06-13,4.56796
2022-06-14,4.56787
2022-06-15,4.58889
2022-06-16,4.73445
2022-06-17,4.73527
2022-06-21,4.71509
2022-06-22,4.85051
2022-06-23,4.82806
2022-06-24,4.77958
2022-06-27,4.80089
2022-06-28,5.02133
2022-06-29,5.08939
2022-06-30,5.06
2022-07-01,5.0391
2022-07-05,5.18828
2022-07-06,5.13518
2022-07-07,5.06163
2022-07-08,5.03404
2022-07-11,5.16139
2022-07-12,5.2751
2022-07-13,5.40599
2022-07-14,5.49684
2022-07-15,5.50577
2022-07-18,5.38668
2022-07-19,5.21336
2022-07-20,5.08533
2022-07-21,5.18745
2022-07-22,5.17829
2022-07-25,5.11116
2022-07-26,5.0964
2022-07-27,5.00934
2022-07-28,4.89663
2022-07-29,4.81076
2022-08-01,4.8796
2022-08-02,4.79691
2022-08-03,4.82408
2022-08-04,4.72432
2022-08-05,4.64577
2022-08-08,4.62147
2022-08-09,4.7158
2022-08-10,4.59505
2022-08-11,4.50231
2022-08-12,4.57941
2022-08-15,4.58752
2022-08-16,4.61181
2022-08-17,4.68449
2022-08-18,4.66493
2022-08-19,4.72103
2022-08-22,4.83455
2022-08-23,4.76046
2022-08-24,4.65927
2022-08-25,4.66398
2022-08-26,4.71612
2022-08-29,4.81071
2022-08-30,4.80934
2022-08-31,4.80321
2022-09-01,4.82526
2022-09-02,4.86058
2022-09-06,4.80176
2022-09-07,4.80413
2022-09-08,4.71865
2022-09-09,4.62127
2022-09-12,4.54583
2022-09-13,4.67219
2022-09-14,4.72874
2022-09-15,4.693
2022-09-16,4.79578
2022-09-19,4.7684
2022-09-20,4.81324
2022-09-21,4.79793
2022-09-22,4.75804
2022-09-23,4.89536
2022-09-26,5.02775
2022-09-27,5.13914
2022-09-28,5.22269
2022-09-29,5.31006
2022-09-30,5.25321
2022-10-03,5.1894
2022-10-04,4.97086
2022-10-05,5.05467
2022-10-06,5.0287
2022-10-07,5.09689
2022-10-11,5.21201
2022-10-12,5.28322
2022-10-13,5.34264
2022-10-14,5.33585
2022-10-17,5.26305
2022-10-18,5.20856
2022-10-19,5.24477
2022-10-20,5.23075
2022-10-21,5.20154
2022-10-24,5.04868
2022-10-25,4.95974
2022-10-26,4.93745
2022-10-27,4.96076
2022-10-28,4.8254
2022-10-31,4.91472
2022-11-01,4.79854
2022-11-02,4.80045
2022-11-03,4.81614
2022-11-04,4.72105
2022-11-07,4.55808
2022-11-08,4.57662
2022-11-09,4.71168
2022-11-10,4.63356
2022-11-14,4.51627
2022-11-15,4.46854
2022-11-16,4.48964
2022-11-17,4.51692
2022-11-18,4.49158
2022-11-21,4.4573
2022-11-22,4.44383
2022-11-23,4.47327
2022-11-25,4.48679
2022-11-28,4.45054
2022-11-29,4.34788
2022-11-30,4.33263
2022-12-01,4.28497
2022-12-02,4.27006
2022-12-05,4.25267
2022-12-06,4.38603
2022-12-07,4.40465
2022-12-08,4.29292
2022-12-09,4.20827
2022-12-12,4.22069
2022-12-13,4.18162
2022-12-14,4.2298
2022-12-15,4.25676
2022-12-16,4.29843
2022-12-19,4.30112
2022-12-20,4.29024
2022-12-21,4.1978
2022-12-22,4.18334
2022-12-23,4.17817
2022-12-27,4.13205
2022-12-28,4.12416
2022-12-29,4.17767
2022-12-30,4.15567
2023-01-03,4.19027
2023-01-04,4.20273
2023-01-05,4.27638
2023-01-06,4.24577
2023-01-09,4.23022
2023-01-10,4.21243
2023-01-11,4.17962
2023-01-12,4.13115
2023-01-13,4.06464
2023-01-17,4.01419
2023-01-18,3.99769
2023-01-19,4.02167
2023-01-20,3.97626
2023-01-23,3.94745
2023-01-24,3.9884
2023-01-25,4.01793
2023-01-26,3.96547
2023-01-27,3.94674
2023-01-30,4.02293
2023-01-31,4.0238
2023-02-01,4.00994
2023-02-02,3.87348
2023-02-03,3.864
2023-02-06,3.95511
2023-02-07,3.98981
2023-02-08,4.04727
2023-02-09,4.04249
2023-02-10,4.09839
2023-02-13,4.08867
2023-02-14,4.07082
2023-02-15,4.12413
2023-02-16,4.12702
2023-02-17,4.21562
2023-02-21,4.22433
2023-02-22,4.22092
2023-02-23,4.13963
2023-02-24,4.12547
2023-02-27,4.14168
2023-02-28,4.17208
2023-03-01,4.20685
2023-03-02,4.21959
2023-03-03,4.15732
2023-03-06,4.09281
2023-03-07,4.13262
2023-03-08,4.15946
2023-03-09,4.25381
2023-03-10,4.38356
2023-03-13,4.53568
2023-03-14,4.44875
2023-03-15,4.68386
2023-03-16,4.57887
2023-03-17,4.74367
2023-03-20,4.70171
2023-03-21,4.57169
2023-03-22,4.65867
2023-03-23,4.64996
2023-03-24,4.6753
2023-03-27,4.54504
2023-03-28,4.58958
2023-03-29,4.51145
2023-03-30,4.49774
2023-03-31,4.47171
2023-04-03,4.42331
2023-04-04,4.51344
2023-04-05,4.57105
2023-04-06,4.59303
2023-04-07,4.53011
2023-04-10,4.53253
2023-04-11,4.52787
2023-04-12,4.51889
2023-04-13,4.49064
2023-04-14,4.42571
2023-04-17,4.41426
2023-04-18,4.4394
2023-04-19,4.48057
2023-04-20,4.52926
2023-04-21,4.47814
2023-04-24,4.5031
2023-04-25,4.53753
2023-04-26,4.53314
2023-04-27,4.48403
2023-04-28,4.45282
2023-05-01,4.37425
2023-05-02,4.50021
2023-05-03,4.51901
2023-05-04,4.53764
2023-05-05,4.47253
2023-05-08,4.44364
2023-05-09,4.41326
2023-05-10,4.45662
2023-05-11,4.45922
2023-05-12,4.44856
2023-05-15,4.48896
2023-05-16,4.45997
2023-05-17,4.45523
2023-05-18,4.41191
2023-05-19,4.40422
2023-05-22,4.39621
2023-05-23,4.43356
2023-05-24,4.42046
2023-05-25,4.37759
2023-05-26,4.39968
2023-05-30,4.40706
2023-05-31,4.42142
2023-06-01,4.43728
2023-06-02,4.31799
2023-06-05,4.32403
2023-06-06,4.26194
2023-06-07,4.19022
2023-06-08,4.23776
2023-06-09,4.20686
2023-06-12,4.19152
2023-06-13,4.09825
2023-06-14,4.10653
2023-06-15,4.14327
2023-06-16,4.09816
2023-06-20,4.12627
2023-06-21,4.10033
2023-06-22,4.03423
2023-06-23,4.0775
2023-06-26,4.05743
2023-06-27,4.03384
2023-06-28,4.0802
2023-06-29,4.05255
2023-06-30,4.0132
2023-07-03,3.95584
2023-07-05,3.90878
2023-07-06,3.95729
2023-07-07,3.97392
2023-07-10,3.98305
2023-07-11,3.91877
2023-07-12,3.94538
2023-07-13,3.91106
2023-07-14,3.86948
2023-07-17,3.88408
2023-07-18,3.85606
2023-07-19,3.91128
2023-07-20,3.89894
2023-07-21,3.87809
2023-07-24,3.83928
2023-07-25,3.86685
2023-07-26,3.86925
2023-07-27,3.78596
2023-07-28,3.78759
2023-07-31,3.74588
2023-08-01,3.75868
2023-08-02,3.81082
2023-08-03,3.81465
2023-08-04,3.85117
2023-08-07,3.84432
2023-08-08,3.8645
2023-08-09,3.85231
2023-08-10,3.75998
2023-08-11,3.73923
2023-08-14,3.80415
2023-08-15,3.90389
2023-08-16,3.9016
2023-08-17,3.9403
2023-08-18,3.96184
2023-08-21,3.9363
2023-08-22,3.90784
2023-08-23,3.9007
2023-08-24,3.8933
2023-08-25,3.90185
2023-08-28,3.89364
2023-08-29,3.88584
2023-08-30,3.84247
2023-08-31,3.85053
2023-09-01,3.83208
2023-09-05,3.83692
2023-09-06,3.8904
2023-09-07,3.89295
2023-09-08,3.87222
2023-09-11,3.88285
2023-09-12,3.91422
2023-09-13,3.90041
2023-09-14,3.86504
2023-09-15,3.85968
2023-09-18,3.90714
2023-09-19,3.8784
2023-09-20,3.83865
2023-09-21,3.89566
2023-09-22,3.92864
2023-09-25,3.92085
2023-09-26,3.97466
2023-09-27,4.00804
2023-09-28,4.06198
2023-09-29,4.04443
2023-10-02,4.07624
2023-10-03,4.16824
2023-10-04,4.23145
2023-10-05,4.26758
2023-10-06,4.22079
2023-10-10,4.20148
2023-10-11,4.17051
2023-10-12,4.1442
2023-10-13,4.16947
2023-10-16,4.11253
2023-10-17,4.07192
2023-10-18,4.07389
2023-10-19,4.07078
2023-10-20,4.12586
2023-10-23,4.15559
2023-10-24,4.09305
2023-10-25,4.04755
2023-10-26,4.13694
2023-10-27,4.15691
2023-10-30,4.13387
2023-10-31,4.09522
2023-11-01,4.14716
2023-11-02,4.02021
2023-11-03,3.97361
2023-11-06,4.02097
2023-11-07,4.08596
2023-11-08,4.11999
2023-11-09,4.10666
2023-11-10,4.09193
2023-11-13,4.13789
2023-11-14,4.13035
2023-11-15,4.08716
2023-11-16,4.10299
2023-11-17,4.08944
2023-11-20,4.01483
2023-11-21,3.96297
2023-11-22,3.92772
2023-11-24,3.85164
2023-11-27,3.90805
2023-11-28,3.94293
2023-11-29,3.8959
2023-11-30,3.81634
2023-12-01,3.83168
2023-12-04,3.78269
2023-12-05,3.77873
2023-12-06,3.77398
2023-12-07,3.77209
2023-12-08,3.77065
2023-12-11,3.79225
2023-12-12,3.80455
2023-12-13,3.8229
2023-12-14,3.71121
2023-12-15,3.70705
2023-12-18,3.68706
2023-12-19,3.66703
2023-12-20,3.69711
2023-12-21,3.66007
2023-12-22,3.64935
2023-12-26,3.66023
2023-12-27,3.72203
2023-12-28,3.68054
2023-12-29,3.66112
2024-01-02,3.73186
2024-01-03,3.87355
2024-01-04,3.84967
2024-01-05,3.80114
2024-01-08,3.86662
2024-01-09,3.88977
2024-01-10,3.78978
2024-01-11,3.75699
2024-01-12,3.72852
2024-01-16,3.69551
2024-01-17,3.72571
2024-01-18,3.72014
2024-01-19,3.74248
2024-01-22,3.77467
2024-01-23,3.81774
2024-01-24,3.78588
2024-01-25,3.77055
2024-01-26,3.74327
2024-01-29,3.73473
2024-01-30,3.74406
2024-01-31,3.77571
2024-02-01,3.78029
2024-02-02,3.72545
2024-02-05,3.70511
2024-02-06,3.69859
2024-02-07,3.69488
2024-02-08,3.70333
2024-02-09,3.69051
2024-02-12,3.68679
2024-02-13,3.65426
2024-02-14,3.65799
2024-02-15,3.59369
2024-02-16,3.57266
2024-02-20,3.5813
2024-02-21,3.57458
2024-02-22,3.51371
2024-02-23,3.49784
2024-02-26,3.49799
2024-02-27,3.50924
2024-02-28,3.51651
2024-02-29,3.48707
2024-03-01,3.46089
2024-03-04,3.43756
2024-03-05,3.46861
2024-03-06,3.45359
2024-03-07,3.47855
2024-03-08,3.49394
2024-03-11,3.47705
2024-03-12,3.41122
2024-03-13,3.36083
2024-03-14,3.35604
2024-03-15,3.35669
2024-03-18,3.35486
2024-03-19,3.36238
2024-03-20,3.33285
2024-03-21,3.23707
2024-03-22,3.2505
2024-03-25,3.23852
2024-03-26,3.25464
2024-03-27,3.26565
2024-03-28,3.28562
2024-04-01,3.24011
2024-04-02,3.26531
2024-04-03,3.24464
2024-04-04,3.20684
2024-04-05,3.12703
2024-04-08,3.11788
2024-04-09,3.09955
2024-04-10,3.09348
2024-04-11,3.11864
2024-04-12,3.21261
2024-04-15,3.27965
2024-04-16,3.29227
2024-04-17,3.24511
2024-04-18,3.22911
2024-04-19,3.22274
2024-04-22,3.15707
2024-04-23,3.1412
2024-04-24,3.16767
2024-04-25,3.17045
2024-04-26,3.14898
2024-04-29,3.14594
2024-04-30,4.1002
2024-05-01,4.13185
2024-05-02,4.13451
2024-05-03,4.08257
2024-05-06,4.05091
2024-05-07,4.05995
2024-05-08,4.0591
2024-05-09,4.05647
2024-05-10,4.06407
2024-05-13,4.05642
2024-05-14,4.08961
2024-05-15,4.05508
2024-05-16,4.05308
2024-05-17,4.06858
2024-05-20,4.02789
2024-05-21,4.05431
2024-05-22,4.13037
2024-05-23,4.17464
2024-05-24,4.19481
2024-05-28,4.24986
2024-05-29,4.14516
2024-05-30,4.11508
2024-05-31,4.42618
2024-06-03,4.47386
2024-06-04,4.53467
2024-06-05,4.55415
2024-06-06,4.59908
2024-06-07,4.5594
2024-06-10,4.53567
2024-06-11,4.58112
2024-06-12,4.54633
2024-06-13,4.57198
2024-06-14,4.59344
2024-06-17,4.61467
2024-06-18,4.58464
2024-06-20,4.59352
2024-06-21,4.59817
2024-06-24,4.62145
2024-06-25,4.58993
2024-06-26,4.56509
2024-06-27,4.58531
2024-06-28,4.70779
2024-07-01,4.80555
2024-07-02,4.78271
2024-07-03,4.72709
2024-07-05,4.66255
2024-07-08,4.65523
2024-07-09,4.66929
2024-07-10,4.64656
2024-07-11,4.59601
2024-07-12,4.62977
2024-07-15,4.64156
2024-07-16,4.66013
2024-07-17,4.70569
2024-07-18,4.70873
2024-07-19,4.70142
2024-07-22,4.71063
2024-07-23,4.64798
2024-07-24,4.68307
2024-07-25,4.67868
2024-07-26,4.68018
2024-07-29,4.70796
2024-07-30,4.73478
2024-07-31,4.75569
2024-08-01,4.83096
2024-08-02,4.98569
2024-08-05,5.09433
2024-08-06,5.02519
2024-08-07,4.92247
2024-08-08,4.8786
2024-08-09,4.85179
2024-08-12,4.84859
2024-08-13,4.81778
2024-08-14,4.76398
2024-08-15,4.70874
2024-08-16,4.69683
2024-08-19,4.65962
2024-08-20,4.66646
2024-08-21,4.67485
2024-08-22,4.69665
2024-08-23,4.6854
2024-08-26,4.65542
2024-08-27,4.67064
2024-08-28,4.68267
2024-08-29,4.66614
2024-08-30,4.5922
2024-09-03,4.6915
2024-09-04,4.74691
2024-09-05,4.73168
2024-09-06,4.76535
2024-09-09,4.76853
2024-09-10,4.81811
2024-09-11,4.78154
2024-09-12,4.73101
2024-09-13,4.68402
2024-09-16,4.66754
2024-09-17,4.59515
2024-09-18,4.53542
2024-09-19,4.49494
2024-09-20,4.50382
2024-09-23,4.52556
2024-09-24,4.54663
2024-09-25,4.52385
2024-09-26,4.49843
2024-09-27,4.49284
2024-09-30,4.40683
2024-10-01,4.39345
2024-10-02,4.35241
2024-10-03,4.313
2024-10-04,4.25547
2024-10-07,4.25467
2024-10-08,4.29991
2024-10-09,4.27175
2024-10-10,4.32931
2024-10-11,4.3099
2024-10-15,4.27914
2024-10-16,4.27776
2024-10-17,4.28851
2024-10-18,4.29284
2024-10-21,4.33494
2024-10-22,4.39835
2024-10-23,4.42757
2024-10-24,4.3986
2024-10-25,4.33337
2024-10-28,4.30861
2024-10-29,4.3193
2024-10-30,4.29225
2024-10-31,4.35581
2024-11-01,4.33069
2024-11-04,4.39455
2024-11-05,4.41211
2024-11-06,4.28614
2024-11-07,4.16964
2024-11-08,4.16918
2024-11-12,4.17189
2024-11-13,4.18828
2024-11-14,4.21649
2024-11-15,4.30696
2024-11-18,4.35739
2024-11-19,4.28665
2024-11-20,4.2339
2024-11-21,4.20772
2024-11-22,4.22358
2024-11-25,4.27396
2024-11-26,4.26596
2024-11-27,4.25651
2024-11-29,4.27904
2024-12-02,4.31024
2024-12-03,4.25624
2024-12-04,4.28659
2024-12-05,4.25978
2024-12-06,4.22948
2024-12-09,4.1939
2024-12-10,4.18008
2024-12-11,4.14688
2024-12-12,4.12587
2024-12-13,4.16355
2024-12-16,4.20508
2024-12-17,4.23689
2024-12-18,4.19225
2024-12-19,4.29847
2024-12-20,4.27071
2024-12-23,4.24149
2024-12-24,4.25263
2024-12-26,4.26672
2024-12-27,4.23701
2024-12-30,4.32263
2024-12-31,4.26783
2025-01-02,4.26883
2025-01-03,4.18636
2025-01-06,4.15284
2025-01-07,4.06234
2025-01-08,4.22934
2025-01-09,4.1918
2025-01-10,4.20954
2025-01-13,4.23831
2025-01-14,4.22814
2025-01-15,4.18575
2025-01-16,4.2114
2025-01-17,4.21713
2025-01-21,4.172
2025-01-22,4.14951
2025-01-23,4.14936
2025-01-24,4.14096
2025-01-27,4.20474
2025-01-28,4.18838
2025-01-29,4.1732
2025-01-30,4.12391
2025-01-31,4.1124
2025-02-03,4.10078
2025-02-04,4.08731
2025-02-05,4.07226
2025-02-06,4.06245
2025-02-07,4.06426
2025-02-10,4.13185
2025-02-11,4.17104
2025-02-12,4.13505
2025-02-13,4.13915
2025-02-14,4.11514
2025-02-18,4.12004
2025-02-19,4.16063
2025-02-20,4.17393
2025-02-21,4.20674
2025-02-24,4.23867
2025-02-25,4.24742
2025-02-26,4.26468
2025-02-27,4.26998
2025-02-28,4.28587
2025-03-03,4.30851
2025-03-04,4.27099
2025-03-05,4.20855
2025-03-06,4.28864
2025-03-07,4.25756
2025-03-10,4.32511
2025-03-11,4.32548
2025-03-12,4.28733
2025-03-13,4.36467
2025-03-14,4.30389
2025-03-17,4.28579
2025-03-18,4.31107
2025-03-19,4.2691
2025-03-20,4.26837
2025-03-21,4.29851
2025-03-24,4.25932
2025-03-25,4.2541
2025-03-26,4.26849
2025-03-27,4.30916
2025-03-28,4.41469
2025-03-31,4.45662
2025-04-01,4.41352
2025-04-02,4.40188
2025-04-03,4.60087
2025-04-04,4.78617
2025-04-07,4.88409
2025-04-08,4.93772
2025-04-09,4.73614
2025-04-10,4.78229
2025-04-11,4.80088
2025-04-14,4.58112
2025-04-15,4.56551
2025-04-16,4.65386
2025-04-17,4.58137
2025-04-21,4.63627
2025-04-22,4.56421
2025-04-23,4.45659
2025-04-24,4.44671
2025-04-25,4.41354
2025-04-28,4.46025
2025-04-29,4.46679
2025-04-30,4.51492
2025-05-01,4.48261
2025-05-02,4.42279
2025-05-05,4.4452
2025-05-06,4.41304
2025-05-07,4.36516
2025-05-08,4.27854
2025-05-09,4.27675
2025-05-12,4.11433
2025-05-13,4.10097
2025-05-14,4.09695
2025-05-15,4.15506
2025-05-16,4.12452
2025-05-19,4.11854
2025-05-20,4.08478
2025-05-21,4.0734
2025-05-22,4.13199
2025-05-23,4.15049
2025-05-27,4.13468
2025-05-28,4.14935
2025-05-29,4.16246
2025-05-30,4.21648
2025-06-02,4.19509
2025-06-03,4.10627
2025-06-04,4.14356
2025-06-05,4.14593
2025-06-06,4.08135
2025-06-09,4.10403
2025-06-10,4.04807
2025-06-11,4.03066
2025-06-12,4.03313
2025-06-13,4.02389
2025-06-16,3.97438
2025-06-17,4.05188
2025-06-18,4.06245
2025-06-20,4.07488
2025-06-23,4.08743
2025-06-24,4.04985
2025-06-25,4.06562
2025-06-26,4.07647
2025-06-27,4.03449
2025-06-30,4.00673
2025-07-01,3.94183
2025-07-02,3.92973
2025-07-03,3.83351
2025-07-07,3.78786
2025-07-08,3.90548
2025-07-09,3.88524
2025-07-10,3.88589
2025-07-11,3.88153
2025-07-14,3.92963
2025-07-15,3.89067
2025-07-16,3.9574
2025-07-17,3.95035
2025-07-18,3.91978
2025-07-21,3.88986
2025-07-22,3.9189
2025-07-23,3.87686
2025-07-24,3.82767
2025-07-25,3.83973
2025-07-28,3.79883
2025-07-29,3.8304
2025-07-30,3.81491
2025-07-31,3.76998
2025-08-01,3.91369
2025-08-04,3.86149
2025-08-05,3.84209
2025-08-06,3.81665
2025-08-07,3.77855
2025-08-08,3.74394
2025-08-11,3.71113
2025-08-12,3.65654
2025-08-13,3.63271
2025-08-14,3.61747
2025-08-15,3.59436
2025-08-18,3.57432
2025-08-19,3.56923
2025-08-20,3.62471
2025-08-21,3.64049
2025-08-22,3.64262
2025-08-25,3.66671
2025-08-26,3.71505
2025-08-27,3.74202
2025-08-28,3.69305
2025-08-29,3.66474
2025-09-02,3.69378
2025-09-03,3.67626
2025-09-04,3.6715
2025-09-05,3.632
2025-09-08,3.72173
2025-09-09,3.67163
2025-09-10,3.59365
2025-09-11,3.53976
2025-09-12,3.58256
2025-09-15,3.61408
2025-09-16,3.60294
2025-09-17,3.60991
2025-09-18,3.67945
2025-09-19,3.72155
2025-09-22,3.55981
2025-09-23,3.50443
2025-09-24,3.42501
2025-09-25,3.47676
2025-09-26,3.51128
2025-09-29,3.56185
2025-09-30,3.59479
2025-10-01,3.61839
2025-10-02,3.59182
2025-10-03,3.51748
2025-10-06,3.48134
2025-10-07,3.53391
2025-10-08,3.52461
2025-10-09,3.47208
2025-10-10,3.62242
2025-10-14,3.65557
2025-10-15,3.57707
2025-10-16,3.5966
2025-10-17,3.59298
2025-10-20,3.54242
2025-10-21,3.52531
2025-10-22,3.56121
2025-10-23,3.47274
2025-10-24,3.47425
2025-10-27,3.28156
2025-10-28,3.27415
2025-10-29,3.19433
2025-10-30,3.22996
2025-10-31,3.17784
2025-11-03,3.21824
2025-11-04,3.26723
2025-11-05,3.21767
2025-11-06,3.27271
2025-11-07,3.27395
2025-11-10,3.20802
2025-11-12,3.21573
2025-11-13,3.19502
2025-11-14,3.18748
2025-11-17,3.20088
2025-11-18,3.23304
2025-11-19,3.18642
2025-11-20,3.24244
2025-11-21,3.2728
2025-11-24,3.25701
2025-11-25,3.28466
2025-11-26,3.27499
2025-11-28,3.23418
2025-12-01,3.18225
2025-12-02,3.16812
2025-12-03,3.13376
2025-12-04,3.13389
2025-12-05,3.12311
2025-12-08,3.15162
2025-12-09,3.18516
2025-12-10,3.17594
2025-12-11,3.14367
2025-12-12,3.09707
2025-12-15,3.05326
2025-12-16,3.07389
2025-12-17,3.10145
2025-12-18,3.12368
2025-12-19,3.09736
2025-12-22,3.07283
2025-12-23,3.077
2025-12-24,3.10405
2025-12-26,3.09727
2025-12-29,3.1048
2025-12-30,3.11176
2025-12-31,3.08374
2026-01-02,3.06525
2026-01-05,2.95807
2026-01-06,2.95408
2026-01-07,2.95669
2026-01-08,2.99741
2026-01-09,2.98445
2026-01-12,3.00395
2026-01-13,3.03288
2026-01-14,3.05196
2026-01-15,2.99145
2026-01-16,2.94681
2026-01-20,2.96345
2026-01-21,2.92749
2026-01-22,2.90087
2026-01-23,2.89002
2026-01-26,2.87433
2026-01-27,2.86158
2026-01-28,2.86664
2026-01-29,2.88142
2026-01-30,2.87171
2026-02-02,2.87171
2026-02-03,2.87299
2026-02-04,2.84104
2026-02-05,2.91197
2026-02-06,2.87849
2026-02-09,2.84929
2026-02-10,2.86639
2026-02-11,2.84027
2026-02-12,2.8546
2026-02-13,2.88187
2026-02-17,2.85982
2026-02-18,2.8424
2026-02-19,2.87045
2026-02-20,2.85348
2026-02-23,2.89127
2026-02-24,2.88698
2026-02-25,2.86977
2026-02-26,2.93041
2026-02-27,3.00168
2026-03-02,2.97945
2026-03-03,3.01909
2026-03-04,2.91737
2026-03-05,2.93201
2026-03-06,2.98767
2026-03-09,3.02743
2026-03-10,2.89785
2026-03-11,2.85773
2026-03-12,2.89379
2026-03-13,2.94996
2026-03-16,3.00139
2026-03-17,2.98464
2026-03-18,2.94885
2026-03-19,3.00308
2026-03-20,3.01392
2026-03-23,2.97721
2026-03-24,3.0023
2026-03-25,2.98535
2026-03-26,2.97643
2026-03-27,3.07025
2026-03-30,3.15966
2026-03-31,3.08476
2026-04-01,3.01757
2026-04-02,3.03313
2026-04-03,3.01328
2026-04-06,3.00746
2026-04-07,3.00746
2026-04-08,2.89385
2026-04-09,2.85095
2026-04-10,2.80871
2026-04-13,2.77479
2026-04-14,2.72118
2026-04-15,2.6787
2026-04-16,2.65319
2026-04-17,2.63557
2026-04-20,2.64698
2026-04-21,2.62534
2026-04-22,2.61145
2026-04-23,2.63368
