indice_tiempo,ica_expo_totales,ica_exportacion_productos_primarios,ica_exportacion_manufacturas_origen_agropecuario,ica_exportacion_manufacturas_origen_industrial,ica_exportacion_combustible_energia,ica_importaciones_totales,ica_importaciones_bienes_capital,ica_importaciones_bienes_intermedios,ica_importaciones_combustibles_lubricantes,ica_importaciones_piezas_accesorios_bienes_capital,ica_importaciones_bienes_consumo,ica_importaciones_vehiculos_automotores_pasajeros,ica_importaciones_resto,ica_bienes_capital_partes_piezas,ica_bienes_intermedios_combustibles_lubricantes,ica_importaciones_bs_consumo_vehiculos_automotor_pasajeros,ica_saldo_comercial
1992-01-01,725.798174,133.367679,353.60383,169.855371,68.845548,902.946207,172.5264,361.237594,18.947876,159.296247,163.617336,26.876594,0.44416,331.82264699999996,380.18547,190.93809000000002,-177.14803299999994
1992-02-01,851.896974,188.034116,396.893604,204.453067,62.501529,914.187817,162.811457,357.900557,17.434611,164.001829,170.042456,40.000733,1.996174,326.81328599999995,375.335168,212.03936299999998,-62.290842999999995
1992-03-01,984.648674,320.984466,393.966223,210.621786,58.970218,1070.337821,185.928231,379.260373,19.106331,216.106944,223.549678,45.264358,1.121906,402.035175,398.366704,269.935942,-85.68914700000005
1992-04-01,998.051464,375.242075,330.719966,222.833784,69.16025,1186.042169,226.014525,356.776451,35.515375,267.311883,248.000355,51.180693,1.242887,493.326408,392.291826,300.42393500000003,-187.99070500000005
1992-05-01,1137.679956,474.440656,392.913834,209.817909,60.379001,1110.860199,212.543609,344.579142,25.589576,208.210391,258.086546,60.775098,1.075837,420.754,370.168718,319.937481,26.81975699999998
1992-06-01,1193.100746,442.905698,423.103526,253.460865,73.5995,1284.734088,253.941253,414.269571,38.195289,235.059693,288.951177,52.872474,1.444631,489.000946,452.46486,343.268282,-91.63334199999986
1992-07-01,1195.712358,455.983718,438.821509,229.570777,71.305482,1459.96013,277.494803,455.181072,65.292515,245.282072,292.81219,122.2738,1.623678,522.776875,520.473587,416.70966799999997,-264.24777199999994
1992-08-01,1076.604947,346.11888,431.532242,243.30131,55.564557,1429.65203,309.490994,425.119835,54.911153,254.659235,285.164712,99.690616,0.615485,564.150229,480.03098800000004,385.47081299999996,-353.04708299999993
1992-09-01,1061.597203,251.83012,428.717675,246.712013,134.293494,1465.142073,330.104787,449.043412,22.94606,262.711011,310.359902,89.305127,0.671774,592.815798,471.989472,400.33680300000003,-403.54486999999995
1992-10-01,952.050346,180.399972,414.589012,252.555803,104.483575,1516.816844,325.327306,464.208664,28.456861,249.85208,374.174739,71.563378,3.233816,575.179386,492.665525,448.971933,-564.766498
1992-11-01,1032.547239,152.657852,450.29683,305.718602,123.824095,1273.692829,260.799706,377.899535,74.049468,199.945547,288.524206,70.355307,2.11906,460.74525300000005,451.949003,360.99857299999996,-241.14559000000008
1992-12-01,1025.260664,170.560837,381.946889,273.724972,198.953185,1257.381961,375.707897,332.894156,15.362795,208.314371,261.966533,61.625032,1.511177,584.0222679999999,348.256951,325.102742,-232.12129700000014
1993-01-01,902.00694,226.344594,372.514002,221.598365,81.450927,1038.647448,248.472378,342.797799,12.102775,175.259768,193.650811,65.346651,1.017266,423.732146,354.900574,260.014728,-136.64050799999995
1993-02-01,910.304778,218.95773,367.714556,213.143555,110.420547,897.605584,203.489397,292.338442,11.433943,145.255828,185.152009,58.861103,1.074862,348.745225,303.772385,245.08797399999997,12.699194000000034
1993-03-01,1075.032851,376.002446,347.804207,244.13881,107.044549,1322.928657,283.176235,415.824124,19.772827,256.668095,271.016374,74.264552,2.20645,539.84433,435.596951,347.487376,-247.895806
1993-04-01,1078.632048,375.657342,340.857504,257.32626,104.71275,1206.81051,246.250825,368.202512,19.510544,246.170845,269.234356,55.059274,2.382154,492.42167,387.713056,326.675784,-128.17846200000008
1993-05-01,1220.789166,470.956346,389.248869,285.65453,74.906464,1253.398408,319.43107,350.544099,33.86141,234.345525,268.934873,44.988045,1.293386,553.776595,384.405509,315.216304,-32.609241999999995
1993-06-01,1277.882034,402.156012,477.691934,310.638624,87.372828,1410.186221,325.738691,432.793654,38.809261,247.279024,293.467043,69.233663,2.864885,573.017715,471.602915,365.565591,-132.30418699999996
1993-07-01,1161.519236,309.188763,460.328169,311.717048,80.263815,1559.202869,438.498989,442.126559,51.16612,263.952746,268.865514,92.907522,1.685419,702.451735,493.29267899999996,363.4584550000001,-397.6836329999999
1993-08-01,1082.734049,245.806947,410.477122,351.024109,75.407689,1538.31554,361.126276,466.660316,53.918586,266.392338,299.6175,90.152212,0.448312,627.5186140000001,520.578902,390.218024,-455.58149100000014
1993-09-01,1190.60363,229.396576,493.414074,350.142761,117.626793,1562.630385,336.026146,483.157619,63.036901,265.520753,346.246985,67.643901,0.99808,601.5468989999999,546.19452,414.88896600000004,-372.02675499999987
1993-10-01,1091.679142,144.645589,417.976192,374.035429,154.967116,1570.284496,374.176757,475.794296,21.438927,259.361462,366.036116,71.484587,1.992351,633.538219,497.23322299999995,439.513054,-478.60535400000003
1993-11-01,1015.526883,113.595346,411.17673,368.372931,122.364145,1757.792572,464.911879,486.022414,34.429718,285.212265,407.850547,76.77469,2.591059,750.124144,520.452132,487.216296,-742.2656890000001
1993-12-01,1111.047183,160.927861,440.398459,390.602325,119.081781,1665.710237,501.926776,458.624193,27.219545,244.828916,352.269491,77.615848,3.225468,746.755692,485.843738,433.110807,-554.6630540000001
1994-01-01,963.367588,174.410652,418.268526,284.093754,86.578512,1578.238036,494.766895,460.457102,29.467599,249.319241,244.927224,96.06084,3.239135,744.086136,489.924701,344.227199,-614.870448
1994-02-01,965.827324,198.24988,389.294873,272.13064,106.147346,1487.035885,478.691474,427.523187,36.41639,207.148631,260.879556,75.052642,1.324005,685.840105,463.939577,337.25620299999997,-521.208561
1994-03-01,1126.63514,280.889311,384.079278,351.832263,109.651044,1849.848279,468.126907,517.147893,42.031676,394.67382,352.757671,72.034003,3.076309,862.800727,559.1795689999999,427.867983,-723.213139
1994-04-01,1221.823159,387.628872,383.438762,330.249397,120.485353,1751.819589,469.362519,484.260877,40.141516,291.09246,362.283872,102.769419,1.908926,760.4549790000001,524.402393,466.96221699999995,-529.9964299999999
1994-05-01,1598.178729,638.094045,490.201695,350.632358,119.235626,1740.954586,461.08334,487.388279,54.906705,297.486847,333.187222,105.562439,1.339754,758.570187,542.294984,440.08941500000003,-142.7758570000001
1994-06-01,1458.462167,502.878474,480.496898,359.699841,115.374287,1835.794898,455.150086,555.382351,63.143935,320.696669,329.296008,110.037627,2.088222,775.846755,618.526286,441.42185699999993,-377.3327310000002
1994-07-01,1430.051035,379.775061,495.073372,420.117538,135.031823,1775.966983,498.076345,508.228318,83.636592,274.914261,305.712284,103.785983,1.6132,772.9906060000001,591.86491,411.111467,-345.91594800000007
1994-08-01,1469.645104,310.702685,565.195161,437.920094,155.793641,2102.829972,620.801555,608.738091,65.854052,323.493634,335.264613,146.665041,2.012986,944.2951889999999,674.5921430000001,483.94264000000004,-633.184868
1994-09-01,1356.761737,244.321473,503.562297,433.124554,175.721379,1766.01408,439.207973,523.375204,50.766354,289.570853,340.051944,120.949025,2.092727,728.778826,574.141558,463.093696,-409.2523429999999
1994-10-01,1355.191661,194.560862,567.35381,420.681499,172.587816,1840.003546,522.11612,518.980217,49.275798,298.95984,347.259964,100.918342,2.493265,821.07596,568.256015,450.67157100000003,-484.81188499999985
1994-11-01,1420.879323,185.216891,605.147426,468.789224,161.718861,1891.852982,478.750776,575.15986,45.014967,288.679528,375.987647,126.794293,1.465911,767.430304,620.1748269999999,504.24785099999997,-470.973659
1994-12-01,1472.390488,239.456746,522.925309,517.075107,192.874155,1969.896542,612.180582,508.770476,45.704345,252.119567,315.354552,233.838445,1.928575,864.3001489999999,554.474821,551.121572,-497.50605399999995
1995-01-01,1341.892936,290.668862,518.928576,393.824382,138.440546,1717.910739,429.255078,619.966645,70.01547,278.431783,265.344582,53.220075,1.677106,707.686861,689.982115,320.241763,-376.01780299999996
1995-02-01,1392.176762,316.03961,488.423241,428.127929,159.56038,1629.544245,469.864437,528.45855,50.593023,276.246879,246.809686,56.330614,1.241056,746.111316,579.051573,304.38135600000004,-237.367483
1995-03-01,1801.805398,481.028651,558.66887,568.416862,193.561242,1890.613932,470.44068,624.693295,64.611874,345.781285,304.546623,78.674132,1.866043,816.221965,689.305169,385.086798,-88.80853400000001
1995-04-01,1897.065341,591.532431,562.293726,569.625376,173.534398,1485.177409,329.422426,513.714345,72.256168,297.0974,230.51478,41.084433,1.087857,626.519826,585.970513,272.68707,411.8879320000001
1995-05-01,2270.440256,738.796662,658.101362,697.497418,175.98676,1721.813152,378.395745,607.720089,65.332498,339.253017,268.784947,59.371226,2.95563,717.648762,673.052587,331.11180299999995,548.6271039999999
1995-06-01,2149.367295,645.877824,685.432098,616.793562,201.213624,1573.118779,307.560118,572.771217,89.169027,286.357367,240.600692,74.644692,2.015666,593.9174849999999,661.940244,317.26105,576.2485160000001
1995-07-01,1842.449197,505.684285,639.211424,513.09578,184.421547,1518.781747,332.0177,553.816501,77.14186,256.217551,230.745016,66.334491,2.508628,588.2352510000001,630.958361,299.58813499999997,323.6674499999999
1995-08-01,1766.727141,376.014645,698.565041,518.954616,173.008065,1743.831589,356.251114,644.564562,78.6698,288.663059,276.45984,97.497734,1.72548,644.9141729999999,723.234362,375.68305399999997,22.89555200000018
1995-09-01,1664.471229,257.359141,668.681206,560.416091,177.953209,1654.549873,401.84241,613.961655,55.497091,271.894831,278.675117,31.015342,1.663427,673.737241,669.4587459999999,311.353886,9.92135600000006
1995-10-01,1577.411756,191.535487,651.338333,556.103012,178.402572,1752.375214,387.548446,628.085304,53.403931,314.771875,296.119221,69.977019,2.469418,702.320321,681.489235,368.565658,-174.96345799999995
1995-11-01,1588.758572,159.437539,683.082065,551.438505,194.736749,1833.026093,445.952475,652.597391,69.235635,266.389404,328.141966,68.771037,1.938185,712.3418790000001,721.833026,398.851188,-244.267521
1995-12-01,1670.542255,262.28652,660.623647,528.893536,218.578968,1600.93972,422.022894,551.110182,63.54601,227.975817,259.239826,76.283644,0.761347,649.998711,614.656192,336.284817,69.60253499999999
1996-01-01,1449.080019,276.54462,617.359308,350.248461,204.840489,1681.946086,390.068064,699.289873,52.826007,239.589488,234.656225,64.292896,1.223533,629.657552,752.11588,300.17265399999997,-232.86606699999993
1996-02-01,1419.825616,288.602661,556.633122,389.494443,185.020859,1522.092476,332.678295,579.013395,47.973857,288.5868,215.35698,57.504183,0.978966,621.265095,626.9872519999999,273.840129,-102.26685999999995
1996-03-01,1869.067257,491.967283,605.763099,536.256641,234.967522,1781.66975,433.590251,623.93383,42.648421,304.175226,276.286577,99.886548,1.148897,737.765477,666.5822509999999,377.322022,87.3975069999999
1996-04-01,2013.250436,633.572959,601.117059,539.921942,238.571502,1812.935182,428.917694,634.808071,70.02465,324.222741,271.500339,82.909861,0.551826,753.140435,704.832721,354.96202600000004,200.3152540000001
1996-05-01,2386.376368,831.448547,756.880023,560.708173,237.219939,1916.198684,429.958578,694.347654,79.849636,337.697516,282.398502,91.04018,0.906618,767.6560939999999,774.1972900000001,374.3453,470.1776840000002
1996-06-01,2205.984287,671.738813,703.792228,565.226807,265.133101,1996.430468,473.705014,660.121369,101.309042,358.343138,276.324204,126.088237,0.539464,832.0481520000001,761.4304109999999,402.951905,209.5538190000002
1996-07-01,2225.214897,658.437198,773.250656,544.495514,248.703931,2291.016833,504.562473,798.946376,128.919027,407.059397,322.055781,128.90831,0.565469,911.62187,927.865403,451.52956000000006,-65.8019360000003
1996-08-01,2270.073421,592.519716,812.470919,622.882163,242.114513,2307.531306,516.198091,813.50993,83.669662,438.333656,336.685499,118.771544,0.362924,954.531747,897.1795920000001,455.819967,-37.457884999999806
1996-09-01,1943.261033,361.578276,751.268374,542.88873,287.438153,1980.870151,451.7103,649.259595,92.925133,345.145387,327.648751,113.434523,0.746462,796.855687,742.184728,441.829736,-37.60911800000008
1996-10-01,2073.768079,287.027259,847.947424,651.278574,287.403363,2294.085075,572.081384,767.578374,46.069074,432.58912,388.08301,86.740053,0.94406,1004.6705039999999,813.647448,475.76712299999997,-220.31699600000002
1996-11-01,1918.357024,242.551044,796.269469,593.005527,286.485251,2098.768905,497.160275,708.769167,61.008175,353.932006,371.637326,105.769953,0.492003,851.092281,769.7773420000001,477.89928199999997,-180.411881
1996-12-01,2036.458536,481.671774,616.062362,567.893034,370.693936,2078.263976,546.960857,641.435576,37.430991,388.772428,340.183874,123.04299,0.43726,935.733285,678.8665669999999,463.66412399999996,-41.80544000000009
1997-01-01,1894.771291,555.363218,626.011934,451.142233,262.059854,2333.374522,616.574428,767.85566,77.052733,423.644393,313.11369,133.1825,1.951118,1040.218821,844.9083929999999,448.24730800000003,-438.60323100000005
1997-02-01,1884.397762,521.613762,571.927954,481.713878,309.052901,2026.635464,526.447395,670.641201,56.62432,422.88872,269.033256,79.148242,1.85233,949.3361150000001,727.265521,350.03382799999997,-142.2377019999999
1997-03-01,1994.675591,535.868237,589.394523,559.084687,310.184832,2133.055331,514.760417,704.935953,83.566504,416.550703,318.379629,93.173783,1.688342,931.31112,788.502457,413.241754,-138.37974000000008
1997-04-01,2420.242907,766.322661,733.229707,648.381032,272.193951,2529.043342,626.59549,825.688848,75.096268,509.072419,364.230615,126.168382,2.19132,1135.667909,900.785116,492.590317,-108.8004350000001
1997-05-01,2562.975662,702.089577,880.493864,727.048057,253.195303,2543.884835,611.872283,828.25139,95.054724,502.150139,366.778693,137.193689,2.583917,1114.022422,923.306114,506.55629899999997,19.09082699999999
1997-06-01,2265.186338,535.168651,829.565926,626.254152,274.074813,2446.750637,591.363515,821.396325,94.610522,473.461691,334.506562,129.656338,1.755684,1064.825206,916.0068470000001,465.91858399999995,-181.56429900000012
1997-07-01,2357.720678,458.00709,894.260821,735.840094,269.564336,2733.556414,617.123015,916.839315,87.226197,552.224391,433.260531,124.869577,2.013388,1169.3474059999999,1004.065512,560.143496,-375.835736
1997-08-01,2356.217585,376.034836,891.782393,832.848507,255.496761,2693.938373,689.22685,853.965632,83.525188,507.321748,407.000752,150.843073,2.05513,1196.548598,937.49082,559.8989549999999,-337.7207880000001
1997-09-01,2276.578857,329.969251,887.291009,792.974752,266.293151,2766.845686,716.666586,887.083159,68.075101,500.91322,440.478112,151.564265,2.065243,1217.5798060000002,955.15826,594.10762,-490.26682900000014
1997-10-01,2373.950293,308.979642,863.080712,935.350996,266.47811,2836.165533,736.77868,896.212478,61.854513,516.920545,485.713712,136.760518,1.925087,1253.6992249999998,958.066991,624.399317,-462.21524
1997-11-01,2022.435923,260.396801,682.810708,808.245131,270.916321,2799.478241,743.012347,846.70119,94.604139,485.750787,463.047084,164.714982,1.647712,1228.763134,941.305329,629.409778,-777.0423179999998
1997-12-01,2021.701632,355.072644,654.58802,734.625522,277.36355,2607.45558,707.630677,873.799111,92.923378,390.658388,405.411215,135.478064,1.554747,1098.289065,966.722489,542.444026,-585.7539479999998
1998-01-01,1767.165552,446.649568,567.294535,524.505997,228.715452,2558.320938,746.200529,892.083054,63.775056,418.51807,287.76955,148.100611,1.874068,1164.718599,955.8581099999999,437.74422899999996,-791.1553859999999
1998-02-01,1883.433118,435.606946,495.593499,704.718066,247.514607,2282.81215,673.66584,769.255914,59.287933,385.64379,301.040372,92.330373,1.587928,1059.30963,828.5438469999999,394.958673,-399.3790320000003
1998-03-01,2239.499068,723.327768,586.958712,703.042153,226.170435,2693.948937,746.084941,853.541074,73.475914,464.891452,407.969676,146.271083,1.714797,1210.976393,927.016988,555.955556,-454.44986900000004
1998-04-01,2489.795725,810.918573,710.300998,799.793188,168.782966,2739.397399,777.091291,857.30457,76.854135,510.493158,405.328231,110.556484,1.76953,1287.584449,934.158705,517.6542450000001,-249.601674
1998-05-01,2571.806531,804.059934,796.284257,755.231832,216.230508,2625.797703,726.091064,805.435772,77.815359,479.228258,390.652199,144.472081,2.10297,1205.3193219999998,883.251131,537.22725,-53.991172000000006
1998-06-01,2624.455168,781.923652,852.804942,766.205464,223.52111,2823.103117,743.95647,876.400669,69.625372,547.414568,433.668777,150.103807,1.933454,1291.371038,946.026041,585.7060379999999,-198.64794900000015
1998-07-01,2362.119198,594.179914,812.250946,759.879813,195.808525,3027.288463,814.267693,908.540557,94.558004,595.73461,441.452763,171.09487,1.639966,1410.002303,1003.098561,614.187599,-665.169265
1998-08-01,2367.288775,575.736833,822.040467,774.027587,195.483888,2740.494494,656.190836,833.620691,88.841028,549.214547,441.652416,169.230497,1.744479,1205.405383,922.4617189999999,612.627392,-373.20571900000004
1998-09-01,2297.692201,457.529147,796.059671,833.751777,210.351606,2660.692638,628.865068,825.444133,59.704406,541.987852,452.678909,149.971072,2.041198,1170.8529199999998,885.1485389999999,604.691179,-363.00043700000015
1998-10-01,2015.444098,339.636298,784.360215,715.203818,176.243767,2591.191333,663.824407,791.206648,69.944433,493.639173,451.203715,119.827629,1.545328,1157.46358,861.151081,572.576672,-575.7472350000003
1998-11-01,1884.364998,291.82978,761.720175,664.841909,165.973134,2456.459198,717.172825,745.788056,59.709218,395.196271,430.645467,106.401845,1.545516,1112.369096,805.497274,538.592828,-572.0942
1998-12-01,1930.633962,342.418401,775.812995,623.073557,189.329009,2177.853901,600.717857,692.683273,59.282304,298.78726,406.248862,118.621118,1.513227,899.5051169999999,751.9655769999999,526.383207,-247.21993899999984
1999-01-01,1543.548732,311.899568,619.586755,436.019355,176.043054,1906.339612,531.340166,642.020281,58.5669,313.837678,295.985578,62.722323,1.866686,845.1778439999999,700.587181,360.574587,-362.79088
1999-02-01,1523.961372,385.542276,498.507821,471.39561,168.515665,1855.728419,528.176659,598.420445,58.511525,298.279728,294.190231,76.75006,1.399771,826.456387,656.93197,372.340062,-331.76704700000005
1999-03-01,1997.620964,588.70582,644.815401,580.265273,183.83447,2078.156161,489.560374,721.761991,54.556479,325.430856,394.907972,90.710819,1.22767,814.9912300000001,776.3184699999999,486.846461,-80.53519699999993
1999-04-01,2034.355489,615.828973,660.292073,566.823217,191.411226,1873.381965,464.220325,644.601113,35.777262,310.288343,341.911212,75.159241,1.424469,774.508668,680.378375,418.494922,160.973524
1999-05-01,2219.881806,665.123319,757.664323,584.61178,212.482384,1930.700242,523.231283,621.641037,56.613334,319.278853,332.051967,76.498419,1.385349,842.510136,678.254371,409.935735,289.181564
1999-06-01,2129.491227,588.535462,717.231156,584.483785,239.240824,2212.477304,660.314628,695.003538,73.093737,359.442125,370.269014,53.07954,1.274722,1019.7567529999999,768.0972750000001,424.62327600000003,-82.98607700000002
1999-07-01,1940.966322,447.740931,681.99284,566.612445,244.620106,2278.15093,574.307363,695.61302,102.919758,408.180822,367.049514,128.443903,1.63655,982.4881849999999,798.532778,497.129967,-337.1846079999998
1999-08-01,2098.959408,390.381966,814.819321,622.656482,271.101639,2330.824814,628.558155,744.683133,70.751926,401.88976,395.131371,87.648349,2.16212,1030.4479150000002,815.435059,484.94184,-231.8654059999999
1999-09-01,1897.670763,303.723443,710.020878,610.410561,273.515881,2233.969426,655.132898,678.099892,57.911661,372.409873,406.439242,62.690244,1.285616,1027.542771,736.0115529999999,470.415102,-336.29866300000003
1999-10-01,1900.922454,260.720649,702.723397,619.109128,318.36928,2213.08487,536.788931,727.601552,58.689132,399.949164,420.879977,67.563609,1.612505,936.738095,786.2906839999999,490.056091,-312.1624160000001
1999-11-01,1965.448523,260.220986,719.77341,633.812629,351.641498,2290.06047,554.779468,747.694118,51.243795,401.857088,456.928605,75.940693,1.616703,956.6365559999999,798.937913,534.486001,-324.6119469999999
1999-12-01,2055.807683,326.803687,664.93253,689.45875,374.612716,2305.283163,600.464119,734.093644,51.568724,408.098809,410.770588,98.606727,1.680552,1008.562928,785.662368,511.05786699999993,-249.47548000000006
2000-01-01,1768.244543,379.492374,574.73659,478.589951,335.425628,1852.193641,488.624354,659.775998,50.53473,316.720808,299.939471,34.991635,1.606645,805.345162,710.3107279999999,336.537751,-83.94909800000005
2000-02-01,1783.322687,371.756283,540.927437,527.293454,343.345513,1907.761751,433.843379,656.75668,106.281019,339.950682,316.927235,52.375584,1.627172,773.794061,763.037699,370.929991,-124.43906399999992
2000-03-01,2160.647313,541.383917,578.468638,639.889393,400.905365,2116.315833,470.33462,730.192467,72.436187,400.74755,385.701668,55.279563,1.623778,871.0821699999999,802.628654,442.605009,44.33147999999983
2000-04-01,2324.368432,654.577308,654.224361,642.136052,373.430711,1905.387148,411.472304,633.866762,92.404013,362.617782,345.687041,57.580764,1.758482,774.0900859999999,726.270775,405.026287,418.9812840000002
2000-05-01,2600.344922,734.574431,665.95685,790.596177,409.217464,2215.13106,486.77818,744.606788,88.201462,400.811164,392.655839,100.192278,1.885349,887.589344,832.80825,494.733466,385.21386200000006
2000-06-01,2390.707224,577.899514,700.963336,709.782046,402.062328,2178.239002,510.38079,723.346556,84.697397,400.626858,376.649803,80.78586,1.751738,911.007648,808.043953,459.187401,212.46822200000042
2000-07-01,2364.106024,416.284218,775.507091,750.37858,421.936135,2201.590618,523.096273,678.310223,119.987249,398.88212,395.614644,85.043484,0.656625,921.978393,798.297472,481.31475300000005,162.51540599999998
2000-08-01,2216.324865,394.59976,690.076696,689.506962,442.141447,2319.562385,590.277067,728.823068,122.223407,400.418181,404.880181,70.987937,1.952544,990.695248,851.046475,477.82066199999997,-103.23752000000013
2000-09-01,2158.032348,296.616722,697.271801,740.019075,424.12475,2083.755144,471.398808,677.195976,83.925249,351.337701,427.677771,70.572112,1.647527,822.736509,761.121225,499.89741000000004,74.27720399999998
2000-10-01,2071.541729,282.487822,632.464877,728.350207,428.238823,2251.365851,506.74181,742.794379,72.871258,424.156545,450.149176,52.67989,1.972793,930.898355,815.6656370000001,504.80185900000004,-179.824122
2000-11-01,2146.940426,320.459718,685.376374,719.219285,421.885049,2184.621858,453.447019,729.26924,76.311878,424.5441,434.731473,64.450413,1.867735,877.991119,805.581118,501.04962099999995,-37.68143199999986
2000-12-01,2356.448472,376.05679,666.992782,814.22856,499.17034,2064.560923,554.13641,631.580146,64.971566,359.39685,379.885632,72.855562,1.734757,913.5332599999999,696.551712,454.475951,291.88754900000004
2001-01-01,2041.302466,524.742868,518.115117,629.170422,369.274059,1954.05538,419.438762,740.846485,73.995473,336.477438,338.363207,43.161096,1.772919,755.9162,814.841958,383.297222,87.24708600000008
2001-02-01,1843.380988,443.651245,455.842889,597.380013,346.506841,1753.888,363.523645,633.724387,76.434185,322.871366,305.535578,50.176865,1.621974,686.3950110000001,710.1585719999999,357.33441700000003,89.49298799999997
2001-03-01,2023.50844,434.568055,470.106788,734.904296,383.929301,2034.960501,404.134158,730.48786,89.423048,363.722417,387.246562,58.06869,1.877766,767.856575,819.910908,447.193018,-11.452060999999958
2001-04-01,2392.066811,655.217651,548.004737,735.033067,453.811356,1917.986285,400.272916,669.214822,71.066156,345.027286,374.559439,56.737092,1.108574,745.300202,740.280978,432.405105,474.0805260000002
2001-05-01,2567.36461,764.803589,634.164943,739.001975,429.394103,2080.779547,465.946003,683.356535,76.848243,405.233629,403.982872,44.035645,1.37662,871.1796320000001,760.204778,449.395137,486.585063
2001-06-01,2544.933963,649.025399,706.57295,803.73105,385.604564,1777.331684,362.883647,635.807538,86.714989,316.643699,348.424151,25.956173,0.901487,679.5273460000001,722.5225270000001,375.28181099999995,767.602279
2001-07-01,2353.030752,589.173275,669.094289,692.301389,402.461799,1769.34889,344.378732,628.253567,87.345077,304.517156,337.213689,66.72971,0.910959,648.895888,715.5986439999999,404.854358,583.6818620000001
2001-08-01,2510.006543,612.551971,751.181103,680.784353,465.489116,1822.26093,381.724962,632.844049,99.443568,301.010385,342.522745,64.151163,0.564058,682.735347,732.2876170000001,407.237966,687.745613
2001-09-01,2192.274464,478.828023,614.142014,705.453253,393.851174,1431.492715,287.688872,517.687273,56.332132,223.674535,311.691342,33.97477,0.443791,511.363407,574.019405,346.109903,760.781749
2001-10-01,2050.485358,278.306668,725.001499,696.565129,350.612062,1511.836087,285.401383,543.254848,43.084443,257.35089,345.560316,36.490707,0.6935,542.7522730000001,586.339291,382.74452299999996,538.649271
2001-11-01,2070.303061,262.829509,714.454515,703.135651,389.883386,1333.733876,228.146117,518.358787,43.640828,200.19325,304.820564,38.09509,0.47924,428.33936700000004,561.999615,343.394894,736.5691850000001
2001-12-01,1954.068883,358.849421,652.906096,588.18299,354.130376,931.90529,217.508091,333.312828,36.904595,131.892603,194.401761,17.072546,0.812866,349.40069400000004,370.21742300000005,212.287173,1022.1635929999999
2002-01-01,1817.821769,450.28883,535.267417,521.963311,310.302211,850.579913,157.204826,378.994287,29.968591,125.361338,146.639816,11.801558,0.609497,282.566164,408.962878,159.050871,967.2418559999999
2002-02-01,1781.933597,368.162846,487.520291,611.606567,314.643893,627.759578,95.441463,275.91061,36.354165,96.140381,112.414694,11.088802,0.409463,191.581844,312.26477500000004,123.912959,1154.174019
2002-03-01,2112.397988,548.074781,536.17141,651.254722,376.897075,592.89003,87.237558,246.76275,45.368992,99.788862,90.434019,22.665858,0.631991,187.02642,292.13174200000003,113.731868,1519.5079580000001
2002-04-01,2181.683896,570.455216,627.662299,595.009893,388.556488,612.000097,63.963777,298.827807,36.83005,118.671147,87.234467,5.804841,0.668008,182.634924,335.65785700000004,93.70731599999999,1569.683799
2002-05-01,2369.474217,632.241809,698.985513,711.360368,326.886527,861.772801,158.726257,396.273423,60.435673,135.285315,96.308158,14.186972,0.557003,294.011572,456.709096,111.052133,1507.7014159999999
2002-06-01,2226.4524,531.822663,684.441216,636.836894,373.351627,682.741867,69.675189,345.707267,57.200218,131.171965,72.395778,5.838682,0.752768,200.847154,402.907485,78.98722800000002,1543.7105330000002
2002-07-01,2244.532617,464.236945,791.89391,670.273486,318.128276,811.047619,86.34936,440.432204,44.588544,142.682464,81.944303,14.242464,0.80828,229.03182400000003,485.020748,96.995047,1433.484998
2002-08-01,2176.77287,427.001056,709.57159,636.581841,403.618383,762.017442,85.612915,382.897552,31.638556,160.809927,84.84065,15.384132,0.83371,246.422842,414.536108,101.05849199999999,1414.755428
2002-09-01,2296.652424,370.460765,835.086084,669.228504,421.877071,719.03624,91.840248,365.7269,29.81324,129.316265,85.819488,15.667259,0.85284,221.156513,395.54014,102.33958700000001,1577.616184
2002-10-01,2258.078685,279.240725,787.053691,701.920914,489.863355,875.887994,161.301181,428.597437,39.170484,140.653979,86.867583,18.445846,0.851484,301.95516,467.767921,106.164913,1382.1906909999998
2002-11-01,2160.459019,321.885771,741.799815,605.985098,490.788335,808.925851,104.667699,415.162269,35.512387,146.734701,90.835832,15.179652,0.833311,251.4024,450.67465599999997,106.848795,1351.533168
2002-12-01,2024.339229,308.703369,702.403567,589.310234,423.922059,784.885921,117.771339,369.811495,35.341018,138.074238,99.197012,23.385387,1.305432,255.845577,405.152513,123.887831,1239.4533079999999
2003-01-01,2194.600115,370.35349,753.615504,607.407919,463.223202,798.965113,96.300775,423.973575,41.363525,136.22486,88.500221,11.690994,0.911163,232.52563500000002,465.33709999999996,101.102378,1395.6350020000002
2003-02-01,2128.348099,428.562436,706.271563,520.12542,473.38868,776.897236,114.511506,390.455524,38.293964,131.55401,88.108937,13.256141,0.717154,246.065516,428.74948800000004,102.08223199999999,1351.4508629999998
2003-03-01,2252.140654,507.637171,678.495972,641.022722,424.984789,933.671292,201.05768,426.986108,34.298686,159.565522,97.027439,13.852896,0.882961,360.623202,461.284794,111.763296,1318.4693619999998
2003-04-01,2458.771586,814.762614,662.055442,594.653119,387.300411,1109.900313,180.06337,525.552222,53.139875,186.211828,128.417864,35.590802,0.924352,366.275198,578.692097,164.933018,1348.8712729999997
2003-05-01,3122.970139,898.917291,864.310822,957.103502,402.638524,1085.073495,152.683301,536.803492,59.122639,184.060344,125.404555,26.029639,0.969525,336.743645,595.926131,152.403719,2037.896644
2003-06-01,2874.302247,909.610853,886.388044,658.448693,419.854657,1149.080471,179.687443,534.58596,61.500779,181.906962,147.349396,42.900399,1.149532,361.594405,596.086739,191.399327,1725.221776
2003-07-01,2835.561342,815.672222,917.47846,644.653358,457.757302,1259.782508,210.569511,575.72733,46.239525,206.075704,168.876432,51.05717,1.236836,416.645215,621.966855,221.17043800000002,1575.778834
2003-08-01,2346.896698,403.893268,840.280832,606.823289,495.899309,1135.068814,176.782067,524.548437,37.646632,198.886504,151.302499,44.710817,1.191858,375.66857100000004,562.195069,197.205174,1211.827884
2003-09-01,2368.509313,339.077156,867.260403,696.371918,465.799836,1318.22355,245.849931,575.619592,39.183944,217.944966,171.785933,66.871315,0.967869,463.794897,614.803536,239.625117,1050.285763
2003-10-01,2441.194198,319.869864,947.327605,732.546226,441.450503,1439.599106,264.288139,607.070695,43.657334,250.85529,208.62121,64.081589,1.024849,515.143429,650.728029,273.727648,1001.5950920000002
2003-11-01,2453.730904,334.885845,981.534503,659.641509,477.669047,1336.225802,252.81601,515.976057,54.100537,248.761943,194.978102,68.580274,1.012879,501.577953,570.076594,264.571255,1117.505102
2003-12-01,2461.72732,327.786151,899.067238,728.06645,506.807481,1508.286436,375.04597,571.914203,41.259058,232.45223,216.002646,70.111,1.501329,607.4982,613.173261,287.614975,953.4408839999999
2004-01-01,2322.450679,434.661098,858.538257,587.595138,441.656186,1608.575067,507.070979,592.404385,58.417359,228.114913,163.01275,52.541995,7.012686,735.185892,650.8217440000001,222.56743100000003,713.875612
2004-02-01,2395.035139,415.13754,940.540346,628.56695,410.790303,1363.731431,303.029737,556.003629,44.850202,223.099589,155.900925,72.420495,8.426854,526.129326,600.853831,236.74827399999998,1031.3037080000001
2004-03-01,2657.573743,511.365779,883.874646,748.945032,513.388286,1690.058163,340.167822,710.416246,39.959885,308.035509,197.9737,81.511212,11.993789,648.2033309999999,750.376131,291.478701,967.51558
2004-04-01,3039.747864,893.276022,1015.680587,672.510393,458.280862,1650.876869,372.902361,628.988881,67.969772,302.192361,178.64831,87.162646,13.012538,675.094722,696.958653,278.82349400000004,1388.870995
2004-05-01,3394.395773,934.62311,1199.556717,760.79588,499.420066,1792.15734,336.764896,695.376782,130.610785,303.344987,201.907342,109.697283,14.455265,640.1098830000001,825.987567,326.05989,1602.2384330000002
2004-06-01,2950.695035,639.642371,1046.948411,787.740696,476.363557,2039.339799,416.388331,739.856319,192.506324,332.465542,215.550862,127.086228,15.486193,748.853873,932.3626429999999,358.123283,911.3552360000001
2004-07-01,3034.288112,654.617395,1090.807801,784.400919,504.461997,1969.827469,439.09088,741.489953,109.064609,331.818764,214.73985,118.936997,14.686416,770.9096440000001,850.554562,348.363263,1064.4606430000001
2004-08-01,2944.953517,608.9714,994.954964,828.248706,512.778447,2031.629332,440.434041,817.720796,72.528441,341.288282,215.826403,129.261887,14.569482,781.722323,890.249237,359.657772,913.3241849999999
2004-09-01,3001.937097,540.616568,967.863521,840.778713,652.678295,2025.221298,519.375224,747.600931,66.571858,318.311713,244.041043,116.18308,13.137449,837.686937,814.172789,373.361572,976.7157990000001
2004-10-01,2830.652208,318.626455,947.983628,950.911991,613.130134,1972.50071,462.372933,723.162426,81.919674,322.713673,254.674329,113.379943,14.277732,785.086606,805.0821,382.332004,858.151498
2004-11-01,3041.861773,440.133818,1047.949453,1015.42126,538.357242,2192.617922,526.324522,833.969437,71.214718,362.5841,290.025981,93.1797,15.319464,888.9086219999999,905.1841549999999,398.525145,849.2438510000002
2004-12-01,2962.142762,460.325133,931.633657,1010.463491,559.720481,2108.745995,584.245197,725.150803,67.707096,355.559328,265.87386,94.982821,15.22689,939.804525,792.857899,376.083571,853.3967669999997
2005-01-01,2781.105834,508.069267,902.554747,828.721398,541.760422,1901.013368,414.775397,766.878877,86.204834,333.851497,215.259447,72.577251,11.466065,748.626894,853.083711,299.302763,880.0924660000001
2005-02-01,2606.256268,500.579873,838.735013,831.014551,435.926831,1867.287144,395.336593,739.577823,86.010411,307.208628,216.621515,114.084934,8.44724,702.545221,825.5882339999999,339.15368900000004,738.9691240000002
2005-03-01,3054.434593,656.222059,972.020431,916.2552,509.936903,2197.568086,469.991165,881.839474,79.084763,401.135034,233.058332,122.527357,9.931961,871.126199,960.924237,365.51765,856.8665069999997
2005-04-01,3560.857241,939.068339,1039.671591,1008.039167,574.078144,2379.914676,517.107523,875.863612,184.347743,437.072297,243.40266,107.284846,14.835995,954.1798200000001,1060.211355,365.523501,1180.9425650000003
2005-05-01,3695.289604,1028.903986,1121.712697,997.304576,547.368345,2475.966974,504.224742,921.800853,192.44659,465.41582,247.432677,133.0582,11.588092,969.640562,1114.247443,392.07896900000003,1219.3226300000001
2005-06-01,3450.194061,789.589027,1132.288234,928.947764,599.369036,2723.616025,735.482566,911.891484,201.348985,458.224116,254.952021,149.356897,12.359956,1193.706682,1113.240469,416.668874,726.5780360000003
2005-07-01,3601.002091,831.803651,1167.940995,1016.60387,584.653575,2349.035213,539.648485,857.856742,153.765463,405.358958,257.289104,125.965501,9.15096,945.007443,1011.6222050000001,392.405565,1251.9668779999997
2005-08-01,3837.365402,771.111688,1291.226105,1071.790729,703.23688,2625.668765,624.331875,912.022149,128.121405,449.567918,294.513044,205.464875,11.647499,1073.899793,1040.143554,511.62541799999997,1211.696637
2005-09-01,3482.929591,577.067534,1131.642619,1061.418057,712.801381,2468.084267,652.356617,814.534925,110.351253,445.893132,307.071896,126.473472,11.402972,1098.249749,924.8861780000001,444.94834,1014.8453239999999
2005-10-01,3398.857098,433.101699,1192.601218,1119.025398,654.128783,2502.677288,660.953109,831.582873,98.284058,451.405407,306.161735,144.703305,9.586801,1112.358516,929.8669309999999,460.451841,896.1798100000001
2005-11-01,3273.907216,363.84687,1148.271045,1144.666361,617.12294,2701.127099,742.894446,917.397095,98.048104,459.110023,323.142293,150.486491,10.048647,1202.004469,1015.445199,483.677431,572.7801170000002
2005-12-01,3644.568092,711.261299,1202.618359,1061.015352,669.673082,2494.934538,679.070823,842.141042,127.377309,385.926746,299.864121,149.961335,10.593162,1064.997569,969.5183509999999,460.41861800000004,1149.633554
2006-01-01,3187.531177,575.224172,1116.574616,846.428801,649.303588,2323.638112,521.717064,891.958774,99.619915,379.050506,261.268511,161.043749,8.979593,900.76757,991.5786889999999,431.291853,863.8930649999998
2006-02-01,3089.947949,566.794717,1040.095413,895.642557,587.415262,2326.038661,546.42943,827.447972,99.807615,421.382732,261.617949,160.207926,9.145037,967.812162,927.2555870000001,430.970912,763.9092879999998
2006-03-01,3647.990741,704.605302,1134.064724,1210.793438,598.527277,2722.105671,634.381882,971.392834,124.73633,507.17448,307.085216,166.163712,11.171217,1141.556362,1096.129164,484.420145,925.8850700000003
2006-04-01,3925.341341,971.17644,1124.568778,1119.685602,709.910521,2545.466974,629.998178,842.835198,132.514768,483.904496,287.878679,156.909164,11.426491,1113.902674,975.349966,456.21433399999995,1379.874367
2006-05-01,4181.28525,919.834573,1332.889855,1328.830243,599.730579,2825.927528,649.90923,984.372371,132.292167,525.445923,340.712605,182.734286,10.460946,1175.355153,1116.664538,533.9078370000001,1355.3577219999997
2006-06-01,3847.778902,760.287073,1167.743369,1203.655798,716.092662,2859.179374,638.286629,988.656241,217.287539,517.235441,306.080551,181.371242,10.261731,1155.52207,1205.94378,497.713524,988.5995280000002
2006-07-01,3816.863287,629.396227,1305.835687,1224.254339,657.377034,2852.366353,653.709246,989.638883,179.498386,561.594293,303.860217,155.269207,8.796121,1215.303539,1169.137269,467.92554499999994,964.4969340000002
2006-08-01,4246.164905,809.029822,1389.329301,1401.558898,646.246884,3280.79365,780.566154,1119.046675,222.492639,601.578541,369.979956,178.13068,8.999005,1382.144695,1341.539314,557.109641,965.3712549999996
2006-09-01,4048.108245,606.191646,1367.560121,1434.415312,639.941166,3169.427338,816.093412,1069.911157,184.307293,583.122483,354.726592,151.292699,9.973702,1399.2158949999998,1254.21845,515.992993,878.6809069999999
2006-10-01,4203.734877,710.025985,1471.344651,1305.749691,716.61455,3255.114048,815.241872,1094.031139,140.119813,611.381789,379.920401,205.173711,9.245323,1426.623661,1234.150952,594.339435,948.620829
2006-11-01,4110.081663,685.807569,1338.815844,1463.114599,622.343651,3237.230204,738.36033,1135.597738,119.474102,657.01634,394.351829,182.255243,10.174622,1395.37667,1255.0718399999998,586.781694,872.851459
2006-12-01,4241.374428,686.994912,1476.122879,1408.769042,669.487595,2756.394597,723.270491,940.979714,80.000709,505.858478,340.093729,156.526248,9.665228,1229.1289689999999,1020.980423,506.285205,1484.979831
2007-01-01,3389.549992069999,608.6586779900001,1109.3089311199994,1114.3508365099992,557.23154645,2951.042255280001,688.38431723,1116.2164428900005,121.38437359000002,531.2427686699999,331.90709277999986,154.2511408,7.656119319999999,1219.6270858999999,1237.6008164800005,493.8143528999999,438.50773678999803
2007-02-01,3587.3380862500007,640.8926523199997,1236.7863268200006,1152.1884826000007,557.4706245100001,2790.7812133899997,679.3205127699999,986.0672308700001,83.25576312999998,510.58031129,313.13030805,209.28809406,9.138993220000001,1189.9008240599999,1069.322994,531.55739533,796.556872860001
2007-03-01,4172.585854390002,905.2904233500002,1258.3859260100012,1398.7277908300014,610.1817141999999,3422.11019552,828.8126372700002,1185.31632298,123.90884765000001,637.1377624000003,386.66161946,249.78726704000002,10.48573872,1465.9503996700005,1309.22517063,646.93462522,750.475658870002
2007-04-01,4298.555498040003,1166.714030060001,1349.0422353200008,1188.38087591,594.4183567500002,3060.8982461999994,715.5236185699999,1075.4705304899999,116.10313810999999,596.33429652,346.24789267000006,201.31367289,9.905096949999999,1311.85791509,1191.5736685999998,557.4666625100001,1237.6572518400035
2007-05-01,4855.844752780002,1261.326803350001,1580.1866416099986,1401.4873783100015,612.8439295099998,3542.11578779,839.0684572000004,1214.9705369699998,185.77561679,653.9295666499999,378.8306990200004,260.20174614,9.33916502,1492.9980238500002,1400.7461537599997,648.3716101800004,1313.7289649900017
2007-06-01,4521.093598310001,1106.3930544800012,1506.3612137999992,1412.62978897,495.70954106,3578.9387432399994,795.7979218899998,1219.1064751799993,336.14214837,661.1665528000001,373.02453918000015,183.62382150000005,10.07728432,1456.9644746899999,1555.2486235499991,566.7256450000002,942.1548550700013
2007-07-01,4614.2473973000015,1123.571868290001,1671.0758672100005,1362.8945257200003,456.70513608000005,4125.808592359999,886.3762493799999,1388.4609612400002,469.17395550999987,680.8744542799999,435.9989399900001,254.74941110000006,10.17462086,1567.2507036599998,1857.63491675,700.9229719500001,488.4388049400022
2007-08-01,4921.64104283,1156.2231803799998,1699.9083665099993,1562.6632453900006,502.84625055,4606.396253120001,1053.9872171000004,1484.6523465000005,544.9677658700002,796.1718004600002,483.37474949000006,232.64798405000008,10.59438965,1850.1590175600006,2029.6201123700007,726.6171231900001,315.24478970999826
2007-09-01,4827.809136579996,1092.1052801299995,1773.371095589998,1496.4505739399992,465.8821869199998,3963.060971409999,866.6751875099997,1456.1881800499996,254.94288638000003,672.5056429499999,471.7586781400002,230.47500209,10.51539429,1539.1808304599995,1711.1310664299997,712.7490745200002,864.7481651699973
2007-10-01,5580.779716909999,1196.8561865999998,2060.080213609999,1617.8841042,705.9592125,4400.47768436,973.9004744100001,1542.7552724100003,229.57093314,842.3186943100002,559.6124567900002,242.61397609,9.70587721,1816.2191687200002,1772.3262055500004,811.9323100900002,1180.3020325499983
2007-11-01,5424.214016389998,1002.4190323500003,1988.657932939999,1702.5724844299984,730.5645666699999,4384.4998271800005,1084.3828870700002,1465.1707124000002,194.23902003000003,817.8140827400001,548.3629484400001,265.75948942,8.77068708,1902.1969698100002,1659.4097324300003,822.8931249400001,1039.7141892099971
2007-12-01,5786.649493790001,1225.1208033000005,1979.9080721300015,1922.5556380899995,659.0649802699999,3881.333625869999,1104.1018484499991,1236.89687487,185.12705353999993,665.05569398,458.35544381000005,223.82173466999998,7.97497655,1769.157542429999,1422.0239284099998,690.15215503,1905.3158679200014
2008-01-01,5818.32826609,1612.6778957899996,2058.1196480399994,1488.6798474400002,658.85087482,4478.526454259999,1167.9299639999997,1613.1040491499996,101.67576428999999,783.9918682299997,495.34833915999997,308.33768537000003,8.138784059999999,1951.9218322299994,1714.7798134399995,811.82480859,1339.8018118300015
2008-02-01,5225.658045969997,1181.7337789899993,1787.223142439997,1462.3629020400012,794.3382225,4209.776815439999,1141.4776984499997,1530.91874903,129.58101441000002,640.6294306200001,462.2721181099997,296.71934527,8.17845955,1782.1071290699997,1660.4997634400002,767.1699229299996,1015.881230529998
2008-03-01,4990.844420660001,1034.26980941,1503.70844112,1710.0082387600012,742.8579313699998,4163.39683265,982.9562425400001,1428.4301062699997,191.38080029999998,776.91620093,434.2838365199999,340.09860937,9.33103672,1759.87244347,1619.8109065699996,783.7134826099999,827.4475880100008
2008-04-01,5845.656352610001,1553.89211762,1799.6203219900012,1669.6850357799995,822.45887722,4929.5734442600005,1086.99528327,1785.4517473800001,329.47368912,880.8256656099998,518.0566087200001,319.27136394,9.49908622,1967.8209488799998,2114.9254365,846.8270588800001,916.0829083500003
2008-05-01,6240.288925699999,1652.4091866899992,2266.4451394300017,1772.5898697699986,548.8447298099999,5200.464704700001,1053.8018419100001,1769.05693781,641.6948457999997,888.7287934900003,505.5665305500004,332.72600693000004,8.88974821,1942.5306354000004,2410.7517836099996,847.1822856900004,1039.824220999998
2008-06-01,5407.031526669999,1443.3685642999994,1713.3751385099986,1741.8530373300005,508.4347865300002,5195.991739640001,989.1961011899998,1758.8526178400007,731.43706363,864.5760979400001,482.66454849999997,360.04148791999995,9.22382262,1853.77219913,2490.2896814700007,851.9298590399999,211.03978702999848
2008-07-01,7010.518236980002,2096.3302494799996,2243.0958028000005,1973.0302213300017,698.0619633700003,6046.82699384,1199.4363629499999,2123.86335594,796.7525801900002,996.6913552099998,548.96388788,370.70454388,10.41490779,2196.12771816,2920.61593613,930.08333955,963.6912431400024
2008-08-01,7366.700279969999,1723.1905579599993,2609.86894139,2141.18812438,892.45265624,5158.74708221,1057.9620981799997,1825.5491150699997,452.87834505,935.5457354100001,534.66937119,342.75546701,9.386950299999999,1993.5078335899998,2278.4274601199995,886.8117885,2207.953197759999
2008-09-01,6918.725594860006,1434.8924777500015,2517.614768529999,2298.1789372600056,668.0394113199998,5310.894733420001,1065.8843010000003,1908.5048247599998,425.0000780699999,947.1734026900004,594.19017929,359.14631171999997,10.995635890000003,2013.0577036900008,2333.5049028299995,964.3321268999999,1607.8308614400048
2008-10-01,6061.192407920006,1115.033932000001,2172.772612980004,2141.8744457100006,631.5114172299999,5128.95839239,1085.9938254300002,1899.3278300099998,248.29456962999998,927.2106820799996,623.86797327,334.84455851,9.41895346,2013.20450751,2147.62239964,968.1314852400001,932.2340155300062
2008-11-01,4902.924954899999,700.7574552899993,1747.1740888600018,2022.3500090999983,432.64340164999993,4182.293451260001,1020.2480822700005,1411.37770895,146.39143507000003,782.6690170100002,518.4342925200001,294.7863766700001,8.386538770000001,1802.9170992800007,1557.7691440199999,821.6072079600002,720.6315036399974
2008-12-01,4230.970419800001,653.1618900800001,1486.9784568700002,1641.5672879400013,449.2627849099999,3457.00171288,923.6730696099996,1171.5292148100002,138.69692708999997,533.6691690700001,466.27691070000003,214.20026115,8.956160449999999,1457.3422386799998,1310.2261419000001,689.4333323,773.9687069200008
2009-01-01,3714.7217961699976,708.2140612499995,1488.44140323,1090.4602515899999,427.60608010000004,2760.0656236899995,618.6518954,1015.41554374,93.24857419,520.25358712,379.54593389999997,123.73021870000001,9.21987064,1138.90548252,1108.66411793,512.49602324,954.6561724799981
2009-02-01,3944.7629905999984,687.5396085200003,1559.0695233699998,1195.6753934100002,502.47846529999987,2663.27301001,615.08737078,891.73731588,165.44992984,448.42292532,356.83120174,177.54453329,8.199733160000001,1063.5102961,1057.18724572,542.57546819,1281.4899805899986
2009-03-01,4263.70691454,842.2795077900008,1558.86685517,1371.89536671,490.66518487,2888.35593094,644.75944312,1039.6020241,89.37389495000001,524.68264326,414.66447001999995,164.64234926,10.631106229999999,1169.44208638,1128.9759190500001,589.9379255099999,1375.3509836000003
2009-04-01,5052.296555149998,1170.9814853499997,1826.83913005,1353.26044478,701.21549497,2776.6213251099994,584.45929332,941.1532379199999,185.52724402,484.23721802999995,400.20734681,166.43190163,14.605083379999998,1068.69651135,1126.68048194,581.24433182,2275.675230039999
2009-05-01,5203.363115449999,1047.25211587,1991.17199754,1568.2524548499998,596.6865471899999,2660.0054315000007,537.90104452,844.09176181,207.72959774,513.98869643,357.58200930000004,187.42099911000003,11.29132259,1051.88974095,1051.82135955,556.2943310000002,2543.3576839499983
2009-06-01,5211.30189334,810.9687669299996,2153.83726771,1646.44847257,600.0473861299998,3618.9275719099996,953.1596789700001,993.27424129,431.32129464999997,606.76237733,391.51988662,229.14168474000002,13.748408309999999,1559.9220563000001,1424.59553594,634.40997967,1592.3743214300002
2009-07-01,4924.716174380002,804.4282442800001,1997.27515884,1626.0025613900002,497.01020987,3588.91326078,732.7111788999999,1071.67345431,453.15656402999997,682.08364095,436.66572327999995,201.29499965,11.32769966,1414.7948198499998,1524.83001834,649.28842259,1335.8029136000014
2009-08-01,4351.908532070003,832.28266755,1639.31424496,1523.61109062,356.7005289400001,3255.18471978,665.76268973,985.9369871499999,377.5383622,619.83127984,382.58511544,213.67431569,9.85596973,1285.59396957,1363.47534935,606.1154008599999,1096.7238122900035
2009-09-01,4530.722964509997,553.9898734100001,1774.21670707,1744.94172864,457.5746553899998,3665.91725513,865.0010350800001,1190.09902747,189.86353183,722.5623084299999,472.90469611000003,214.74211144999998,10.74454476,1587.5633435099999,1379.9625593,698.3913523200001,864.8057093799971
2009-10-01,4807.72672213,497.7394748699999,1787.6580789500001,1831.0540839300002,691.27508438,3656.2369644499995,842.51705008,1210.57488097,172.50411112,711.7066926599999,463.18558731,245.49896065000001,10.24968166,1554.22374274,1383.0789920900002,718.93422962,1151.4897576800004
2009-11-01,4872.384002690004,545.1996396500002,1781.99753802,1976.12585872,569.0609663,3651.1853661899995,860.23780298,1216.81965764,105.13245114,709.00460177,487.39184407,263.22528378,9.37372481,1569.2424047499999,1321.9521087800001,759.99085266,1221.1986365000048
2009-12-01,4794.484975099998,756.1024881000003,1666.13408097,1805.96442393,566.2839820999999,3601.5828810599996,818.3884833200001,1160.42060054,155.34582744,686.04318656,444.72168925,324.89535945999995,11.76773449,1504.43166988,1315.76642798,781.3847831999999,1192.9020940399987
2010-01-01,4408.1579867,799.5082103499997,1456.88710128,1554.01762482,597.74505025,3209.1928459700007,663.5447142999999,1091.10812448,144.37967006,601.89409501,444.13714489999995,250.12377699,14.00532023,1265.43880931,1235.48779454,708.26624212,1198.9651407299993
2010-02-01,3958.948565239999,544.7270904199999,1363.44690455,1481.63965546,569.1349148099999,3455.0710790100006,804.51015018,1129.01700613,146.92634044,617.4764598099999,425.15399682,321.91409566000004,10.073029969999997,1421.98660999,1275.94334657,757.14112245,503.87748622999834
2010-03-01,4687.49526522,920.2400537100007,1206.49822176,1930.51612196,630.2408677899998,4402.85408075,1000.17765539,1422.347716,243.01275285,850.57730861,523.0080440400001,347.33596338999996,16.394640470000002,1850.7549640000002,1665.36046885,886.7386479,284.64118446999964
2010-04-01,6208.021781589999,1781.8859912000005,1935.12814299,1945.8769503699998,545.1306970299999,4101.00544529,831.1488897300001,1340.80384119,268.35527235,869.63502071,476.53622882,299.98967243,14.536520060000003,1700.78391044,1609.15911354,791.0624213100001,2107.0163362999983
2010-05-01,6502.822667649999,2042.0317462799997,2032.42178852,1878.96380367,549.4053291800001,4575.37831366,835.9105199500001,1362.65325377,587.3449736499999,959.50667415,481.1698015,337.16456335000004,11.628527290000001,1795.4171941,1949.99822742,829.96289214,1927.4443539899994
2010-06-01,6369.262842410002,1901.6336677000004,2022.8632518699999,2026.28251304,418.48340979999995,5151.02501749,981.8113436900001,1497.61019669,813.91476425,956.17152446,516.99217016,375.08702027,9.43799797,1937.98286815,2311.52496094,901.5171883999999,1218.237824920002
2010-07-01,5983.804099649999,1489.7711319800007,2072.22732962,1989.63457531,432.17106273999997,5290.504700019999,922.46519528,1593.38168707,815.68825463,1013.27500599,536.60648794,398.00918261000004,11.078886499999998,1935.74020127,2409.0699417,945.69455705,693.2993996300002
2010-08-01,6382.989201809995,1844.0300141999994,2149.9663544200002,1982.18456672,406.8082664700001,5355.477889229999,998.9856581399999,1688.72517155,494.90676068,1163.45316316,546.16565798,452.15106073000004,11.09041699,2162.4388213,2183.63193223,1009.4071357,1027.5113125799962
2010-09-01,6374.983826709999,1256.4180033299995,2217.15406262,2355.19504275,546.21671801,5336.94397937,1144.41852927,1626.56936427,328.04276949,1138.09115056,652.2556131499999,437.04530332,10.521249309999998,2282.50967983,1954.61213376,1099.82216578,1038.0398473399991
2010-10-01,5898.59780158,903.9929669299997,2291.71446329,2164.86184876,538.0285225999999,4950.86517118,1008.05610068,1600.30992159,250.39929846,1077.1636809000001,588.8271976599999,415.19355,10.915421890000001,2085.21978158,1850.7092200499999,1014.9361695499998,947.7326303999998
2010-11-01,5915.330075390001,777.8013458800004,2106.69346054,2257.4026908,773.43257817,5575.504155120001,1172.85598551,1759.63148929,309.72754161,1203.0583415199999,689.49571853,430.102382,10.632696660000008,2375.91432703,2069.3590309,1130.23079719,339.8259202700001
2010-12-01,5484.0329354700025,886.5262900399998,1816.10043851,2263.04172582,518.3644811,5388.75539526,1373.76094956,1575.1963974100001,362.51934064,1008.41187771,639.93713245,417.555959,11.373738489999997,2382.17282727,1937.7157380500003,1068.8668299400001,95.27754021000237
2011-01-01,5185.12354546,1039.3365167200004,1805.6573123399999,1866.16816755,473.96154885,4889.206850579999,947.3596163999999,1591.95248295,381.85364171,959.88139675,594.1245587799999,404.08841034,9.94674365,1907.24101315,1973.80612466,1008.1597127699999,295.91669488000116
2011-02-01,5398.023315269998,1080.5782031100011,1851.2700142200001,1862.2314331500002,603.9436647900001,4764.29308642,1048.81878418,1516.38155498,377.77733367,877.1100205,530.46370637,403.97288587,9.768800850000002,1925.92880468,1894.1588886499999,944.20539309,633.7302288499986
2011-03-01,6098.10815367,1487.9160594399998,1997.38948475,1954.7004050399999,658.10220444,5641.593166619999,1113.9420515699999,1730.75745154,609.39549588,1091.9321649600001,626.11694133,452.48576707999996,16.96329425999999,2205.87421653,2340.1529474199997,1095.56600267,456.51498705000176
2011-04-01,7042.8725553700015,1739.8402952700003,2379.4740024400003,2395.44179366,528.116464,5532.902201240001,1029.68656428,1635.59366692,597.72317914,1199.48406771,616.02722196,436.69357100999997,17.693930220000002,2229.1706319900004,2233.31684606,1070.4147231900001,1509.9703541300005
2011-05-01,7932.877810639992,2238.128466489999,2881.7471461,2420.54643092,392.45576712999986,6489.835200090002,1100.98094216,1867.68885323,1069.4333059800001,1279.94389066,648.07011125,504.29554239,19.422554419999994,2380.92483282,2937.12215921,1171.78820806,1443.04261054999
2011-06-01,7816.976004479997,2154.4119663,2609.8479388600003,2642.8269275,409.8891718200001,6704.550250990002,1193.7501963,1817.27514733,1364.5284808499998,1289.9840289,657.13605576,364.13085014,17.745491709999996,2483.7342252,3181.8036281799996,1039.0123976099999,1112.4257534899953
2011-07-01,7225.604537930001,1903.2324983100007,2313.91809672,2496.56553488,511.88840802,6858.54475622,1024.39893221,1906.2683449400001,1519.99140335,1337.17404742,645.60648915,406.38734541,18.718193739999997,2361.57297963,3426.25974829,1070.7120283000002,367.0597817100015
2011-08-01,8328.461019509998,2241.6778248899996,2729.69531657,2787.96429618,569.12358187,7671.06005752,1272.3938836900002,2155.40834042,1360.7364028099998,1565.85037942,749.0394426900001,547.35926418,20.27234431,2838.2442631100002,3516.14474323,1316.6710511800002,657.400961989998
2011-09-01,7718.197658880003,2049.483965160001,2474.14413467,2637.12957219,557.43998686,6888.513344819999,1304.0123653599999,2138.01017078,689.90588716,1499.70991367,782.14022258,455.66812503,19.06666024,2803.72227903,2827.91605794,1256.87500785,829.684314060004
2011-10-01,7435.417991250002,1591.79846482,2575.6310632600002,2640.42767536,627.5607878100001,6303.01564037,1142.32697439,2001.17874026,518.8041827,1375.86310775,730.87151189,513.47085847,20.50026491000001,2518.19008214,2519.98292296,1264.84263527,1132.402350880002
2011-11-01,6493.166027620004,1186.2552521999996,2169.92076265,2521.49780797,615.4922048000001,6229.756677859999,1224.0313026099998,1798.9875436,589.5348368099999,1354.76330057,719.9556759,522.48333657,20.000681799999995,2578.7946031799997,2388.5223804099996,1262.4396942699998,263.40934976000426
2011-12-01,6306.26266184,1120.66526137,1887.1268124100002,2564.7645649,733.7060231599999,5987.404476209999,1261.41935798,1633.82049451,716.51732999,1087.52159511,687.96407142,581.13455395,19.027073250000004,2348.94095309,2350.3378245,1288.12569862,318.85818563000066
2012-01-01,5399.283104390001,1112.9622972800007,1648.1073084478207,1991.9291276343768,646.28436957,5363.752326699999,1230.3739924493764,1661.266942143621,389.3286986000001,996.2983061244569,651.2122029678578,418.3535598963491,16.91862064833738,2226.6722985738334,2050.595640743621,1086.4843835125444,35.53077769000265
2012-02-01,6004.528606770001,1490.584176520001,2086.7907225041367,1822.4742352371957,604.6794724999999,4724.98383984,848.8043993495868,1440.8641441528946,445.8758252100001,986.3916587499855,504.52127777615806,470.59843674208923,27.928097427138404,1835.1960580995724,1886.7399693628947,1003.0478119453857,1279.544766930001
2012-03-01,6199.9717717700005,1505.24605635,1906.7848230346474,2238.3005712891027,549.6403221299998,5146.50963753,835.8714070972267,1537.6945092545898,482.54225883000015,1298.238936887568,490.5642240322664,475.3779648533081,26.220337546804984,2134.110343984795,2020.23676808459,992.1625264323795,1053.4621342400005
2012-04-01,6714.955812340002,1692.1786714099994,2135.499952524711,2155.826757037788,731.45044051,4769.81297701,636.2405368133794,1381.8134974091583,866.2731554899995,1017.2131108905414,433.95402629021777,409.65786934597395,24.660789869212458,1653.453647703921,2248.086652899158,868.2726855054042,1945.1428353300016
2012-05-01,7080.828074680002,1891.8419868099998,2654.9562813740513,1965.3957939771865,568.6340112599999,5987.101227640001,746.7979892605407,1725.5207299373392,1317.0054774600005,1178.209232705736,582.920398547881,407.8166392557313,28.830761757050084,1925.0072219662766,3042.52620739734,1019.5677995606623,1093.7268470400013
2012-06-01,6822.1708296900015,1788.9145602500018,2361.4386416132284,2197.2516781148674,474.56593443,6033.504570100001,850.1400179761918,1651.6370089067016,1421.8385535799985,1077.0053008211269,523.2586893040731,482.59073304198614,27.03426708102278,1927.1453187973186,3073.4755624867003,1032.883689427082,788.6662595900007
2012-07-01,7655.114773429998,2259.82165714,2508.770099944977,2419.15026747489,467.37274350999996,6344.877497660001,938.1119923424548,1813.6478227174644,1265.623240040001,1253.878869075653,641.7759929478946,404.6915257126083,27.148063086415696,2191.9908614181077,3079.271062757465,1073.6155817469187,1310.2372757699977
2012-08-01,7451.102899949998,1952.5225470700009,2546.5340030084244,2390.1045122367145,561.94185224,6276.43274486,1075.5573177578365,1798.669898201665,755.5353142299998,1452.9235068463556,705.1315674996645,451.5629200877148,37.05222662880454,2528.480824604192,2554.205212431665,1193.7467142161838,1174.670155089998
2012-09-01,6803.127698030006,1473.67926926,2357.978824787201,2378.531397565516,592.93822969,5854.62747987,1231.6940006374052,1648.587513600503,641.3335958900003,1295.7063967384734,606.0345671280211,403.3246862199157,27.94672484798738,2527.4003973758786,2289.921109490503,1037.3059781959241,948.5002181600066
2012-10-01,6889.209248819999,1339.0364301699992,2315.279774961336,2619.229108930182,615.66391875,6256.612371370001,1127.4526059577554,1913.2898570785685,471.62439627000026,1510.1181143564759,731.3723600197623,474.64762817462804,28.107412587792727,2637.570720314231,2384.9142533485688,1234.127400782183,632.5968774499979
2012-11-01,6649.426636689998,1255.7150171600003,2288.4648280149368,2535.8182392370272,569.4285485100003,5779.47081789,1144.2742731462047,1752.4245274722857,499.12490805999994,1287.3930101278443,683.7741627892609,396.1283313985906,16.351607487584868,2431.6672832740487,2251.5494355322858,1096.2541016754365,869.9558187999983
2012-12-01,6312.668431650003,1275.53234084,1973.052383383405,2468.6671190689403,595.4166046800002,5436.52903906,1122.7800966841742,1495.7880702533475,572.2300701500002,1042.4641379455845,624.6171439409718,563.871310211717,14.778216064856085,2165.2442346297585,2068.018140403348,1203.2666702175447,876.1393925900029
2013-01-01,5383.033030749999,1242.6964617399994,1674.8309686807675,1930.328101882689,535.17750222,5358.225540719999,931.1161883104843,1585.6742368017144,689.8444756799995,1099.00461256245,638.5218356564737,399.9917526617636,14.072439362879917,2030.120800872934,2275.518712481714,1052.5860276811175,24.807490029999826
2013-02-01,4905.87306605,1201.2848377199998,1619.9488720633844,1747.1356878735082,337.50366848000004,5174.7487146,830.2592217438533,1489.2831227694473,590.9208764400003,1170.4089583605207,581.1423821370887,501.35347487823964,11.380685456120192,2000.6681801043742,2080.203999209448,1093.8765424714484,-268.87564855000073
2013-03-01,6159.95075635,1701.998502759999,1665.1612659308335,2276.8606655864182,515.9303202,5619.179678160001,839.3474179104844,1454.7588007303068,996.8191191699999,1285.8894227816284,608.5799313532441,408.31836264207914,25.466624927195767,2125.2368406921128,2451.577919900307,1042.3649189225189,540.7710781899996
2013-04-01,6895.3905926200005,2172.1336825500002,2332.5007922457025,2070.1041280543654,320.65198748,6193.45819915,917.2572209875016,1685.5752040168136,881.2961250300001,1420.8926881328919,626.9025495800838,648.5269125299519,13.007494247582596,2338.149909120393,2566.8713290468136,1288.4369563576183,701.9323934700005
2013-05-01,8393.245179279998,2394.73735689,2818.22461196365,2305.558040571322,874.72517445,7028.08914824,1105.1614908779889,1793.0578931835569,1391.1209348699995,1453.269004533269,642.0494361063319,627.482861990108,15.947517304518193,2558.4304954112577,3184.1788280535566,1285.479815400958,1365.1560310399982
2013-06-01,7483.39320457,2090.220139600001,2679.573501265172,2242.444189181795,471.1553863699999,6642.80578211,862.13744801455,1524.1880875945403,1861.7735991999996,1250.8570684815904,521.0704239467184,606.7647016011167,16.014461149892487,2112.9945164961405,3385.9616867945397,1143.8495866977275,840.5874224600002
2013-07-01,6930.656703899998,1875.5828524700003,2548.031845865517,2119.98881738652,387.0531809800001,6988.15531125,1048.389531522653,1774.1283034241849,1361.1164571699987,1449.576999326906,672.0412543818223,665.9571915268892,17.079962787596727,2497.9665308495587,3135.2447605941834,1355.0784086963083,-57.49860735000129
2013-08-01,7199.536884999999,1844.5341426300004,2786.0654931860427,2179.2071144056413,389.7301356,7073.89803118,1026.0313421064873,1669.4098240852788,1507.1342428499993,1463.3682651677575,631.0908897315306,757.294853088445,19.56861501051074,2489.3996072742448,3176.5440669352784,1407.9543578304865,125.63885381999899
2013-09-01,6544.807370479997,1296.6631216700002,2644.8565002069013,2162.113961248351,441.17380196,6028.93204507,1040.7950880920534,1696.1736857734986,607.9005803800009,1407.4856392236034,645.7286298164654,598.6083978097882,32.24002667377803,2448.280727315657,2304.0742661534996,1276.5770543000315,515.8753254099975
2013-10-01,6026.976189030004,883.5819221499997,2236.472189435349,2434.205610640934,472.71645913,6830.95882253,1109.9276655264782,1795.5897441063962,944.8908763300005,1638.7189283853056,706.4199494060476,613.4565406478935,21.955135885061082,2748.646593911784,2740.4806204363967,1341.8316259390022,-803.9826334999962
2013-11-01,5089.56340598,439.56847061999997,1976.6299163429348,2239.7874073024054,433.57761099,6091.6460739700005,1089.098080165864,1609.1794510921611,830.5860801,1273.5103617643354,636.56247711019,631.1327919573519,21.576834771518087,2362.6084419301997,2439.7655311921612,1289.27210383906,-1002.0826679900001
2013-12-01,4950.554977060001,621.4861876199998,2019.8788613740444,1927.0106820667872,382.17925547,5411.70274783,973.1253401500852,1437.209270892074,800.6588825900002,1045.5009601342067,529.9009854920944,604.3073562113559,20.999961825959623,2018.626300284292,2237.8681534820744,1155.20830352941,-461.1477707699987
2014-01-01,4275.0,643.8703345806854,1685.029540393698,1423.195783628477,523.2050596797475,5649.0,1178.6979431810532,1572.6999851263083,784.0779322558508,1070.3541889592134,626.2390654777757,405.3500918569039,18.25887747603801,2249.0521321402666,2356.777917382159,1049.8480348107175,-1374.0
2014-02-01,4648.0,797.991469115248,1625.8710517422714,1701.3224282387778,522.5467144525009,5537.0,870.2718795141271,1482.8042697732512,1050.0554472527415,1198.9637411997535,556.1540407850856,370.25719332694933,16.15773996336376,2069.2356207138805,2532.8597170259927,942.5689740753986,-889.0
2014-03-01,4913.0,902.1841280311666,1536.0656803265872,1875.5878872142193,599.1190794818738,5390.0,799.2281773075132,1500.4740030384135,1124.6973317301324,1192.2343630746182,505.12188450809936,248.99983730085603,17.135710090435445,1991.4625403821315,2625.171334768546,771.2574318993908,-477.0
2014-04-01,6479.0,1581.082210815946,2768.2707290572453,1740.972795414813,388.1965611872422,5656.0,956.7348842729564,1577.9579948753483,1113.8191524392873,1116.4784556997151,545.904790451081,326.49727586912866,17.028633109672896,2073.2133399726717,2691.777147314636,889.4306994298826,823.0
2014-05-01,7179.0,1672.2053855828967,3000.8648130272118,2076.4391879934083,429.008402062739,5777.0,969.3901251820203,1614.7406140729743,1149.337183745212,1126.8463446379888,534.6233588341411,371.7406272329383,19.296538421986227,2096.236469820009,2764.0777978181864,925.6605244890657,1402.0
2014-06-01,7204.0,1743.3798167103814,2959.6096842055235,1965.36513386879,535.3518193410699,5848.0,1039.8656544247838,1514.4229581447019,1374.6864458123591,1054.4345023798294,519.2953262207976,333.24243580177404,20.596491362894888,2094.300156804613,2889.1094039570607,873.1342533854665,1356.0
2014-07-01,6417.0,1837.5110226059464,2410.7619621254967,1900.8488757440687,267.79180288171045,6145.0,1097.4429611253768,1595.345240779138,1482.2937671135805,1143.2312755732155,561.4799780424194,251.85970620810963,20.62656831320507,2240.6742366985923,3077.639007892719,833.9662525637341,272.0
2014-08-01,6420.0,1719.9287069105292,2447.2256037245015,1919.8112253079496,332.99000768601576,5644.0,1040.2342551709735,1601.3870668672585,984.4805578385551,1143.9613328245669,561.8936584275796,299.4089805325483,20.779030156105094,2184.1955879955403,2585.867624705814,882.081669116233,776.0
2014-09-01,5685.0,983.7897370659488,2243.7139992744087,2071.2591964490966,386.46934242147984,5644.0,1073.7100611333308,1723.3162778197398,726.217084081562,1246.273774329126,620.2928468263506,239.00534359924401,22.50716731119784,2319.9838354624567,2449.5333619013018,881.8053577367924,41.0
2014-10-01,5794.0,1021.36891073283,2120.75062314804,2249.234531486279,402.6833755603908,5494.0,1069.7664701597878,1780.1938286657132,685.6912619250121,1068.2999918724565,602.0161269188093,273.3247836334624,27.884766089415955,2138.066462032244,2465.885090590725,903.2256766416876,300.0
2014-11-01,4889.0,680.2687726687301,1906.2755661032586,2006.464400375457,296.18018340427244,4651.0,991.3707819828753,1424.3297075109426,491.3510518814594,976.2915698607184,514.0859805425724,220.68764628004197,25.18607958270414,1967.6623518435936,1915.680759392402,759.9597064053186,238.0
2014-12-01,4502.0,633.9125164392722,1715.9849179068947,1893.3229966585086,259.0626409764327,4300.0,890.5920921446892,1377.9682235149833,453.491579104318,804.5359715154236,537.8828626429424,233.44461812358338,23.702991374379824,1695.1280636601127,1831.4598026193012,795.0304721409057,202.0
2015-01-01,3796.0,798.4061263487536,1563.668081233344,1219.558789735903,214.35050402822134,4363.0,841.6079030654646,1556.6141000313041,414.15788635390385,876.4332495212104,549.8865338540564,135.16000255756072,23.023031604300726,1718.041152586675,1970.771986385208,708.0695680159179,-567.0
2015-02-01,3872.0,685.2783268308169,1545.8248549045106,1382.1121517348154,258.5011832574542,4085.0,792.6649343889446,1323.8498980195438,386.79362820171525,865.4376665557004,471.30459229360997,228.3682403480633,22.287675353733157,1658.102600944645,1710.643526221259,721.9605079954064,-213.0
2015-03-01,4381.0,891.3601374873203,1508.2863564329032,1747.072367763651,234.741403944368,5059.0,1027.633761252599,1531.4854846838505,507.83760584263814,1124.9971558755744,562.9276101135149,287.34071764908657,23.573244434309288,2152.6309171281737,2039.3230905264886,873.8415721969109,-678.0
2015-04-01,5155.0,1409.1021927034928,2179.474421453146,1416.351477715635,150.3434286062709,4933.0,993.4037981407157,1540.825570000567,571.8432775083513,1023.8238046927938,533.6081058461663,249.8108998928218,24.55012908758298,2017.2276028335095,2112.6688475089186,807.969134826571,222.0
2015-05-01,5206.0,1640.229736091344,1813.047431347191,1516.5937085194316,235.63323832765926,5003.0,993.9882356249827,1444.0184910866892,744.3165762986765,1016.9443704311652,471.83163431078145,314.4350630203257,22.364860338790695,2010.932606056148,2188.3350673853656,808.6315576698978,203.0
2015-06-01,6046.0,1765.7354091008501,2403.938102560579,1668.0203822330627,208.77983168670272,5707.0,1000.4664511397905,1618.2302391538199,998.4571046357983,1170.1323158108494,554.8447792329232,345.99348920769955,24.00333382134541,2170.59876695064,2616.6873437896184,924.8416022619682,339.0
2015-07-01,5569.0,1412.3692739580943,2525.3943631259426,1495.0257404537883,136.10410615806344,5801.0,1021.2727401331233,1601.5269217617915,1058.8878676589193,1181.8579259015312,615.8262544010987,317.02582001872327,22.205328248809323,2203.1306660346545,2660.414789420711,955.0574026686313,-232.0
2015-08-01,5136.0,1270.443150349672,2186.607762601826,1573.814885987487,104.85840517572055,5605.0,1124.0977112215087,1573.7035425369143,689.4948182318424,1227.5134826094895,625.589525615739,349.5560039542609,18.447666191725517,2351.611193830998,2263.1983607687566,993.5931957617255,-469.0
2015-09-01,5162.0,1266.137513915957,2291.043103210778,1479.8492279782186,124.97255164268049,5487.0,1146.843452112302,1559.0047619282077,599.8296734652356,1230.742415941027,636.8374876222066,286.9675756450738,27.956105523355735,2377.5858680533292,2158.8344353934435,951.7611687906361,-325.0
2015-10-01,5033.0,1093.1556991843652,2127.881081925755,1577.7934193438325,234.1270187893748,5058.0,1095.2788260688792,1517.4705734177887,405.5476195463792,1133.1045397920075,606.3990828705245,284.7273330958556,23.962553082996394,2228.3833658608864,1923.018192964168,915.0889690493765,-25.0
2015-11-01,3999.0,616.3202506231569,1695.7360647173252,1523.483071640716,163.0894579597713,4700.0,1049.2950246648397,1451.5029292623265,287.86212504434997,1041.670928121472,616.2081327867002,233.0583068076519,22.496564151019967,2090.9659527863114,1739.3650543066765,871.763003745372,-701.0
2015-12-01,3429.0,452.4758288559564,1446.844793141238,1349.89423695115,180.12186262800574,4404.0,947.1058326459668,1385.6461047561852,286.50848148392294,868.8330258911477,574.9588663444365,320.94067976949674,21.49336272175362,1815.9388585371144,1672.154586240108,917.3929088356869,-975.0
2016-01-01,3875.0,915.0,1830.5230156699834,977.9440144802219,151.0,4124.0,850.0,1282.0,294.0,843.0,532.0,307.0,15.0,1693.0,1576.0,854.0,-249.0
2016-02-01,4143.0,1104.0,1730.0008809104033,1174.1834907168186,135.0,4097.0,850.0,1217.0,287.0,925.0,507.0,297.0,14.0,1775.0,1504.0,818.0,46.0
2016-03-01,4426.0,1294.0,1753.9664256133008,1237.5791445947045,141.0,4556.0,858.0,1368.0,268.0,1098.0,622.0,327.0,15.0,1956.0,1636.0,964.0,-130.0
2016-04-01,4743.0,1343.0,1835.0628511270586,1378.867351057723,186.0,4423.0,884.0,1312.0,255.0,1006.0,569.0,379.0,18.0,1890.0,1567.0,966.0,320.0
2016-05-01,5377.0,1670.0,2216.2101735461656,1349.3510591983845,142.0,4874.0,1063.0,1429.0,426.0,946.0,604.0,389.0,18.0,2009.0,1855.0,1011.0,503.0
2016-06-01,5307.0,1617.0,2066.2974197282874,1452.944857186083,171.0,5048.0,1035.0,1316.0,764.0,876.0,612.0,429.0,16.0,1911.0,2080.0,1057.0,259.0
2016-07-01,4991.0,1552.0,2016.4684018656014,1321.5235836312497,101.0,4713.0,908.0,1224.0,809.0,843.0,599.0,312.0,19.0,1751.0,2033.0,930.0,278.0
2016-08-01,5770.0,1920.0,2139.1595345281075,1589.0497629668032,122.0,5175.0,1143.0,1309.0,546.0,1038.0,698.0,419.0,22.0,2181.0,1855.0,1139.0,595.0
2016-09-01,5042.0,1291.0,1916.130375330384,1661.3262824885337,173.0,4800.0,1095.0,1302.0,450.0,879.0,701.0,354.0,19.0,1974.0,1752.0,1074.0,242.0
2016-10-01,4729.0,1104.0,1880.0,1520.0,224.0,4783.0,1176.0,1253.0,316.0,1088.0,648.0,285.0,17.0,2264.0,1569.0,950.0,-54.0
2016-11-01,4848.0,891.3507992192812,2075.6475078588314,1642.9442616920949,237.71149650061085,4723.0,1073.0,1277.0,282.0,967.0,678.0,428.0,18.250397213922575,2040.0,1559.0,1124.2503972139225,125.0
2016-12-01,4628.0,989.0,1890.0,1499.0,251.0,4595.0,1188.0,1193.0,217.0,800.0,631.0,543.0,23.0,1988.0,1410.0,1197.0,33.0
2017-01-01,4291.0,1073.0,1829.0,1154.0,235.0,4344.0,963.0,1193.0,261.0,929.0,639.0,336.0,23.0,1892.0,1454.0,998.0,-53.0
2017-02-01,3899.0,945.0,1579.0,1181.0,194.0,4117.0,976.0,1112.0,264.0,737.0,558.0,451.0,20.0,1713.0,1376.0,1029.0,-218.0
2017-03-01,4564.0,1063.0,1943.0,1370.0,189.0,5475.0,1164.0,1583.0,331.0,1054.0,771.0,547.0,24.0,2218.0,1914.0,1342.0,-911.0
2017-04-01,4867.0,1342.0,1917.0,1460.0,148.0,4973.0,1109.0,1358.0,387.0,955.0,639.0,503.0,22.0,2064.0,1745.0,1164.0,-106.0
2017-05-01,5493.0,1576.0,2021.0,1727.0,170.0,6064.0,1303.0,1554.0,739.0,1161.0,687.0,594.0,26.0,2464.0,2293.0,1307.0,-571.0
2017-06-01,5152.0,1539.0,1882.0,1627.0,104.0,5898.0,1140.0,1554.0,786.0,1159.0,694.0,539.0,26.0,2299.0,2340.0,1259.0,-746.0
2017-07-01,5298.0,1401.0,2095.0,1683.0,118.0,6043.0,1406.0,1527.0,673.0,1138.0,718.0,549.0,31.0,2544.0,2200.0,1298.0,-745.0
2017-08-01,5265.0,1369.0,2075.0,1626.0,195.0,6317.0,1474.0,1676.0,529.0,1169.0,865.0,577.0,26.0,2643.0,2205.0,1468.0,-1052.0
2017-09-01,5268.0,1384.0,1968.0,1721.0,194.0,5966.0,1411.0,1576.0,437.0,1139.0,876.0,502.0,24.0,2550.0,2013.0,1402.0,-698.0
2017-10-01,5280.0,1151.0,1942.0,1889.0,297.0,6207.0,1403.0,1675.0,457.0,1248.0,894.0,504.0,26.0,2651.0,2132.0,1424.0,-927.0
2017-11-01,4668.0,892.0,1741.0,1712.0,323.0,6162.0,1367.0,1604.0,419.0,1310.0,861.0,575.0,26.0,2677.0,2023.0,1462.0,-1494.0
2017-12-01,4577.0,1080.0,1570.0,1618.0,310.0,5364.0,1190.0,1423.0,439.0,919.0,750.0,619.0,24.0,2109.0,1862.0,1393.0,-787.0
2018-01-01,4810.0,1202.0,1671.0,1521.0,417.0,5743.0,1248.0,1583.0,484.0,1084.0,823.0,499.0,23.0,2332.0,2067.0,1345.0,-933.0
2018-02-01,4304.0,1070.0,1573.0,1295.0,367.0,5196.0,1047.0,1507.0,345.0,1031.0,685.0,564.0,18.0,2078.0,1852.0,1267.0,-892.0
2018-03-01,5417.0,1369.0,1973.0,1713.0,361.0,5979.0,1167.0,1811.0,452.0,1249.0,774.0,505.0,21.0,2416.0,2263.0,1300.0,-562.0
2018-04-01,5216.0,1189.0,1991.0,1729.0,308.0,6106.0,1199.0,1738.0,462.0,1219.0,790.0,677.0,21.0,2418.0,2200.0,1488.0,-890.0
2018-05-01,5163.0,1143.0,2113.0,1628.0,280.0,6448.0,1231.0,1882.0,762.0,1167.0,739.0,623.0,43.0,2398.0,2644.0,1405.0,-1285.0
2018-06-01,5133.0,1171.0,1930.0,1800.0,232.0,5461.0,947.0,1620.0,740.0,1041.0,632.0,458.0,23.0,1988.0,2360.0,1113.0,-328.0
2018-07-01,5415.0,1106.0,2023.0,1921.0,365.0,6182.0,1118.0,1842.0,930.0,1050.0,775.0,444.0,23.0,2168.0,2772.0,1242.0,-767.0
2018-08-01,5202.0,1096.0,2080.0,1814.0,212.0,6314.0,1109.0,1956.0,845.0,1060.0,830.0,489.0,25.0,2169.0,2801.0,1344.0,-1112.0
2018-09-01,5037.0,943.0,1994.0,1650.0,450.0,4700.0,814.0,1572.0,539.0,869.0,634.0,250.0,22.0,1683.0,2111.0,906.0,337.0
2018-10-01,5398.0,1108.0,2046.0,1833.0,412.0,5073.0,888.0,1870.0,375.0,909.0,749.0,261.0,22.0,1797.0,2245.0,1032.0,325.0
2018-11-01,5350.0,1152.0,1784.0,1910.0,504.0,4363.0,732.0,1643.0,327.0,783.0,558.0,275.0,45.0,1515.0,1970.0,878.0,987.0
2018-12-01,5336.0,1473.0,1766.0,1804.0,292.0,3917.0,738.0,1426.0,294.0,709.0,498.0,230.0,22.0,1447.0,1720.0,750.0,1419.0
2019-01-01,4585.0,1336.0,1764.0,1152.0,333.0,4212.0,736.0,1514.0,331.0,856.0,539.0,214.0,21.0,1592.0,1845.0,774.0,373.0
2019-02-01,4448.0,1082.0,1620.0,1351.0,395.0,3998.0,704.0,1358.0,284.0,843.0,488.0,302.0,20.0,1547.0,1642.0,810.0,450.0
2019-03-01,5137.0,1348.0,1797.0,1589.0,403.0,3956.0,629.0,1424.0,355.0,791.0,522.0,211.0,23.0,1420.0,1779.0,756.0,1181.0
2019-04-01,5337.0,1412.0,1865.0,1691.0,369.0,4172.0,680.0,1441.0,427.0,885.0,512.0,205.0,22.0,1565.0,1868.0,739.0,1165.0
2019-05-01,6044.0,1830.0,2203.0,1630.0,380.0,4645.0,770.0,1581.0,445.0,991.0,575.0,258.0,25.0,1761.0,2026.0,858.0,1399.0
2019-06-01,5239.0,1169.0,2156.0,1589.0,326.0,4171.0,719.0,1465.0,500.0,803.0,477.0,184.0,22.0,1522.0,1965.0,683.0,1068.0
2019-07-01,5856.0,1703.0,2207.0,1577.0,370.0,4905.0,834.0,1687.0,553.0,1002.0,582.0,225.0,23.0,1836.0,2240.0,830.0,951.0
2019-08-01,5568.0,1505.0,2097.0,1678.0,288.0,4400.0,753.0,1524.0,462.0,896.0,552.0,188.0,24.0,1649.0,1986.0,764.0,1168.0
2019-09-01,5746.0,1584.0,2081.0,1725.0,356.0,4002.0,663.0,1429.0,358.0,833.0,524.0,175.0,21.0,1496.0,1787.0,720.0,1744.0
2019-10-01,5889.0,1607.0,2226.0,1636.0,420.0,4121.0,781.0,1462.0,212.0,940.0,581.0,123.0,23.0,1721.0,1674.0,727.0,1768.0
2019-11-01,5893.0,1573.0,1976.0,1985.0,359.0,3409.0,611.0,1166.0,262.0,757.0,477.0,114.0,22.0,1368.0,1428.0,613.0,2484.0
2019-12-01,5374.0,1372.0,1970.0,1610.0,422.0,3133.0,598.0,1082.0,258.0,526.0,483.0,164.0,23.0,1124.0,1340.0,670.0,2241.0
2020-01-01,4579.0,1541.0,1646.0,1037.0,355.0,3535.0,646.0,1240.0,312.0,726.0,482.0,112.0,18.0,1372.0,1552.0,612.0,1044.0
2020-02-01,4378.0,1209.0,1490.0,1283.0,395.0,3191.0,512.0,1214.0,251.0,621.0,441.0,135.0,17.0,1133.0,1465.0,593.0,1187.0
2020-03-01,4383.0,1340.0,1491.0,1264.0,287.0,3154.0,473.0,1242.0,237.0,575.0,466.0,144.0,17.0,1048.0,1479.0,627.0,1229.0
2020-04-01,4349.0,1567.0,1810.0,704.0,269.0,2894.0,443.0,1237.0,206.0,498.0,411.0,87.0,12.0,941.0,1443.0,510.0,1455.0
2020-05-01,5078.0,1998.0,2074.0,764.0,242.0,3166.0,534.0,1332.0,181.0,509.0,528.0,62.0,20.0,1043.0,1513.0,610.0,1912.0
2020-06-01,4786.0,1706.0,1974.0,859.0,247.0,3299.0,526.0,1402.0,245.0,500.0,511.0,85.0,31.0,1026.0,1647.0,627.0,1487.0
2020-07-01,4931.0,1538.0,2024.0,1061.0,308.0,3451.0,634.0,1418.0,273.0,492.0,485.0,109.0,38.0,1126.0,1691.0,632.0,1480.0
2020-08-01,4955.0,1642.0,1863.0,1239.0,210.0,3508.0,580.0,1446.0,246.0,557.0,497.0,142.0,41.0,1137.0,1692.0,680.0,1447.0
2020-09-01,4727.0,1114.0,1988.0,1385.0,240.0,4129.0,725.0,1609.0,252.0,723.0,581.0,195.0,44.0,1448.0,1861.0,820.0,598.0
2020-10-01,4674.0,1055.0,2162.0,1237.0,220.0,4004.0,696.0,1668.0,135.0,742.0,536.0,185.0,42.0,1438.0,1803.0,763.0,670.0
2020-11-01,4500.0,755.0,2165.0,1166.0,415.0,4115.0,803.0,1533.0,158.0,862.0,549.0,170.0,40.0,1665.0,1691.0,759.0,385.0
2020-12-01,3544.0,741.0,1098.0,1300.0,405.0,3908.0,803.0,1424.0,144.0,787.0,528.0,187.0,35.0,1590.0,1568.0,750.0,-364.0
2021-01-01,4912.0,1073.0,2448.0,1014.0,377.0,3844.0,725.0,1416.0,266.0,744.0,501.0,158.0,32.0,1469.0,1682.0,691.0,1068.0
2021-02-01,4775.0,1079.0,2107.0,1285.0,304.0,3713.0,729.0,1409.0,173.0,744.0,449.0,173.0,35.0,1473.0,1582.0,657.0,1062.0
2021-03-01,5720.0,1539.0,2442.0,1452.0,287.0,5320.0,854.0,2251.0,304.0,1048.0,652.0,166.0,45.0,1902.0,2555.0,863.0,400.0
2021-04-01,6143.0,1824.0,2845.0,1256.0,219.0,4673.0,738.0,1945.0,286.0,948.0,554.0,158.0,44.0,1686.0,2231.0,756.0,1470.0
2021-05-01,6813.0,1961.0,2830.0,1656.0,365.0,5141.0,745.0,2114.0,490.0,1017.0,588.0,137.0,51.0,1762.0,2604.0,776.0,1672.0
2021-06-01,7010.0,2020.0,2759.0,1853.0,377.0,5909.0,852.0,2496.0,761.0,1038.0,584.0,124.0,54.0,1890.0,3257.0,762.0,1101.0
2021-07-01,7252.0,2360.0,2619.0,1888.0,384.0,5715.0,765.0,2443.0,718.0,990.0,607.0,141.0,52.0,1755.0,3161.0,800.0,1537.0
2021-08-01,8099.0,2766.0,2739.0,1980.0,614.0,5754.0,802.0,2330.0,794.0,1047.0,590.0,136.0,56.0,1849.0,3124.0,782.0,2345.0
2021-09-01,7570.0,2290.0,2867.0,1831.0,583.0,5886.0,979.0,2487.0,448.0,1093.0,698.0,124.0,57.0,2072.0,2935.0,879.0,1684.0
2021-10-01,6863.0,1826.0,2514.0,1932.0,590.0,5247.0,869.0,2227.0,393.0,991.0,606.0,104.0,57.0,1860.0,2620.0,767.0,1616.0
2021-11-01,6191.0,1318.0,2440.0,1876.0,557.0,5767.0,956.0,2351.0,501.0,1102.0,669.0,135.0,54.0,2058.0,2852.0,858.0,424.0
2021-12-01,6587.0,1752.0,2317.0,1891.0,627.0,6216.0,1168.0,2291.0,708.0,1127.0,739.0,135.0,48.0,2295.0,2999.0,922.0,371.0
2022-01-01,5548.0,1882.0,1829.0,1301.0,535.0,5251.0,998.0,2076.0,363.0,966.0,682.0,119.0,48.0,1964.0,2439.0,849.0,297.0
2022-02-01,6452.0,1832.0,2174.0,1730.0,717.0,5634.0,914.0,1956.0,901.0,1044.0,642.0,132.0,46.0,1958.0,2857.0,820.0,818.0
2022-03-01,7354.0,2083.0,2681.0,1897.0,694.0,7083.0,1177.0,2667.0,909.0,1261.0,850.0,164.0,56.0,2438.0,3576.0,1070.0,271.0
2022-04-01,8337.0,2295.0,3269.0,2046.0,726.0,6883.0,1052.0,2742.0,867.0,1280.0,703.0,183.0,57.0,2332.0,3609.0,943.0,1454.0
2022-05-01,8254.0,2115.0,3646.0,1930.0,562.0,7886.0,1043.0,2874.0,1616.0,1392.0,725.0,171.0,63.0,2435.0,4490.0,959.0,368.0
2022-06-01,8433.0,2035.0,3452.0,2160.0,786.0,8664.0,1107.0,3141.0,2070.0,1378.0,720.0,191.0,57.0,2485.0,5211.0,968.0,-231.0
2022-07-01,7805.0,2431.0,2928.0,1946.0,499.0,8289.0,943.0,2719.0,2361.0,1301.0,715.0,200.0,51.0,2244.0,5080.0,966.0,-484.0
2022-08-01,7541.0,1988.0,2840.0,1936.0,777.0,7837.0,1159.0,2974.0,1336.0,1387.0,764.0,151.0,67.0,2546.0,4310.0,982.0,-296.0
2022-09-01,7518.0,2072.0,2535.0,2061.0,851.0,7137.0,1121.0,2597.0,934.0,1481.0,754.0,193.0,57.0,2602.0,3531.0,1004.0,381.0
2022-10-01,7962.0,2339.0,2512.0,2285.0,825.0,6079.0,996.0,2334.0,607.0,1231.0,676.0,202.0,33.0,2227.0,2941.0,911.0,1883.0
2022-11-01,7122.0,1506.0,2810.0,2054.0,751.0,5762.0,1055.0,2084.0,469.0,1306.0,661.0,162.0,25.0,2361.0,2553.0,848.0,1360.0
2022-12-01,6119.0,1251.0,2379.0,1704.0,786.0,5017.0,889.0,1848.0,435.0,1009.0,677.0,128.0,31.0,1898.0,2283.0,836.0,1102.0
2023-01-01,4925.3311478,1051.38097712,1807.25081552,1452.85020683,613.84914833,5367.98151918,874.76921132,1859.41378517,696.00532105,1172.77402972,626.50607936,105.04940066,33.4636919,2047.5432410399999,2555.41910622,765.01917192,-442.65037138000025
2023-02-01,5239.19412748,1213.90667784,1813.41549019,1470.22831904,741.64364041,5028.5955485,721.1237288,1864.26096771,614.11176641,1072.62185624,580.35870173,142.89594841,33.2225792,1793.74558504,2478.37273412,756.47722934,210.59857897999973
2023-03-01,5734.57472591,1372.82202467,1881.12752679,1788.76903752,691.85613693,6845.60693653,982.2945000000001,2948.8813324,564.23102299,1394.52646025,750.13950992,165.96892734,39.56518363,2376.82096025,3513.1123553899997,955.67362089,-1111.0322106200001
2023-04-01,5898.24988076,1012.38196674,2292.21409268,1939.19065955,654.46316179,6091.24338786,824.15819535,2539.00761509,588.77519191,1321.73619662,648.98110891,130.83571613,37.74936385,2145.89439197,3127.782807,817.56618889,-192.9935071
2023-05-01,6261.8584493,1327.91511079,2594.46318701,1749.16342454,590.31672696,7385.90273979,1107.77945228,2783.50788704,1018.50299016,1473.69576434,708.76157443,251.54677938,42.10829216,2581.47521662,3802.0108772,1002.41664597,-1124.04429049
2023-06-01,5414.91487865,1273.88592136,2190.7164325,1444.13612857,506.17639622,7247.65177014,930.55444876,2876.88320744,1105.50305605,1405.24769452,665.41324332,219.83254783,44.21757222,2335.80214328,3982.38626349,929.46336337,-1832.7368914899998
2023-07-01,6060.34283746,1419.64408134,2154.88626341,1877.26309536,608.54939735,6760.68283102,960.53887314,2661.58302795,978.18949809,1393.89563456,679.45729804,42.55617094,44.4623283,2354.4345077,3639.7725260400002,766.4757972799999,-700.33999356
2023-08-01,5910.26640846,1464.10603938,2046.78544969,1702.73734689,696.6375725,6884.65869927,1157.9462092,2670.980893,629.44280543,1628.59317381,734.80030371,18.02210779,44.87320633,2786.53938301,3300.42369843,797.69561783,-974.3922908100003
2023-09-01,5750.69492438,1427.25696113,1808.26038161,1934.0008763,581.17670534,6525.13384264,1092.95270513,2275.93099775,517.39170301,1525.90474052,690.80533996,376.74900774,45.39934853,2618.85744565,2793.3227007600003,1112.95369623,-774.4389182599998
2023-10-01,5396.46843669,1138.64934712,1689.3780103,1774.54550009,793.89557918,5838.87675839,962.10947458,2074.91621093,503.6280131,1361.42593669,677.6140189,215.61442447,43.56867972,2323.53541127,2578.54422403,936.79712309,-442.40832169999976
2023-11-01,4923.23485774,687.66988873,1765.37005814,1756.96910349,713.22580738,5481.9345271,851.70207704,2153.51823129,393.64917765,1312.97471158,665.80784074,61.45961891,42.82286989,2164.67678862,2547.1674089400003,770.09032954,-558.6996693600004
2023-12-01,5273.38531162,1022.79329154,1778.08533859,1753.63933196,718.86734953,4255.34820905,584.08750446,1785.52946139,314.59140767,902.87499472,511.25717098,118.72840851,38.27926132,1486.9624991800001,2100.12086906,668.26484081,1018.0371025699997
2024-01-01,5412.32394984,1610.85233858,1862.92879846,1220.28487966,718.25793314,4603.95464722,773.20735159,1762.58487569,293.37350209,1020.53103534,548.21519959,186.03737437,20.00530855,1793.7383869300002,2055.95837778,754.2578825100001,808.3693026199999
2024-02-01,5550.15215922,1430.52759689,1954.97969166,1406.50741112,758.13745955,4118.05743199,723.47009663,1635.94657477,187.50444309,887.29876363,466.04127258,201.63625569,16.1600256,1610.76886026,1823.45101786,683.8375538700001,1432.09472723
2024-03-01,6491.94579496,1747.66640394,2188.90918196,1684.5366491,870.83355996,4331.57077283,674.63948627,1861.54905067,131.6337867,963.51100729,494.11506231,189.0460365,17.07634309,1638.15049356,1993.18283737,700.2374419,2160.3750221299997
2024-04-01,6511.29105414,1530.10420527,2377.46675921,1658.41401863,945.30607103,4704.52137908,700.17255503,1969.24884383,241.11538087,1086.44285911,546.14598765,140.12794942,21.26780317,1786.61541414,2210.3642247,707.5417402400001,1806.7696750599998
2024-05-01,7666.53390988,2022.07805014,2805.55227829,1925.00714702,913.89643443,5012.11741383,737.97843344,2047.51152283,437.76380018,1061.77541711,513.9605206,190.12848387,22.9992358,1799.7538505500002,2485.27532301,727.0882402699999,2654.4164960499993
2024-06-01,6567.23094027,1776.17796004,2539.77064224,1640.3502218,610.93211619,4687.44850467,606.3207702,1794.1955882,771.00119049,880.339987,467.98794249,146.13290411,21.47012218,1486.6607571999998,2565.19677869,635.59096878,1879.7824356
2024-07-01,7185.79165543,1690.41973498,2776.50435087,1873.9583315,844.90923808,5727.05446816,832.89135989,2204.89696363,730.08366084,1066.23252585,649.92462692,218.34944684,24.67588419,1899.1238857399999,2934.98062447,892.9499579500001,1458.7371872699996
2024-08-01,6757.78532023,1460.91361992,2390.41833632,2155.03218877,751.42117522,4882.94094487,722.73698891,1696.50895053,498.32260173,1123.43039705,599.49363298,216.82625808,25.62211559,1846.16738596,2194.83155226,841.94200665,1874.8443753600004
2024-09-01,6952.88047943,1415.63738944,2681.85661393,2082.0516159,773.33486016,5970.95870549,1067.28743043,2216.79596437,184.24869916,1318.88316302,794.40055603,366.38545705,22.95743543,2386.17059345,2401.04466353,1183.74344851,981.9217739400001
2024-10-01,7032.24999014,1163.65256373,2885.40574067,2174.16321492,809.02847082,6120.46379453,1116.35492887,2243.07814934,198.49026061,1408.88449524,802.5793236,321.99604097,29.0805959,2525.23942411,2441.56840995,1153.6559604699999,911.7861956099996
2024-11-01,6526.00222519,1077.49315717,2763.73524802,2025.16460605,659.60921395,5249.07209284,931.84975221,1864.93751111,132.28543605,1248.03186652,739.53131333,303.30051593,29.13569769,2179.88161873,1997.22294716,1071.9675269499999,1276.9301323500003
2024-12-01,7049.01924352,1351.11176029,2427.99342241,2208.49747189,1061.41658893,5367.41141389,1074.07721887,1735.52392308,181.2649774,1159.57631908,782.01226625,392.92437934,42.03232987,2233.65353795,1916.78890048,1216.96897546,1681.6078296299993
2025-01-01,5914.84804218,1518.78433919,2071.66623619,1414.96755219,909.42991461,5752.75016151,1186.12483631,1951.78220005,206.02629145,1318.0723392,808.48413022,234.14993504,48.11042924,2504.1971755100003,2157.8084915,1090.7444945,162.09788067000045
2025-02-01,6139.7040571,1617.36344713,2041.24912395,1609.43918972,871.6522963,5864.28756064,1287.72915492,1855.99903188,230.0724356,1226.3730823,826.97502338,392.8297483,44.30908426,2514.10223722,2086.07146748,1264.1138559400001,275.4164964599995
2025-03-01,6642.34697319,1504.3231736,2236.2584012,1899.40535471,1002.36004368,6018.84797559,1174.26586189,1975.00216831,235.57779007,1322.67894616,868.03268417,391.39398902,51.89653597,2496.9448080499997,2210.57995838,1311.32320916,623.4989976000006
2025-04-01,6674.33068417,1702.02488743,2371.59290095,1765.00211852,835.71077727,6459.95918914,1214.10488451,2158.13144033,278.00996198,1357.50460408,970.55543401,426.73342317,54.91944106,2571.60948859,2436.1414023099996,1452.20829824,214.37149503
2025-05-01,7095.18297927,1992.5505279,2484.02278157,1965.31973186,653.28993794,6487.97000892,1247.2279926,2067.88508342,301.63526335,1408.86136881,899.94626584,494.60221665,67.81181825,2656.08936141,2369.52034677,1462.36030074,607.2129703500004
2025-06-01,7275.26064524,1820.28126277,2542.16268484,1840.23866877,1072.57802886,6395.91011981,1216.90835736,2140.17709354,351.13533655,1207.52226601,893.49442528,509.32223898,77.35040209,2424.43062337,2491.31243009,1480.16706635,879.3505254299998
2025-07-01,7760.55566787,2122.82782889,2925.77428155,1950.63582849,761.31772894,6853.67165011,1265.03060453,2082.50035427,662.17490944,1272.85971375,959.10619452,513.64118627,98.35868733,2537.89031828,2744.67526371,1571.1060681200001,906.8840177600005
2025-08-01,7903.01224252,2018.58701647,2829.75497577,1996.77418409,1057.89606619,6462.72070149,1270.5080823,1970.86786517,307.01350148,1271.41580417,991.93702567,554.2935073,96.6849154,2541.92388647,2277.88136665,1642.91544837,1440.2915410300002
2025-09-01,8128.18217162,2036.92142777,2993.20683621,2156.25426614,941.7996415,7191.13346186,1576.68924592,2253.22133537,175.24860712,1301.58293367,1157.25493333,617.83380555,109.3026009,2878.27217959,2428.46994249,1884.3913397800002,937.0487097599998
2025-10-01,7962.6346462,1903.122192,2790.56910988,2374.99192373,893.95142059,7149.97099752,1340.09031074,2371.86599912,200.87125679,1400.28499024,1194.08925667,544.87685456,97.8923294,2740.3753009800002,2572.7372559100004,1836.8584406300001,812.6636486799998
2025-11-01,8132.73134848,2024.94729773,2765.14369959,2323.75731574,1018.88303542,5597.99248129,1053.7309986,1788.7283297,149.35696528,1080.96847443,915.98329616,509.97785604,99.24656108,2134.6994730300003,1938.0852949799998,1525.20771328,2534.73886719
2025-12-01,7482.40736019,1890.03102488,2412.70569738,2098.3764144,1081.29422353,5555.90492346,1240.2112528,1684.18208608,173.97769214,944.42476663,915.50855102,488.23166942,109.36890537,2184.63601943,1858.1597782200001,1513.10912581,1926.5024367300002
2026-01-01,7245.29604746,2088.63191996,2274.74532209,1949.99349107,931.92531434,5056.67015725,1087.87056276,1495.27512186,149.11035237,891.07925481,855.43711073,483.70625354,94.19150118,1978.94981757,1644.38547423,1433.3348654499998,2188.6258902100008
2026-02-01,5963.33901811,1740.66758942,1815.93791714,1736.30450266,670.42900889,5166.57388213,1061.2365448,1779.33035084,137.69619161,920.57769641,801.80819109,370.24577429,95.67913309,1981.81424121,1917.0265424499999,1267.7330984700002,796.7651359800002
2026-03-01,8644.57254243,2349.31258816,2659.34525988,2401.33229455,1234.58239984,6121.8595323,1226.73558724,2176.55355115,144.86239217,1082.68717677,925.01473333,459.16344225,106.84264939,2309.42276401,2321.41594332,1491.02082497,2522.71301013
