Date,ICG,Variacion_ICG
2001-11-01,1.036,
2001-12-01,0.757,-0.2693
2002-01-01,1.357,0.7926
2002-02-01,0.983,-0.2756
2002-03-01,0.862,-0.1231
2002-04-01,0.782,-0.0928
2002-05-01,0.467,-0.4028
2002-06-01,0.482,0.0321
2002-07-01,0.404,-0.1618
2002-08-01,0.424,0.0495
2002-09-01,0.323,-0.2382
2002-10-01,0.506,0.5666
2002-11-01,0.718,0.419
2002-12-01,0.703,-0.0209
2003-01-01,0.907,0.2902
2003-02-01,0.829,-0.086
2003-03-01,0.886,0.0688
2003-04-01,0.843,-0.0485
2003-05-01,1.219,0.446
2003-06-01,3.142,1.5775
2003-07-01,3.2626,0.0384
2003-08-01,3.1953,-0.0206
2003-09-01,2.8727,-0.1009
2003-10-01,2.921,0.0168
2003-11-01,2.7847,-0.0466
2003-12-01,2.6528,-0.0474
2004-01-01,2.9855,0.1254
2004-02-01,3.3164,0.1108
2004-03-01,3.1416,-0.0527
2004-04-01,2.6781,-0.1475
2004-05-01,2.6353,-0.016
2004-06-01,2.685,0.0189
2004-07-01,2.488,-0.0733
2004-08-01,2.0713,-0.1675
2004-09-01,2.1305,0.0286
2004-10-01,2.2673,0.0642
2004-11-01,2.4601,0.085
2004-12-01,2.4293,-0.0125
2005-01-01,2.3513,-0.0321
2005-02-01,2.3866,0.015
2005-03-01,2.7996,0.1731
2005-04-01,2.4891,-0.1109
2005-05-01,2.3706,-0.0476
2005-06-01,2.3111,-0.0251
2005-07-01,2.07,-0.1044
2005-08-01,2.4201,0.1691
2005-09-01,2.1138,-0.1266
2005-10-01,2.1916,0.0368
2005-11-01,2.4215,0.1049
2005-12-01,2.2612,-0.0662
2006-01-01,2.6321,0.164
2006-02-01,2.6222,-0.0038
2006-03-01,2.7017,0.0303
2006-04-01,2.5369,-0.061
2006-05-01,2.4963,-0.016
2006-06-01,2.6913,0.0781
2006-07-01,2.5338,-0.0585
2006-08-01,2.412,-0.0481
2006-09-01,2.4807,0.0285
2006-10-01,2.544,0.0255
2006-11-01,2.4383,-0.0415
2006-12-01,2.3341,-0.0428
2007-01-01,2.6877,0.1515
2007-02-01,2.5836,-0.0387
2007-03-01,2.5945,0.0042
2007-04-01,2.143,-0.174
2007-05-01,2.2293,0.0403
2007-06-01,2.0747,-0.0693
2007-07-01,1.9988,-0.0366
2007-08-01,1.8636,-0.0677
2007-09-01,1.8896,0.014
2007-10-01,1.6778,-0.1121
2007-11-01,1.9811,0.1808
2007-12-01,2.0436,0.0315
2008-01-01,2.3688,0.1592
2008-02-01,1.977,-0.1654
2008-03-01,1.8611,-0.0586
2008-04-01,1.7395,-0.0653
2008-05-01,1.3343,-0.2329
2008-06-01,1.2076,-0.095
2008-07-01,1.2687,0.0506
2008-08-01,1.3947,0.0993
2008-09-01,1.4418,0.0338
2008-10-01,1.3787,-0.0438
2008-11-01,1.4279,0.0356
2008-12-01,1.3678,-0.0421
2009-01-01,1.5046,0.1
2009-02-01,1.3751,-0.086
2009-03-01,1.3578,-0.0126
2009-04-01,1.3539,-0.0029
2009-05-01,1.3217,-0.0238
2009-06-01,1.3403,0.0141
2009-07-01,1.2345,-0.0789
2009-08-01,1.111,-0.1
2009-09-01,1.2237,0.1014
2009-10-01,1.1458,-0.0636
2009-11-01,1.1586,0.0111
2009-12-01,1.0443,-0.0986
2010-01-01,1.2593,0.2058
2010-02-01,1.1872,-0.0572
2010-03-01,1.3373,0.1264
2010-04-01,1.3902,0.0396
2010-05-01,1.5919,0.145
2010-06-01,1.6098,0.0113
2010-07-01,1.6868,0.0478
2010-08-01,1.7965,0.065
2010-09-01,1.7713,-0.014
2010-10-01,1.7037,-0.0381
2010-11-01,2.4219,0.4215
2010-12-01,2.3362,-0.0354
2011-01-01,2.1637,-0.0739
2011-02-01,2.1786,0.0069
2011-03-01,2.4237,0.1125
2011-04-01,2.1863,-0.0979
2011-05-01,2.3389,0.0698
2011-06-01,2.2944,-0.019
2011-07-01,2.4784,0.0802
2011-08-01,2.2462,-0.0937
2011-09-01,2.6406,0.1756
2011-10-01,2.6209,-0.0075
2011-11-01,2.622,0.0004
2011-12-01,2.7105,0.0337
2012-01-01,2.7488,0.0142
2012-02-01,2.5577,-0.0695
2012-03-01,2.2555,-0.1181
2012-04-01,1.9039,-0.1559
2012-05-01,2.1415,0.1248
2012-06-01,1.9853,-0.0729
2012-07-01,1.8434,-0.0715
2012-08-01,1.8038,-0.0215
2012-09-01,1.6878,-0.0643
2012-10-01,1.6694,-0.0109
2012-11-01,1.6868,0.0104
2012-12-01,1.839,0.0902
2013-01-01,1.7624,-0.0417
2013-02-01,1.8314,0.0392
2013-03-01,1.914,0.0451
2013-04-01,1.7586,-0.0812
2013-05-01,1.4201,-0.1925
2013-06-01,1.7441,0.2281
2013-07-01,1.679,-0.0373
2013-08-01,1.8688,0.113
2013-09-01,1.7716,-0.052
2013-10-01,1.9765,0.1157
2013-11-01,1.8472,-0.0654
2013-12-01,1.6809,-0.09
2014-01-01,1.4625,-0.1299
2014-02-01,1.385,-0.053
2014-03-01,1.5263,0.102
2014-04-01,1.4016,-0.0817
2014-05-01,1.5121,0.0788
2014-06-01,1.6997,0.1241
2014-07-01,1.8722,0.1015
2014-08-01,1.8209,-0.0274
2014-09-01,1.7056,-0.0633
2014-10-01,1.6467,-0.0345
2014-11-01,1.603,-0.0265
2014-12-01,1.6357,0.0204
2015-01-01,1.8264,0.1166
2015-02-01,1.6532,-0.0948
2015-03-01,1.8635,0.1272
2015-04-01,1.8962,0.0175
2015-05-01,2.0906,0.1025
2015-06-01,1.9373,-0.0734
2015-07-01,2.0366,0.0513
2015-08-01,1.9173,-0.0586
2015-09-01,1.7779,-0.0727
2015-10-01,1.9085,0.0734
2015-11-01,1.7489,-0.0836
2015-12-01,1.7975,0.0278
2016-01-01,3.1378,0.7457
2016-02-01,2.8619,-0.088
2016-03-01,3.0327,0.0597
2016-04-01,2.72,-0.1031
2016-05-01,2.6224,-0.0359
2016-06-01,2.6133,-0.0035
2016-07-01,2.7071,0.0359
2016-08-01,2.5213,-0.0686
2016-09-01,2.5298,0.0034
2016-10-01,2.6324,0.0406
2016-11-01,2.5161,-0.0442
2016-12-01,2.4938,-0.0089
2017-01-01,2.4611,-0.0131
2017-02-01,2.3499,-0.0452
2017-03-01,2.3168,-0.0141
2017-04-01,2.6113,0.1271
2017-05-01,2.5169,-0.0362
2017-06-01,2.2778,-0.095
2017-07-01,2.2354,-0.0186
2017-08-01,2.5318,0.1326
2017-09-01,2.855,0.1277
2017-10-01,2.8276,-0.0096
2017-11-01,2.9667,0.0492
2017-12-01,2.3635,-0.2033
2018-01-01,2.2784,-0.036
2018-02-01,2.3201,0.0183
2018-03-01,2.3216,0.0006
2018-04-01,2.0653,-0.1104
2018-05-01,1.938,-0.0616
2018-06-01,2.0422,0.0538
2018-07-01,2.0141,-0.0137
2018-08-01,1.9444,-0.0346
2018-09-01,1.7495,-0.1002
2018-10-01,1.7631,0.0078
2018-11-01,1.7674,0.0025
2018-12-01,1.92,0.089
2019-01-01,1.63,-0.154
2019-02-01,1.79,0.101
2019-03-01,1.6,-0.108
2019-04-01,1.5293,-0.0439
2019-05-01,1.6144,0.0556
2019-06-01,1.8565,0.15
2019-07-01,1.9697,0.061
2019-08-01,2.2014,0.118
2019-09-01,1.91,-0.132
2019-10-01,2.009,0.052
2019-11-01,1.9765,-0.016
2019-12-01,1.9672,-0.005
2020-01-01,2.3234,0.181
2020-02-01,2.2702,-0.023
2020-03-01,2.2181,-0.023
2020-04-01,3.2869,0.482
2020-05-01,3.0017,-0.087
2020-06-01,2.7702,-0.077
2020-07-01,2.5296,-0.087
2020-08-01,2.3779,-0.06
2020-09-01,2.266,-0.047
2020-10-01,1.9923,-0.121
2020-11-01,2.0193,0.014
2020-12-01,1.8539,-0.082
2021-01-01,1.8751,0.011
2021-02-01,1.8166,-0.031
2021-03-01,1.7839,-0.018
2021-04-01,1.733,-0.029
2021-05-01,1.9321,0.115
2021-06-01,1.7034,-0.118
2021-07-01,1.6982,-0.003
2021-08-01,1.8522,0.091
2021-09-01,1.5793,-0.147
2021-10-01,1.5241,-0.035
2021-11-01,1.4536,-0.046
2021-12-01,1.4228,-0.021
2022-01-01,1.5438,0.085
2022-02-01,1.494,-0.032
2022-03-01,1.5077,0.009
2022-04-01,1.4361,-0.048
2022-05-01,1.3032,-0.093
2022-06-01,1.4016,0.075
2022-07-01,1.1167,-0.203
2022-08-01,1.1826,0.059
2022-09-01,1.2306,0.041
2022-10-01,1.2817,0.042
2022-11-01,1.1896,-0.072
2022-12-01,1.2513,0.052
2023-01-01,1.2741,0.018
2023-02-01,1.1713,-0.081
2023-03-01,1.1776,0.005
2023-04-01,1.0705,-0.091
2023-05-01,1.1323,0.058
2023-06-01,1.1197,-0.011
2023-07-01,1.199,0.071
2023-08-01,1.266,0.056
2023-09-01,1.0323,-0.185
2023-10-01,1.2228,0.185
2023-11-01,1.414,0.156
2023-12-01,2.8582,1.021
2024-01-01,2.6098,-0.087
2024-02-01,2.5723,0.118
2024-03-01,2.5606,-0.005
2024-04-01,2.4489,-0.044
2024-05-01,2.514,0.027
2024-06-01,2.462,-0.021
2024-07-01,2.3718,-0.037
2024-08-01,2.5372,0.068
2024-09-01,2.1608,-0.148
2024-10-01,2.425,0.122
2024-11-01,2.664,0.0986
2024-12-01,2.655,-0.003
2025-01-01,2.605,-0.0188
2025-02-01,2.558,-0.018
2025-03-01,2.42,-0.0539
2025-04-01,2.331,-0.0368
2025-05-01,2.448,0.0502
2025-06-01,2.336,-0.0458
2025-07-01,2.451,0.0492
2025-08-01,2.118,-0.1359
2025-09-01,1.944,-0.0822
2025-10-01,2.1011,0.0808
2025-11-01,2.4684,0.1748
2025-12-01,2.4647,-0.0015
2026-01-01,2.3969,-0.0275
2026-02-01,2.3834,-0.0056
2026-03-01,2.3009,-0.0346
2026-04-01,2.023,-0.1208
2026-05-01,1.99,-0.0163
