fecha,pbi,impo,oferta_global,demanda_global,consumo_priv,consumo_pub,expo,fbkf,var_existencias,objetos_valiosos,discrepancia
2004-03-01,439195.8650001726,69300.98673287862,508496.8517330512,508496.633239643,291921.51061212993,47170.59560483134,100001.7552903517,65561.35320695453,3841.41852537548,,
2004-06-01,509498.6632468832,78118.8061342756,587617.4693811588,587617.3852829082,334394.6589260316,50275.44449939442,120749.89710227489,80070.02806461295,2127.356690594296,,
2004-09-01,488462.3825911835,87675.42534154924,576137.8079327327,576137.957657771,314867.0802768507,54912.18830573037,120599.67062461989,82294.8183003922,3464.2001501778004,,
2004-12-01,503303.8680607793,91775.9179136897,595079.785974469,595079.9388410891,307144.29254431714,63316.925050190854,121402.37877108427,80486.50888039765,22729.8335950993,,
2005-03-01,510703.4270151163,88106.33085835255,598809.7578734689,598809.7578702637,329383.73535335076,60446.017998914125,116402.46462199275,88292.80899623311,4284.730899772886,,
2005-06-01,605771.7758465102,103231.14457395862,709002.9204204688,709002.9204184017,400294.0050575111,66443.38670989493,138861.52384866087,104017.9437655482,-613.9389632133748,,
2005-09-01,590219.5591426293,102375.72168727528,692595.2808299046,692595.2808338564,370307.8875171746,71261.08177627633,142090.958869115,103532.80505222286,5402.547619067593,,
2005-12-01,623457.9297448428,109528.9126465569,732986.8423913997,732986.842388945,368695.44949314673,84773.41997248743,144309.47515352926,108464.65877516926,26743.838994612328,,
2006-03-01,643562.3795870609,111472.72410810947,755035.1036951704,755035.1036951428,420680.0728499129,77417.34897791866,143494.78432027518,116110.67319549512,-2667.775648459159,,
2006-06-01,727989.1872669109,119596.41054544807,847585.597812359,847585.5978109011,472564.9706164539,85196.54755820855,165070.51189350447,130833.71283691305,-6080.145094179017,,
2006-09-01,729299.498006196,132390.49380631474,861689.9918125108,861689.9918125983,469727.0024640951,88513.6507441167,169541.6449088919,139597.73830184387,-5690.044606349236,,
2006-12-01,762766.0220752261,135004.04864091883,897770.0707161449,897770.0707198019,448843.869825391,104803.31529002971,181289.42002470954,138392.87072482545,24440.594854846193,,
2007-03-01,774387.7878412767,139154.18921558568,913541.9770568624,913541.9770556727,506621.02800736926,97650.6767050758,168496.9189598665,148228.49189903785,-7455.138515676769,,
2007-06-01,904350.3880930806,149392.835976335,1053743.2240694156,1053743.224072338,576216.8994114009,111138.64568574482,193068.36037436526,170803.77769164724,2515.540909180031,,
2007-09-01,914103.9674019193,183313.01687331864,1097416.984275238,1097416.984274326,589438.2317749023,118300.43627035344,207489.64344238988,189101.60950229838,-6912.936715618148,,
2007-12-01,995078.5529513356,184098.6999451606,1179177.252896496,1179177.2528972717,571294.8880208705,138956.88158723252,244066.58584354116,192087.56402626808,32771.333419359624,,
2008-03-01,1032356.8732593583,191232.01150689326,1223588.8847662515,1223588.8847632576,674136.7572386977,130083.88092501654,233518.69462890347,202936.38542612523,-17086.833455485175,,
2008-06-01,1213883.4109890296,220625.26158163598,1434508.6725706656,1434508.6725717343,786479.2578574801,150962.64473625927,249293.10641471308,234221.80476596183,13551.858797320265,,
2008-09-01,1183692.2697064732,231651.13955040163,1415343.4092568748,1415343.4092604434,735708.4201722438,159058.12034225065,290934.3904094423,230523.27564884457,-880.7973123381082,,
2008-12-01,1168651.80837968,199953.49210063458,1368605.3004803145,1368605.300479315,704213.4972490029,186843.96270206655,240742.92356209503,206516.8242355749,30288.092730575718,,
2009-03-01,1112307.4883262962,158748.34424168098,1271055.8325679773,1271055.8325646347,745582.8054341255,168925.3136671262,204977.71606670532,171002.40533113322,-19432.40793445547,,
2009-06-01,1251464.7279338671,164767.15534830542,1416231.8832821725,1416231.8832856833,783242.3632669935,191861.73537639627,262406.91405338224,183569.6537347694,-4848.7831458579285,,
2009-09-01,1269734.745267083,195582.56049985427,1465317.3057669373,1465317.3057692696,811737.1386526237,199109.69134876208,245558.2264587849,207506.67088168586,1405.5784274129992,,
2009-12-01,1358210.1141728326,204508.32772605706,1562718.4418988896,1562718.441900021,803128.6445520653,233980.7892329037,263486.1746464949,215718.27718446965,46404.55628408724,,
2010-03-01,1418857.9499665094,212716.89559377675,1631574.8455602862,1631574.8455593947,955921.0598624218,208372.30437051196,245386.53782325963,223217.86723771857,-1322.9237345173322,,
2010-06-01,1686066.954457782,258778.5400871957,1944845.4945449778,1944845.494545704,1074344.6816862894,241510.39445012668,340952.3085896935,269536.45616702735,18501.65365256719,,
2010-09-01,1712834.5489382918,293358.2009372968,2006192.7498755886,2006192.7498734999,1099323.1538208912,254371.10902464492,339698.42236225295,299912.1042516272,12887.960414083667,,
2010-12-01,1829124.2504157436,301119.7226046277,2130243.973020371,2130243.9730202295,1139978.0110894737,303660.88538640103,332471.95352493075,313472.4744929887,40660.64852643492,,
2011-03-01,1888827.151845796,304500.6501593711,2193327.802005167,2193327.802007229,1263267.5585228135,285502.1205122868,323761.2385363362,324979.6531987572,-4182.768762964857,,
2011-06-01,2237123.8354149116,359615.71855652856,2596739.55397144,2596739.553969588,1407332.3298145048,332038.1094049824,425057.051691508,369566.5201869676,62745.5428716252,,
2011-09-01,2250487.26379217,414749.294155323,2665236.557947493,2665236.5579477525,1462525.700752949,351599.40280647663,443868.20521517313,407570.7566978567,-327.50752470330497,,
2011-12-01,2339658.163470233,381685.89401679987,2721344.057487033,2721344.057490187,1464379.5314480003,398324.9435091351,415364.3613405137,401260.19434016163,42015.02685237672,,
2012-03-01,2345559.6033526314,338377.4579209998,2683937.061273631,2683937.06127198,1557362.136735966,377040.1878550367,374190.69936839136,372008.733862721,3335.303449865169,,
2012-06-01,2651098.0463880287,363318.0759562121,3014416.1223442405,3014416.122341766,1738478.5253077226,432601.4085457506,425243.60403295024,397240.4085732314,20852.17588211113,,
2012-09-01,2704827.5498552597,401200.0015063301,3106027.5513615897,3106027.5513592237,1767630.6246263226,443703.3803630535,465874.486893476,440523.4329356779,-11704.373459306378,,
2012-12-01,2850170.193266278,404797.04543316684,3254967.238699445,3254967.238699984,1784911.7253729894,503024.2596578395,448054.1834255227,463458.86081413575,55518.20942949577,,
2013-03-01,2888980.8590711113,410776.8031361589,3299757.66220727,3299757.6622068775,1948085.8427457437,473246.44010204246,396674.5832149477,458406.7910887563,23344.005055387148,,
2013-06-01,3387810.9120546845,491926.3455771451,3879737.2576318295,3879737.257629632,2193026.263725972,541488.8327361692,546612.4827461736,538931.0799620079,59678.59845931004,,
2013-09-01,3436546.546378202,530140.2610427754,3966686.8074209774,3966686.80742364,2293051.8870732225,566904.7344858202,532721.8421858447,575232.3098211049,-1223.9661423519012,,
2013-12-01,3679895.635404825,538206.0998560566,4218101.7352608815,4218101.735263412,2403705.037500406,669258.7393142002,481703.3209128157,609122.1619265543,54312.475609435955,,
2014-03-01,3917648.8611710793,621369.2076870145,4539018.068858094,4539018.068859741,2760478.8519005002,643214.1591828825,522171.20154701103,643352.1485256441,-30198.292296296608,,
2014-06-01,4702629.524920309,653674.3608377284,5356303.885758038,5356303.885759607,2955020.0745849963,742438.6844282924,761448.5026928732,737042.889381182,160353.73467226245,,
2014-09-01,4685503.118678275,668326.5051092552,5353829.62378753,5353829.6237890655,3052487.108041096,784978.3922570288,715356.2313178589,775663.7497076743,25344.14246540744,,
2014-12-01,5010564.196870732,621159.1949254471,5631723.391796179,5631723.391799208,3207804.8783261618,933966.6000701393,639581.3226691553,770884.8439430414,79485.74679070951,,
2015-03-01,5092693.740328637,615863.5257353279,5708557.266063965,5708557.266063965,3519817.7680830266,876631.581325372,533242.3438301923,794916.2359566732,-16050.663131299585,,
2015-06-01,5951478.855366601,679940.2582230843,6631419.113589685,6631419.113589687,3979552.2652580403,1042972.2908742311,688808.329890599,903500.3445534329,16585.883013382256,,
2015-09-01,6221730.755771598,752371.4791645654,6974102.234936163,6974102.234936161,4034499.9814302903,1102097.6312524863,696958.1773509461,1005506.2867745814,135040.15812785778,,
2015-12-01,6552140.231302531,757726.9957136208,7309867.227016152,7309867.227016153,4163611.04755868,1288978.4753488768,630868.0201169134,1003294.8987689825,223114.78522269998,,
2016-03-01,7006645.045106042,1051454.1009948829,8058099.146100925,8058099.146100923,4828308.207967198,1193932.8375958716,895990.0499715027,1070847.9838516088,69020.06671474183,0.0,
2016-06-01,8414556.482179211,1042576.3852645806,9457132.867443793,9457132.867443793,5531903.238537367,1376059.3251136823,1020670.9153240668,1149601.9975566901,378897.3909119847,0.0,
2016-09-01,8527628.82527803,1151236.5066138706,9678865.331891902,9678865.3318919,5624181.518856215,1501568.822777981,1111904.1466351708,1222179.6558822615,219031.1877402715,0.0,
2016-12-01,8963807.87358243,1219922.400746575,10183730.274329005,10183730.274329005,5646415.407854648,1739026.4631563313,1094432.4011464845,1254781.4821189188,449074.5200526208,0.0,
2017-03-01,9240877.73099836,1286988.342589411,10527866.073587772,10527866.073587772,6452494.8674846385,1603692.4033928665,1036964.9424448053,1376574.1514435573,58139.70882190415,0.0,
2017-06-01,10558208.304643149,1391389.2309320145,11949597.535575163,11949597.53557516,7222060.25329695,1830346.0750884414,1180972.268356308,1515425.7851115854,200793.1537218766,0.0,
2017-09-01,11116422.3178693,1637892.4601677018,12754314.778037002,12754314.778037,7389754.589204414,1901772.384216524,1317088.8434907189,1746003.5877648164,399695.373360528,0.0,
2017-12-01,11725405.625723016,1640374.7434781096,13365780.369201126,13365780.369201126,7394054.340092132,2210306.45177919,1292046.2353310343,1827296.604023722,642076.7379750484,0.0,
2018-03-01,12457790.347179031,1919892.5593279414,14377682.906506972,14377682.906506974,8985619.31447233,1930980.5490368265,1478729.346105644,2044366.8432120709,-62013.146319899155,0.0,
2018-06-01,14431394.012697566,2215778.5591385653,16647172.571836133,16647172.571836129,10330546.935142642,2229720.342227144,1751921.0788386983,2168235.660842741,166748.55478490356,0.0,
2018-09-01,15276275.65339034,2796099.7108324175,18072375.364222758,18072375.36422276,10818287.266995337,2269535.2994457465,2390075.081133471,2381084.7827953203,213392.93385288605,0.0,
2018-12-01,16813782.695796333,2697091.987566159,19510874.68336249,19510874.683362495,10838533.902790979,2891490.421296306,2893922.4216014976,2401266.213355207,485661.72431850847,0.0,
2019-03-01,17484108.85697476,2691262.981426089,20175371.83840085,20175371.838400852,12506829.117932249,2915482.66024309,2815654.9440515246,2496183.2312483937,-558778.1150744059,0.0,
2019-06-01,21233558.154751204,2995331.613563232,24228889.768314436,24228889.768314436,14726541.986568943,3465044.413600717,3503605.471509656,2955278.3386972123,-421580.44206209073,0.0,
2019-09-01,22303884.00877951,3496149.7229280677,25800033.73170758,25800033.73170758,14448983.823249834,3514717.5114464457,4137684.1662638434,3413087.2481312547,288661.30781486165,-3100.3251986613363,
2019-12-01,25212225.57629694,3498567.787183767,28710793.36348071,28710793.363480702,15341960.115295788,4284383.629432993,5000354.993609575,3379824.911147267,728359.3360559256,-24089.622060845264,
2020-03-01,24999988.08261283,3461376.5819446747,28461364.664557505,28461364.6645575,17610147.710211862,4127506.9648787244,4184145.2669444666,3293519.102943221,-753954.3804207738,0.0,
2020-06-01,24025361.939099036,2995487.7931514946,27020849.73225053,27020849.732250538,16394879.795357706,4383620.502141748,4354106.259686406,2507043.1480245627,-618799.9729598867,0.0,
2020-09-01,27536379.505392455,3800934.88599102,31337314.391383477,31337314.391383484,17443145.176056884,4424148.497868087,4797446.063837671,4292822.410427604,379752.2431932371,0.0,
2020-12-01,32277527.046046086,4542472.354008877,36819999.40005496,36819999.40005497,20064341.742085136,5429179.83298732,4737512.033984543,5451588.005554233,1137377.7854437362,0.0,
2021-03-01,36785109.793720186,5256379.821074096,42041489.614794284,42041489.61479429,24629078.749412492,5526241.684839807,6168401.88670645,6580569.9853003,-862802.6914647594,0.0,
2021-06-01,46340281.47592878,6660763.093352186,53001044.56928097,53001044.56928095,29481554.959085483,6827446.058460926,8345420.448675091,7571047.895175321,775575.2078841329,0.0,
2021-09-01,47462528.98909955,7659365.95675115,55121894.9458507,55121894.945850715,28914823.00348736,7431638.791628803,9839665.746969817,8424274.202336362,511493.2014283687,0.0,
2021-12-01,54288413.782466695,8177090.156329742,62465503.93879644,62465503.93879644,33360045.12800109,9639254.209667338,9047581.511186296,9390395.55500432,1028227.5349373966,0.0,
2022-03-01,60345325.42659544,9287878.588775223,69633204.01537067,69633204.0153707,41374961.8877453,9533137.859489877,9677450.654993432,10196014.280278394,-1148360.6671363187,0.0,
2022-06-01,78676963.28324091,12825227.927169474,91502191.21041039,91502191.21041039,53232611.0607964,11716348.08460471,13453007.856611095,13363610.183209602,-263385.9748114228,0.0,
2022-09-01,87863363.94194473,14911645.786693623,102775009.72863835,102775009.72863838,56507068.8443514,13013837.190660568,14359810.14752126,16780392.4824259,2113901.0636792453,0.0,
2022-12-01,104354529.22768565,13650065.13190212,118004594.35958776,118004594.35958774,67267533.8043436,17750027.65858255,16441157.127276713,18017183.333059296,-1471307.5636744136,0.0,
2023-03-01,120719556.7726799,17542568.018016867,138262124.79069677,138262124.79069674,83557340.57753618,20032621.014004163,15575206.535784867,21529317.292198453,-5462210.350822116,0.0,3029849.7219952047
2023-06-01,159215855.41502434,23446189.878966473,182662045.29399082,182662045.2939908,113430107.75607781,26964465.93464415,19908865.285950907,29249759.610621408,-4638808.394786131,0.0,-2252344.89851737
2023-09-01,206516399.84174532,30709973.089702476,237226372.9314478,237226372.93144777,130115456.2313514,32551924.873115785,27121928.51253241,40251839.753881186,6747995.65816839,0.0,437227.9023986161
2023-12-01,283181180.08567715,34931142.86660301,318112322.95228016,318112322.9522802,178047228.52627367,45913193.63338349,36078743.90919932,51297535.718226984,10196863.625550939,0.0,-3421242.4603541493
2024-03-01,423472034.40718853,59718717.959389836,483190752.36657834,483190752.3665782,288577443.1147447,61557337.52342702,72129261.23447512,66281569.51544495,-19784190.211311728,0.0,14429331.189798117
2024-06-01,559938388.8647271,66666515.12548459,626604903.9902117,626604903.9902116,386878716.37753373,85774773.2932896,87192592.74261743,82741628.46278481,-10095183.288646443,0.0,-5887623.597367406
2024-09-01,642862095.294979,81552098.14740482,724414193.4423838,724414193.4423838,413073118.0487323,91173871.12112641,95402212.22911495,108254077.50511675,14889304.935808677,0.0,1621609.602484703
2024-12-01,709365943.3672845,88221912.00818525,797587855.3754698,797587855.3754698,468989052.135772,109895733.97825521,101454927.27722913,114172544.18271473,13454002.78657307,0.0,-10378404.985074282
2025-03-01,723984891.7741555,109003168.65590063,832988060.4300561,832988060.4300559,544305854.4538221,107522355.8345831,98589127.16707851,116962849.9066519,-20877989.899087075,0.0,-13514137.032992601
2025-06-01,833779385.5021062,115278073.26362522,949057458.7657315,949057458.7657313,605261446.1824864,127987107.5809924,116048801.12196814,134939480.87030986,-14302582.155746507,0.0,-20876794.83427894
2025-09-01,893277009.9832231,140556917.16767412,1033833927.1508973,1033833927.1508975,587560931.0718544,127196128.53117019,150245581.0207709,147671984.3326195,25784648.526360612,0.0,-4625346.331878066
2025-12-01,939450203.4897723,137258795.5399614,1076708999.0297337,1076708999.0297337,635628286.9440632,143403458.17352548,162529857.35646015,142905501.6028106,13245953.20136209,0.0,-21004058.24848795
