fecha,pbi,imp_netos,iva,imp_importaciones,vab,agro,pesca,mineria,industria,elect_gas_agua,construccion,comercio,hoteles,transporte,intermediacion_fin,inmobiliarias,admin_publica,ensenanza,salud,otros_servicios,hogares_dom
2004-03-01,95.40074225385659,87.4427182797044,95.6742194664092,99.79983740422568,96.12037765058645,99.72910878788804,92.11663680357078,90.17677833192292,95.87046588918427,88.29010450132643,93.61997929578591,97.3891027557504,125.75897363302863,98.90490945377356,90.99149601331872,93.78808541515275,94.70423581801354,97.3030518074192,93.23735887615379,97.55613109910946,102.06034558619325
2004-06-01,99.0480055142365,96.81917893571178,98.61129919097608,98.43198992531124,99.28796143486885,101.54299960092239,100.88767567811479,97.88098158351696,98.78485307026946,101.3355869412194,98.46154608826943,99.11872121263772,95.03400388207385,99.96567593290503,109.54115885653542,97.82564256380046,96.21538497610639,94.64065303419396,98.73079674411245,101.025534997805,99.04883320460232
2004-09-01,101.51935416508806,105.68357907258581,101.03081053075387,102.28522502648588,101.16711733312162,97.5531711933914,112.5372251626372,105.12411348197408,101.30261668119773,106.21186485811376,101.07555565308989,101.48762062203345,88.82825643271468,99.71737899070123,102.2771792290505,101.50129386417872,101.7134773180417,102.48512311022829,102.07136176432331,98.99646514609378,98.14380721237738
2004-12-01,103.87172345435356,110.2575219066673,104.42987773410806,99.33970132591487,103.2832998947792,99.2603600942125,94.52065451545423,106.68069344506922,103.62310539256656,103.94286551336818,106.70426626225552,101.93413317564328,89.28671523918067,101.29967566640788,97.55938973305842,106.32536449054608,107.04530033810329,105.25630931742249,105.58372653040107,102.34586818273992,100.79826900334162
2005-03-01,103.46450744837988,104.19673545717616,103.63401147749818,96.45820100857284,103.43949215719148,99.48950838161424,146.88483368151435,99.4194259708928,105.42201513717606,103.36120370427085,113.46141534906558,105.24254551537476,116.40203669124595,103.42426218144377,111.20783265411403,86.70565642731593,112.36473134920857,110.02438790810847,103.35858539068268,106.78193772234856,110.15085274370517
2005-06-01,104.14386138007305,108.56609995511195,103.59306429403905,94.87206930755822,103.86776580204446,77.52678565107036,128.3769407189677,113.92225957455221,106.84976227086563,114.80878081750161,121.57770090553794,106.84568662832747,109.64742524654174,105.61431319429111,111.11715900381105,109.90761511299955,114.90641210342383,114.46351218461078,111.09467740913817,111.02421690445587,108.86685876005838
2005-09-01,114.67303166577997,123.86841029369799,113.40577375039655,99.97945095556292,114.08993812712833,117.71416359128924,117.54279604720269,122.6027452606508,108.33134660724298,121.51729807247544,125.27926914918173,110.0260647229856,121.7664734158691,105.88085004500441,113.43930216357528,117.70972027733599,122.21829649221579,123.12529253284193,113.42890757202755,112.1144006721307,108.77602069122247
2005-12-01,119.37802240824655,125.12615847259684,117.78580327822534,104.4912899425716,119.13179078953682,120.71235390023365,100.00347431297409,140.06070992291302,112.07841832055468,119.41394436045347,127.86471729369246,113.54713797891229,124.01065376578242,109.09639963698451,116.63793650083511,122.33393464062567,133.67753491015796,133.17939696183535,121.44660153049473,118.47046489231073,109.28357139529781
2006-03-01,120.89124468903248,114.91059277155682,118.84842046587131,115.6946095045204,121.64673026392092,115.45024288755137,131.95001019614102,151.23250673582962,114.82303041719177,111.18705618052007,140.55421074814078,117.34723539514916,140.96712090501788,114.03649560698585,119.74777280732378,114.12450377148468,138.4241747470628,137.41201731031808,129.14371435539636,120.07128839108663,120.7305922561227
2006-06-01,118.55026443444198,118.61133232201739,114.42843785460227,108.76825586529057,118.93287374663804,83.59258732004166,106.30161883737182,163.78323060098083,117.32974676736596,121.21493035754176,147.56573309944986,119.24010851612539,129.95302755865404,115.57000841375688,120.34116648929431,118.73136025345697,146.34767457176775,145.8399919359697,137.14594545525983,127.03541094308942,121.57745529751003
2006-09-01,129.54293899668554,144.21954747246158,125.22084802261391,113.95904759051633,128.7728710581159,113.7180380629991,120.89662140493257,166.37983395595495,120.50375980276331,126.83876314775785,154.61528830434176,123.61087775907573,139.52225343908728,115.89441096488171,119.02289263748949,126.08366478478605,148.6289234791586,150.60724022705554,140.843608847361,129.65509161621586,125.26438428037659
2006-12-01,133.16584321400185,143.31445301766948,128.99764354671333,117.66035183952414,132.75601328361657,130.70311378790072,134.10226450061256,159.67360301538213,122.35390783158326,117.64718787371382,160.26585550736138,126.10191251712118,137.80501404977528,116.89490223525989,127.29315916221002,130.37347549376616,162.78586757170095,159.5417501034224,146.42683910907493,136.8518960712035,135.68135078424973
2007-03-01,134.24494558938827,130.23306631030835,128.3650770051035,126.8443699721399,135.1919267313409,131.42175786534884,155.81268700255077,144.83966442946152,124.25627209939765,122.66224442681215,164.87556130329963,130.90660633546847,158.74564842331148,122.1724551463453,127.29883603574336,129.4121601496176,164.60684296150322,165.708388979465,155.9915036921153,136.82049662904708,142.2649322204325
2007-06-01,134.0531904427567,133.9362111658926,129.57664668235574,121.21444472413178,134.52474864849927,101.92224788931303,104.68368495679815,149.66908742896214,127.90657548299474,148.60514487877558,183.74328936689557,134.8452161765828,151.11936114129918,126.81714278607534,128.1131705966398,136.64703021929304,180.50421192750093,178.04574732068806,172.30649735413598,142.97361708102844,144.81843249300695
2007-09-01,149.7486059916207,151.41597978095703,145.5122679458991,125.14682315229888,150.26219194454296,149.9147967367364,103.3034012685478,160.0472029520582,134.72509601998402,160.62238067459472,197.34004283249055,147.07100603914475,166.40032842277517,128.5132724154781,135.54808058454287,145.1689286172703,191.67566603849758,188.94577635216407,174.25145228622662,152.50443108679855,154.74784652012877
2007-12-01,158.98950800785983,172.0164976306991,148.32556879008374,136.55651502029556,159.01943626845724,188.65920006473763,149.88046753498824,174.94337248245074,140.11257907562842,141.26253139252373,208.25792954867273,149.0106952681608,170.48564091812315,133.97531295961906,145.12119732157686,156.16414350125325,206.05020747640435,201.12676558999607,183.11310737599368,161.9381239259334,163.54305468786626
2008-03-01,167.39464839027926,177.82340389284437,154.8126777291835,141.38179239991828,167.85408636864517,187.01015408527843,206.0000463602933,172.782132402173,149.59845983181773,168.60895486331293,223.3015581650839,161.44123218601055,202.15894171686716,143.46737200503944,146.37919774566802,150.3275919502635,217.20510386689793,219.36108337416283,209.32226702610367,162.7568628438986,172.4963684308247
2008-06-01,170.6317156969208,175.56348140682692,161.83119022937794,139.05685820520947,171.26221920176908,147.56867449455152,119.04029510638871,170.97370126095853,156.94974762133188,160.2427698535663,244.4469485140018,171.80806864736994,199.03076778636864,155.4043705834254,161.7770130817021,160.95893437723203,237.58354148618568,234.0266459451795,227.32270681120673,176.86625630213922,184.9914710205972
2008-09-01,182.9260229440088,206.71491631740366,172.31473209859053,138.66644957443197,182.2064651474485,177.14160529239174,127.25550367331348,172.38085202329455,161.84324777918735,160.3463652086905,249.33883846270487,176.6094339927501,221.2765282475449,154.16390813568944,168.1453368717087,174.85865449545238,245.26343519771535,245.18376453052454,234.46935783198703,187.3964650557835,200.8583174707245
2008-12-01,190.49214218662354,215.43253297732767,176.43140807461805,155.9359803736973,189.8809567119095,190.35656263491992,213.54467246028608,179.2970753891894,165.10589080552523,134.65169722521478,252.15876568313772,179.92620930051442,219.68644992924183,157.26667988569974,179.47066360454806,183.13171258576367,277.87186602383724,265.29529947826,244.02352736803752,203.89995842349734,206.5726852690045
2009-03-01,192.25678602777467,201.7071796803676,182.35297868879766,159.5240797183808,192.52855602231836,146.13452869947113,211.2197841313027,187.83336773969512,169.51743705918147,157.0605625300113,259.84630266558304,185.41846032121748,232.9106119296772,165.42270028741487,172.74888651641484,180.87834865602395,278.53589546427503,277.34786286760726,258.3841678848278,203.11069787181532,215.19301110107065
2009-06-01,198.26824861874763,220.15259368631246,185.3243999590007,162.57023968864203,197.64851796585134,156.50347383932814,206.66342996546425,195.30978488302276,171.95186122714864,145.67732708476868,271.70619489110464,190.0185487186038,219.08485702806547,169.68107904394054,187.106066578961,192.49237034513033,302.6546735529781,293.55303536367245,283.33186543860575,213.67488384925366,228.59089269306656
2009-09-01,207.97599548578103,233.1574415512514,193.28402670498215,152.03501076729572,207.76447834109194,181.63439458689137,110.7199395027005,208.2013671586018,175.7409424146283,193.71749600847124,283.83693648398696,196.68400879357338,233.61902950911175,170.91423960110345,193.6062656384396,205.70384701499455,294.48704811552767,293.2754265287475,284.6387660394553,222.41924688369554,236.25848786383946
2009-12-01,220.76789225736832,260.12804721683005,202.32980627127768,156.88002457504075,219.60126376112242,237.77297407771988,202.3933902388498,228.57730273612984,180.89509103866172,169.44555153918733,295.90452507626526,203.40002598736038,237.2762763448042,175.69627770408565,202.66077759828235,215.65855179075913,339.4189787958316,298.98670947058366,294.3613077193926,234.25745769320338,258.24827752789463
2010-03-01,231.98837964860584,246.10257070383358,218.77401751254135,162.76588627881887,232.62181168385501,234.97574020695683,257.17698212707944,243.83337887781272,204.2664209577349,166.25487463534637,316.6864724325035,222.20945889643602,276.6277284694458,192.98176665719856,205.38481742480565,209.33171463981583,330.6423929863319,310.4028547042348,316.7755278786106,239.10951773715453,256.676650323078
2010-06-01,229.7936810442736,250.5645975697645,221.18439360094436,160.96008568873341,229.32194068834244,161.0531544574032,232.28213718285951,248.82560765227777,209.36956061756268,182.16961677485511,335.692037533378,229.1337289526218,272.6442570178476,197.74568662600583,224.977886325835,227.68603904213793,361.10898554390826,334.56588613955506,349.3645382169104,252.14872835876614,276.71531076295753
2010-09-01,256.19508674574274,285.53721280390556,241.05752460594613,170.61165475771782,256.035298224608,298.5622229669269,164.9470481135876,252.3404076551365,213.87906762413834,205.576398110904,356.35513819199,236.32207178043748,300.18251678501196,201.0391577900717,241.87505857397568,243.35101314051596,381.555942261278,354.8104583014987,361.11680869316876,269.2126123825859,296.10667706283306
2010-12-01,273.743094466418,316.9630403687739,253.70469108898465,171.18534581318633,273.214944915694,359.1406150155038,267.07295199268566,281.83329804436124,224.29668971693627,182.57380178758592,374.83663020325395,245.03799084044232,310.0147829370703,209.7155307261321,256.02211112850404,256.58611065461514,443.79664731749904,360.61158453042816,374.57055539493336,299.4976245202932,309.44595410563437
2011-03-01,285.18106379234223,302.9133518831995,262.68140522795204,179.03793054944853,287.06615583096715,290.48111824581116,288.1699046691126,288.88175053285636,246.82907529962512,219.663644631015,419.41459204986415,261.2905534290375,358.18617254894093,227.42438838236922,244.53682466255225,256.13811727681707,439.33879056274236,428.75321289046946,404.64866231767036,301.83296684730215,338.45240014800765
2011-06-01,291.92582963699965,313.1873703658899,271.7728676208765,169.6356442337792,293.2636500506706,250.948228730421,244.06702182654834,296.68951754784683,254.989250105714,218.74069430881966,452.76855991994387,270.8667361414435,363.0101655491443,237.30472176668803,266.12147379343753,271.8310209881241,493.20878834295934,448.86039716487574,447.59368621093483,324.9915997730434,355.29042484840613
2011-09-01,316.33852212784745,344.6183093425158,289.40529483074783,162.93930329298783,318.7357296694888,383.96835159595184,154.88356866126588,315.7812051290109,263.965330082073,235.007519312188,472.2550112411704,282.84196958454027,398.9700149110812,241.49083571027407,286.01199144398277,292.5084821983869,493.3396275619896,470.88871628182306,497.0988403452229,341.9502584636019,380.77469659348105
2011-12-01,332.7866644769644,363.75119220499147,301.56472372264733,186.19598775351193,335.1854366330464,381.3400580180924,176.50071114028125,344.11224128572917,272.65511002876906,210.2265169096328,498.9986122963111,293.77663830517105,409.8258696790241,252.31019183246954,304.6490870490561,320.9543120071613,557.8034246184202,472.8598887162429,526.575150136578,367.27520224453303,397.5466526539673
2012-03-01,348.68566100114316,370.6644397471024,318.79360845017464,189.39091942469588,351.5155619645572,282.59528419219487,397.4552854549318,357.7891924783761,298.75344278095895,217.55721484644238,523.458176706851,321.07031497024155,473.9091369881133,277.0027198841825,306.3643769537741,315.1811903680066,558.6735737081816,542.4445751673568,535.4362264361079,381.15999158510186,435.14436467583914
2012-06-01,362.7475661588982,381.2874555767511,340.2548800901945,192.2035264362857,364.92196618529624,308.8622517465446,164.62852434511254,359.4048399405014,307.28666745357447,250.96349461784956,554.5274054640125,335.20224992561555,476.1523318010611,284.90027240673237,339.1327497013934,336.28830177965756,636.6387107605738,566.4468281500461,537.7506337810893,409.6839662639481,456.82362730351826
2012-09-01,384.5024871116417,418.6791328723315,345.923993244793,216.39208062077714,387.5057887716152,409.9459814986049,180.87929323585803,354.16230691743027,313.67329448610826,284.5695264985461,599.7979006070282,344.4714751798963,508.5077603258262,286.99710203192456,361.70076417479544,361.4866029256194,619.7248524145958,580.7615481435912,619.5475583079235,429.69670905902365,483.03723622347644
2012-12-01,403.1597401404473,420.4789912146039,362.1122245803104,240.32781568421785,408.1222007889655,440.34234762620156,262.53688389461706,400.26336892841397,323.6301782335977,244.3677941309907,614.0996564538896,353.1070374193607,523.6075735349895,302.9893736764059,379.8524373349595,390.255629009656,700.4276514901571,584.7131816556158,691.0087509858223,453.8690778771439,515.051429242228
2013-03-01,426.67886619864726,408.89215645541805,389.778380613146,275.44854219611744,434.16320963115436,365.68774859853295,333.61788759268006,402.0776768141415,366.89147660287153,314.37777128169756,685.6100954896486,394.94901659174855,581.2433900607201,331.1720095438668,380.26712374277776,389.1488559312644,694.7830434763251,654.1121884654268,641.684455422514,484.46954401590847,565.5277184454278
2013-06-01,436.2999824904661,450.141820979807,408.07450334973316,278.48355597728823,439.42887248169865,332.02314538104827,469.2059901176881,405.01698274648817,375.2875963775013,340.42168311808155,694.1395553158858,410.1209557198677,580.9319031365222,343.0480678057948,414.30804499392275,413.1818269724528,778.5406318053189,678.4254280114725,692.3460665380558,519.2969311324456,598.5481882894067
2013-09-01,476.3329325845123,509.3738458092199,432.269288587482,290.7960669424775,480.38522846622556,452.58655566725616,294.6615348939285,433.8208178686709,384.7390011214005,382.6126853410033,748.9198320289044,421.39591881662784,624.8313732055452,347.0541448596356,446.51698810495714,476.2480836086346,792.9352561077154,706.8028561707761,786.8641899713405,537.949940807286,622.121938530366
2013-12-01,520.7910362708215,514.8766860780031,475.39200349995315,334.39363062402106,528.3423252740135,643.080019728242,330.1237983330652,509.6523134723834,406.21594626891016,316.07195752445676,797.7199545944288,449.6407107320561,684.0747030382734,370.139401056026,498.8156403370229,512.4567000284611,926.3922712991804,751.8750219687196,900.3990395453495,585.8924544732112,655.9977177957805
2014-03-01,583.7948262790837,592.9411316157793,543.3566122715965,398.8035460134291,589.3982606535945,530.1482202457267,419.6657736244342,704.1554588706315,508.1439993861747,379.5424049132418,861.50642586933,557.4681666561919,812.1444425625227,432.4841596740166,492.3105131559786,506.75386041757406,922.5311485002541,825.0148342602429,826.7437624954933,630.3017336703118,741.1293129301533
2014-06-01,618.2977317117943,651.9256340594591,572.0837736980577,426.84048730573494,621.3257387900783,523.2577865153792,590.1205176773153,750.2620838976602,538.2464377639889,434.94993442167333,952.0162146363333,596.536979602383,833.7846493875335,462.25383352954896,572.9705289087341,538.6026955086934,1054.1130034855114,888.2425430495049,906.055056128327,698.3110450657659,750.1626677451843
2014-09-01,678.1936786305299,710.2948131121003,635.7550669004818,442.2448290181074,682.1854441162303,767.3429189097463,474.0210771297627,759.4673521873946,553.0092194345098,530.8714211365541,1024.7487992603083,616.1953005232498,856.2027309720006,472.9479802571923,623.8486978186811,619.4631999874236,1072.5601004201076,925.0602524286439,1064.4495159747278,735.7958826055158,813.7214297978958
2014-12-01,729.6568321539007,827.0218497702521,691.3079410819427,480.1100299620585,726.9269607366251,769.8302771307718,473.46271498956287,776.7455094461072,573.9977256763575,419.2616064440251,1044.751659435057,643.4770305172362,910.2666765126992,498.33031290768963,696.0991607286655,675.6338886332967,1280.4432143239464,999.3615031610499,1249.7753920153498,789.3861091198052,875.3871795678368
2015-03-01,756.9966805034876,760.0673625684916,698.7795864030536,492.5949761798293,765.6266779648444,542.6015901571855,596.1664554814755,793.3058470070708,644.6642182878974,481.69099361552543,1098.480167536659,772.1221196036647,1080.7979220986913,543.0620617458499,691.11522084299,659.9018496346578,1230.2902191961846,1087.6403248646773,1197.7598819070201,846.1645174417908,963.4681068091995
2015-06-01,752.1749660725158,842.8862620562247,720.3658775389298,456.20267229122123,749.8393456609183,358.3968219722419,675.3330421881672,809.1929061210946,660.4798842608838,572.6693154831058,1143.7282773737345,821.184102775544,1121.7241275190747,572.6943390692318,698.4863774074086,718.6972110251708,1428.6721368028545,1184.3846555928887,1292.4565499908058,927.5702669345275,975.2114680687395
2015-09-01,866.1969976170271,886.925948466193,806.3695232139316,471.6507029838777,875.2201107862267,830.5062767903586,630.924169902187,819.3237759238949,679.9675162716501,657.3966181329029,1299.5911028979729,885.2629394347127,1154.4684626824878,574.8899844753797,728.2218278728153,813.9082696543326,1446.5985559593219,1295.9128398575367,1365.41620295339,967.8232719132432,1061.1898362179656
2015-12-01,931.1229327522136,915.9142460598342,905.569077447913,542.7603570626529,939.8247422151858,964.2924077889492,561.6038178558388,864.4257121136623,707.9062927823586,592.268303594094,1286.8322459017986,922.2749826071291,1197.2427826194896,598.6846494098417,788.5728670422527,898.2336140207343,1681.4845217087968,1458.5105295532546,1502.02846083036,1053.6006405834542,1169.7250658290925
2016-03-01,1033.9590414676231,972.7080737350444,942.9989362732111,710.3070624426849,1053.2899757867963,872.368248399363,847.9336587438816,1153.3373629343944,880.4560963028521,766.3175257330788,1397.0741813635266,1059.6082871985163,1409.5082109338111,680.44761285889,1055.6382564271514,919.975810152836,1672.088625324899,1466.2358287488246,1595.1409551117783,1137.2877868585165,1233.3065521078597
2016-06-01,1106.1548834785697,1132.3045681802107,1069.231322898154,721.9736772800453,1111.5017040023924,849.3616914616211,1209.0672083773227,1239.708202126569,924.4851896931518,1013.3582457094116,1542.6586490417194,1173.5396298578992,1430.8186988887605,766.0822419493846,1170.6976434262795,973.4001653542247,1854.1025837171485,1622.6840496872892,1795.6849840863563,1258.3186849616059,1323.2414814983993
2016-09-01,1228.0881391404985,1212.1990050860413,1142.2494375951526,777.8122552888151,1243.609248928125,1252.8308746798532,919.6392891838444,1199.5920515437779,961.6832678714486,1154.719606004854,1669.4301344720386,1276.761572103093,1543.8901662737192,776.293975751758,1287.0928641947849,1116.2065373803307,1976.386383391215,1749.6823025901613,1952.7898919701108,1335.8936957642989,1497.9871775824893
2016-12-01,1293.1549223172153,1282.0785006814672,1211.0257918967661,777.2661134345979,1308.239393572693,1238.573871084701,958.289132940263,1251.8697489532262,981.1812644859767,1026.4399731802423,1698.401872290084,1297.5632706748627,1638.4627770048564,826.9474811771264,1369.133277426166,1227.1024539872956,2345.6102911980033,1871.8195172632547,2079.753793114007,1433.3114558566604,1493.159628229393
2017-03-01,1356.0714221559763,1313.6934898196391,1163.4882502098983,803.8176615466798,1386.9637896099077,1078.4124095963978,918.9011064846156,1441.3282325754926,1086.7563712599474,1070.502115528192,1901.7426046684943,1423.546804026535,1910.4430403876001,941.1598172532927,1422.6954668463945,1246.7306980076196,2174.287888200841,1945.4610989698863,2154.778023079179,1527.1445952203896,1612.0933755169656
2017-06-01,1356.395884552108,1424.2308400224056,1333.5476965167586,757.2080991518875,1359.9323690423805,744.7475165276858,1339.6714308778755,1421.8706680905502,1117.061790462982,1425.5613400999341,1969.2787982288853,1466.5405933438774,1942.1456162366806,1010.1968729856537,1511.078495079937,1304.351402722636,2367.821563710764,2068.700786660917,2322.9095987010214,1622.1101839988755,1757.5810524804513
2017-09-01,1541.548665648678,1503.9127649697948,1455.1509009110512,825.2330957986278,1564.8478108521363,1382.7444950709844,962.5089304830567,1474.93592882103,1140.63050873715,1733.4082263157918,2246.9285888037975,1654.4867114170524,2047.8871650139145,1025.7419429085785,1517.0333714006274,1486.280493154108,2409.709388019544,2182.0636113441274,2498.7873203697036,1703.407290155976,1950.9018096682148
2017-12-01,1618.2059299173418,1538.8642428361254,1590.5801820079032,797.7968078245906,1641.952600895172,1460.692124421655,1110.5961087267397,1616.2112104261028,1160.6086718095107,1696.23419363109,2195.502593611514,1633.0132581742753,2107.1040830167153,1086.6862527564153,1602.3305332773962,1600.161262243061,2919.1034346914807,2386.6634068942217,2635.2192290430976,1770.870578448251,1949.5523425354638
2018-03-01,1761.2558920672213,1560.5446936769888,1606.6319164874851,961.2624222802406,1809.3873523001082,1236.7812441822684,1193.1287572045892,2110.0627508535604,1495.614622529301,1451.3217413479167,2420.572836342505,1949.7286622959325,2528.64124599591,1166.3939197641007,1568.632857210837,1735.2143944861996,2660.1881180444966,2458.8641519761472,2741.898655883851,1840.6660859526862,2131.591510542612
2018-06-01,1930.8064751595093,1828.144674076127,1909.6072254931328,1106.17521301698,1953.8904423242202,1253.7004419437105,2258.3730755368583,2488.7038502306496,1690.1894956993387,1907.3388513879759,2514.8284141432573,2140.2182681808076,2417.7053561034486,1255.8547576332503,1782.2027864310617,1898.7258082384067,2965.064139214354,2750.4298186443702,2968.302638115024,2031.64498366785,2230.14407671204
2018-09-01,2194.5468901396007,1959.6097209718878,2163.9256068735376,1456.5887316978258,2230.4062160897656,1727.6183929117483,2072.6981532739705,2937.81210127175,1900.1025208479916,2690.1393080359176,2827.957538742865,2572.3846004125526,2650.350414162105,1413.120784219062,1858.0923917487614,2035.335550203304,3026.9873119091435,2695.7341810955163,3149.0446926555824,2008.278027079141,2448.6314161483547
2018-12-01,2477.513217421149,2276.252362954287,2435.8060065210684,1682.9064488043477,2510.6797832517177,1589.2265014590362,2520.8014319077843,3098.374485070655,2091.979391615015,2625.890159750623,2928.3456786009556,2980.020512634386,2742.4373243470886,1622.8002116743855,2014.527606787534,2333.6874082482755,3841.177673514225,3343.5342093358195,3456.1996001364937,2619.5529403617365,2482.6513447662765
2019-03-01,2625.838040267884,2475.6173231393263,2402.767177136462,1740.005149379115,2672.5979107801313,1745.2305202297541,2183.432939951884,3310.6926969352103,2310.9159475157203,2607.99106406989,3366.318460871542,3106.8351641392665,3533.6127287940662,1925.6258203982597,2200.8004979661996,2448.4789739126486,3630.8852238249933,3394.6993619169516,3698.8159599808782,2446.2472183051905,2642.941700457787
2019-06-01,2824.420995986231,2790.23128362642,2873.2899517301908,2183.1073976363687,2830.1637991411912,1613.1849475163883,4425.173142505035,3862.6330376037786,2566.1383844466895,3015.8826701342914,3613.8322974745242,3408.8163188210856,3452.2059570039487,2087.723992056366,2469.746782286179,2745.5449689283146,4203.607606281183,3956.9304715254398,4195.440697872272,2922.6371347284835,2913.804624737895
2019-09-01,3261.2742659037144,3243.647394935538,3208.245593220984,2712.850740286995,3274.7398556356584,2446.0217719370494,2921.4695497116336,4169.570593441496,2790.4361086858894,3158.733326295959,4255.702882119157,3927.5892567286987,3771.340519714623,2260.191455756312,2355.374273235693,3005.839579401378,4451.968275567062,4025.883579811538,4534.266793590751,2978.0112548490097,3447.030319522772
2019-12-01,3755.389474392448,4090.001542441577,3477.962306729454,3292.6438913749,3750.611041832364,2872.5851362511057,3312.2600700525327,4542.010707085878,3065.633378454085,4044.466187711679,4429.669876660794,4481.969223565428,3938.4543960974106,2590.1731440952412,3514.1563151428636,3393.3349282717872,5260.886356935616,4776.4115560039445,4892.944982997603,3891.502074550384,3692.2252690960704
2020-03-01,3953.2588496122758,3924.281128930619,3515.1348534044564,3107.8116634285507,4007.493398231823,2674.035945097845,3642.2889201425414,4558.227940254517,3673.412677257604,3064.3048945887786,5428.5013642484255,4888.018309954149,5173.908725975922,2791.7532676747423,3892.5906492601953,3457.0884150595857,4947.385084114504,4946.386352671965,5334.270605558582,3786.857562903885,3900.9618737480546
2020-06-01,3942.5912163935236,4094.26833027198,3833.791585385928,3256.5838194937205,3943.6295260888187,2603.669592143057,5662.008447952467,3149.5017712399717,3746.277236217966,3360.324083218066,4705.794512254535,5170.238162832328,5182.834477642958,2803.2539910174487,4505.367239564997,3464.7294650112385,5434.115284025163,5616.153806662531,5623.374952488431,5248.798482700745,4860.25585974699
2020-09-01,4483.346910554274,5387.507582681939,3952.6583928304026,3396.400130301342,4459.855637394971,4118.326594915667,4190.759875782947,4452.072704854457,4025.4914251520468,3462.0616960913503,5341.899946307849,5593.363015715488,5535.246804745778,2985.91803745277,3940.9922263862045,3693.9469641098467,5565.684123727366,5376.790893654164,5858.047465068633,4843.526020170765,4688.173744059504
2020-12-01,5024.49565256998,5501.574685196278,4853.187971685891,3668.373303845077,5013.379192485976,4802.526773534437,4743.24468637341,5178.665075583221,4330.4613858774355,3255.655971116746,5668.550791219352,6390.4260191661015,5596.492648080363,3236.529998976146,4066.1441789547416,4383.466816713089,6785.250278291031,6227.340932664803,6207.085898274588,5571.716909904922,4520.063580977021
2021-03-01,5634.697917113223,6527.459944014363,5061.831815434417,4400.454837842462,5624.128968091332,5173.456170928895,4453.319070304579,6178.934980699965,5411.679397433508,2926.411564553793,6854.169037529813,7168.065195444858,7204.699038567851,3759.5677047214676,4547.261437771729,4673.092627995207,6709.708972373245,6535.088918658592,6825.570350052145,5424.183246351697,4942.658220446193
2021-06-01,6404.867564259182,7136.165040378723,5826.536293425691,4733.904224750701,6410.304123627129,6164.421167756282,7972.453846416804,6596.144428423332,6114.678709572525,3464.15099455581,7286.170277556531,8038.449490782493,7376.220727153501,4179.756335374699,5300.387831906218,5324.17829518986,8356.414664342667,7655.635623391237,8120.112907059976,6554.333443840581,5948.193041092113
2021-09-01,6911.1149603440335,6895.989655492555,6404.593186447276,4883.783116843886,6988.062973260114,7154.684273230816,6267.545107950744,7924.446591893244,6474.875667892577,3783.491175876216,8372.651823778731,8827.125295144137,8076.776296089284,4431.416036852337,5297.712309909658,5834.395490957568,8911.989255222219,7908.652178556984,9060.338953374843,6802.748367408008,6679.632963319827
2021-12-01,7798.5505091577825,9144.568457399942,7314.263883090694,5487.403250147963,7749.422944749604,7227.5250087406275,6894.805542093563,8877.047615698832,6716.722369953493,3802.264973579296,8617.856275857686,9689.86896339786,8463.753607896075,5032.684430634316,6258.332374399871,6711.170982783672,11132.97880886716,9719.99792169042,10119.975438725747,7999.012886994018,7310.613629580727
2022-03-01,8650.105830876788,9612.51639314831,7654.110420803775,6024.979830537202,8688.844767414812,7731.378630850683,6570.480815638754,7735.158476820897,8492.048083417572,3959.258080078042,10716.253613912928,11044.646153015072,12051.356478823036,5565.958249492747,6630.381239554516,7214.208661449948,11394.276062238558,10339.918200640974,11259.264299152896,8059.051730593986,8076.074254270606
2022-06-01,10056.6379332052,9408.834045245781,9259.975721525123,6477.756652586866,10236.091187814376,9454.131160988287,10312.216778808082,9970.63039021195,9963.020189155299,4871.996381884116,11942.642705730417,12432.974883775565,13536.797311538916,6602.403935146903,8286.424275919282,8700.023307178133,13562.488107615309,12633.305947609877,13561.75872104071,10529.25463102484,9839.114762009653
2022-09-01,11992.343575814166,9789.745087789062,10433.325066962656,7951.432348681538,12431.163159186659,13743.576778515993,8740.802529425027,10877.310050511489,12493.124154135889,5984.302938120594,15036.115689157174,15675.139645232168,17166.141779123485,7268.616677370747,8429.478725879268,10170.66413711491,15422.690925044582,13783.167135278527,15893.369982694267,12287.410230298558,11613.121134146568
2022-12-01,14641.30849897125,15031.822607405704,13159.118936755885,9671.11830586725,14812.64715609872,15255.637856169535,10576.648638170727,14403.70331690486,13510.461756689483,6124.5575151808425,17936.097704399443,18965.979954083577,19013.46149164416,8853.62375427173,8608.660900938465,12467.830462063808,21098.65343582702,18575.27879730007,19486.340125787698,14963.135194693628,14047.68313495844
2023-03-01,17147.96868291229,16373.168748221638,15714.358505703243,10755.973545040362,17445.767087723332,15116.170184187993,10785.87945521943,18322.525291663263,16973.532958843905,9028.574494526274,23432.566705133762,21745.647773404944,26059.590854754253,10547.778976757081,9995.828377214546,13977.398323968378,23700.875590700238,21597.51221032421,22838.107579925425,15839.117736647591,16062.55422953206
2023-06-01,21575.662446122948,15366.099232994946,22402.05792276236,12978.716383900826,22213.200938365655,20531.681360516097,21562.0537956461,22556.37699654402,22093.783534266167,11755.062830564575,27090.949842369235,26565.923925243147,31407.42514376346,12795.422647924654,13093.130086105526,17700.382103594227,30919.686879331824,28333.540225126457,29604.79164429011,23038.74220359107,21831.121092240555
2023-09-01,28342.775721106336,27422.947938456327,27934.000735506008,17261.993352301517,28640.61617813877,33907.52393364315,17951.729560468797,28272.14252732169,28094.55439300774,15159.264247908644,37756.746603922635,35659.07116930595,41384.44069907586,16089.50759768726,12206.682257641945,22233.121264892277,38560.456919902615,34380.573744633315,36839.93549496935,28014.042448857203,27879.776614927603
2023-12-01,40425.005572342874,41462.254088873684,37826.337508459386,25162.514501367998,40775.25080347155,54422.24380050423,30540.941137898848,43365.441468955585,39576.45001446592,17283.58633686601,47257.01147660643,53197.93281312767,52823.526999315516,22742.2002778164,16732.20653734143,31551.795991995936,55390.458669047744,47206.73745464523,48727.57013737498,37704.506139134755,35353.03028884637
2024-03-01,63293.79562875507,68508.64127324814,62745.81213466612,51550.0344756332,62964.00751647043,50126.806223992244,47592.9424627937,74859.96211574673,69272.16297685135,37747.74287138546,73715.29447783668,85861.10264741008,89753.48268533059,37915.75271637743,83654.13874705098,41881.60907952072,68027.26796487372,62337.25015761969,69944.69783001045,50940.66262619111,46023.69294719112
2024-06-01,76709.37567871642,78159.26261680915,74240.38259069603,51831.37967933631,77030.43424929693,48701.940484181374,72789.10423462406,87456.69042723185,84464.38697043569,57970.51124287783,94315.66304745422,101654.94014994346,109510.90222907887,50391.75870365308,101795.77988621139,58493.19589033375,93973.60870192277,87376.98942598523,94975.65439466515,82686.89252404081,64719.82684009746
2024-09-01,89970.63309383119,92229.18367238184,81477.84589744275,54362.01700666153,91041.22824752309,95459.06318338298,55821.253704175535,86552.37957929073,87640.63530950747,73404.09094545557,117664.21634412008,115462.87363421208,131930.5734260025,55652.59739134197,86087.7268992416,73465.994512466,102414.84624894333,94800.15235082072,110852.04857357166,92226.06748842882,76024.17314134735
2024-12-01,98661.2473037223,99192.19941091415,91808.45495083813,55756.738550135495,99891.26020535897,102126.21583276847,62745.59423201277,93860.83187485053,84160.89602228435,90214.75832692717,127487.47230446167,122344.17262369611,135946.3928596145,62244.116396865364,91174.62519920027,93610.77440456262,124922.21545148196,113014.91275758781,122765.46549816226,106491.20643530534,84393.26270786613
2025-03-01,102241.31855316088,96163.65889811856,101104.42627585845,60029.88082449457,103645.50046196864,68445.02999832715,58129.531831299355,103977.94826646431,93309.86675879646,94874.21140219604,149324.42843752465,123005.6902844316,170073.55339121135,65639.53019105057,100818.50444769899,99779.42172056681,121514.61194451849,116548.37310325989,135160.63094208154,102967.15586245077,89381.44317396333
2025-06-01,107372.6320484262,100244.78688798618,99187.47477991895,64183.50555984272,109395.5302845111,56487.553038374026,113051.51571905945,108869.50031922999,106056.8024422309,104313.25997292256,147282.5479534646,131556.34663253155,186121.46280093567,69694.02335783967,117146.89669403913,114237.42420576673,141118.5214936958,135172.46858789527,150759.29837025018,129311.26061165507,100528.43424429295
2025-09-01,121073.75518728004,100991.46653140984,106177.21632163752,73841.60339129345,125569.09038579001,129668.25240188307,94949.57996202623,112766.41724789486,112349.50128468424,127396.68090488508,166270.99000169444,144143.28454982888,200076.87258082253,74761.62985561366,110594.72545677988,125335.71270762177,141756.4840732658,134394.11114651195,157103.337547748,136175.7615804667,110689.17123348195
2025-12-01,128027.35203923956,96813.7959217118,115166.95195368722,82755.35990697314,133442.60486251832,139819.865924928,103935.27458345193,118490.73095329454,108619.38616830803,129387.68530919442,166622.54424674506,155091.0724983533,194269.20233561654,81145.2694904381,129138.24924351307,139664.66455114115,162196.6130727359,149388.00974297224,162838.32207048315,144426.73778919867,102827.45352003476
