periodo,anio,trimestre,pbi_pesos_mm,tc_mep_promedio,obs_mep_en_trim,pbi_usd_mm,source
2004Q1,2004,1,439195.8650001726,2.906875,64,151088.6656633576,a3500
2004Q2,2004,2,509498.6632468832,2.9066666666666667,60,175286.23735557907,a3500
2004Q3,2004,3,488462.3825911835,2.98796875,64,163476.40268700384,a3500
2004Q4,2004,4,503303.8680607793,2.96484375,64,169757.29937227865,a3500
2005Q1,2005,1,510703.4270151163,2.9303225806451616,62,174282.32317776975,a3500
2005Q2,2005,2,605771.7758465102,2.8919047619047618,63,209471.55100900237,a3500
2005Q3,2005,3,590219.5591426293,2.889692307692308,65,204249.96722712507,a3500
2005Q4,2005,4,623457.9297448428,2.9834375,64,208973.01510249262,a3500
2006Q1,2006,1,643562.3795870609,3.0637499999999998,64,210057.08024057475,a3500
2006Q2,2006,2,727989.1872669109,3.067333333333333,60,237336.18363407225,a3500
2006Q3,2006,3,729299.498006196,3.08703125,64,236246.23106947687,a3500
2006Q4,2006,4,762766.0220752261,3.0795081967213114,61,247690.85625013997,a3500
2007Q1,2007,1,774387.7878412767,3.09546875,64,250168.18142366214,a3500
2007Q2,2007,2,904350.3880930806,3.0822033898305086,59,293410.3541242329,a3500
2007Q3,2007,3,914103.9674019192,3.1369841269841268,63,291395.78984122304,a3500
2007Q4,2007,4,995078.5529513356,3.145409836065574,61,316358.9499662869,a3500
2008Q1,2008,1,1032356.8732593585,3.152459016393443,61,327476.6992658391,a3500
2008Q2,2008,2,1213883.4109890296,3.1208064516129035,62,388964.6569916783,a3500
2008Q3,2008,3,1183692.2697064732,3.04671875,64,388513.7969188896,a3500
2008Q4,2008,4,1168651.80837968,3.3291935483870967,62,351031.50099094113,a3500
2009Q1,2009,1,1112307.4883262962,3.5438709677419356,62,313867.942273031,a3500
2009Q2,2009,2,1251464.7279338671,3.730508474576271,59,335467.60085460317,a3500
2009Q3,2009,3,1269734.745267083,3.830793650793651,63,331454.7482880013,a3500
2009Q4,2009,4,1358210.1141728326,3.814838709677419,62,356033.4309095029,a3500
2010Q1,2010,1,1418857.9499665094,3.8446774193548388,62,369044.7325499164,a3500
2010Q2,2010,2,1686066.954457782,3.9055000000000004,60,431716.0298189174,a3500
2010Q3,2010,3,1712834.5489382918,3.9384375,64,434902.05162283056,a3500
2010Q4,2010,4,1829124.250415744,3.9645,60,461375.7725856335,a3500
2011Q1,2011,1,1888827.151845796,4.078666666666667,60,463099.17093309807,mep
2011Q2,2011,2,2237123.835414912,4.159016393442623,61,537897.3352791078,a3500
2011Q3,2011,3,2250487.26379217,4.3189230769230775,65,521076.0237469848,mep
2011Q4,2011,4,2339658.163470233,4.493666666666667,60,520656.81258146267,mep
2012Q1,2012,1,2345559.6033526314,4.517704918032787,61,519192.7418699126,a3500
2012Q2,2012,2,2651098.0463880287,5.288448275862069,58,501299.7968588194,mep
2012Q3,2012,3,2704827.54985526,6.190806451612903,62,436910.3720163253,mep
2012Q4,2012,4,2850170.193266278,6.460163934426229,61,441191.6202432131,mep
2013Q1,2013,1,2888980.859071112,7.69438596491228,57,375466.0699691125,mep
2013Q2,2013,2,3387810.9120546845,8.588166666666666,60,394474.2857871899,mep
2013Q3,2013,3,3436546.546378202,8.578125,64,400617.44802951714,mep
2013Q4,2013,4,3679895.635404825,8.888333333333332,60,414014.13486647204,mep
2014Q1,2014,1,3917648.8611710793,10.395166666666666,60,376872.1547999307,mep
2014Q2,2014,2,4702629.524920309,10.199830508474575,59,461049.7714656247,mep
2014Q3,2014,3,4685503.118678275,11.62921875,64,402907.81516843295,mep
2014Q4,2014,4,5010564.196870732,12.51322033898305,59,400421.6389653969,mep
2015Q1,2015,1,5092693.740328637,12.069830508474576,59,421935.81233414257,mep
2015Q2,2015,2,5951478.855366601,11.977213114754099,61,496900.1384834079,mep
2015Q3,2015,3,6221730.755771598,13.4434375,64,462808.02479065326,mep
2015Q4,2015,4,6552140.231302531,14.123833333333332,60,463906.6517330658,mep
2016Q1,2016,1,7006645.045106042,14.683166666666667,60,477188.9609488899,mep
2016Q2,2016,2,8414556.482179211,14.29951612903226,62,588450.4347035328,mep
2016Q3,2016,3,8527628.82527803,15.03859375,64,567049.6169416127,mep
2016Q4,2016,4,8963807.87358243,15.52967213114754,61,577205.2235155633,mep
2017Q1,2017,1,9240877.73099836,15.750483870967741,62,586704.3709070877,mep
2017Q2,2017,2,10558208.304643149,15.797166666666667,60,668360.885684763,mep
2017Q3,2017,3,11116422.3178693,17.33796875,64,641160.5925791797,mep
2017Q4,2017,4,11725405.625723016,17.579,60,667012.0954390474,mep
2018Q1,2018,1,12457790.347179033,19.720833333333335,60,631707.0955679205,mep
2018Q2,2018,2,14431394.012697566,23.603833333333334,60,611400.4369077438,mep
2018Q3,2018,3,15276275.65339034,31.925238095238093,63,478501.541877895,mep
2018Q4,2018,4,16813782.695796333,37.32559322033898,59,450462.57125886437,mep
2019Q1,2019,1,17484108.85697476,39.14524590163935,61,446647.0564754467,mep
2019Q2,2019,2,21233558.154751204,44.078813559322036,59,481718.00554873626,mep
2019Q3,2019,3,22303884.00877951,52.853809523809524,63,421991.98524624953,mep
2019Q4,2019,4,25212225.57629694,71.13300000000001,60,354437.82177466067,mep
2020Q1,2020,1,24999988.08261283,81.89186440677966,59,305280.48498726246,mep
2020Q2,2020,2,24025361.93909904,107.54950000000001,60,223388.87618351585,mep
2020Q3,2020,3,27536379.50539245,121.42539682539683,63,226776.11294932212,mep
2020Q4,2020,4,32277527.04604609,145.6503448275862,58,221609.68505948034,mep
2021Q1,2021,1,36785109.793720186,145.64399999999998,60,252568.65915327918,mep
2021Q2,2021,2,46340281.47592878,154.69383333333332,60,299561.27194854,mep
2021Q3,2021,3,47462528.98909955,171.616875,64,276560.9674986772,mep
2021Q4,2021,4,54288413.782466695,192.60216666666665,60,281868.1363871817,mep
2022Q1,2022,1,60345325.42659544,198.05672131147543,61,304687.086744675,mep
2022Q2,2022,2,78676963.28324091,210.815593220339,59,373202.7696879604,mep
2022Q3,2022,3,87863363.94194473,286.92140625,64,306227.9844864127,mep
2022Q4,2022,4,104354529.22768565,307.798,60,339035.76120600407,mep
2023Q1,2023,1,120719556.7726799,358.7824193548387,62,336470.10070827155,mep
2023Q2,2023,2,159215855.41502434,446.3189655172414,58,356731.09976518305,mep
2023Q3,2023,3,206516399.8417453,591.72578125,64,349006.93257861206,mep
2023Q4,2023,4,283181180.08567715,894.2818644067796,59,316657.6348649594,mep
2024Q1,2024,1,423472034.4071885,1103.2856666666667,60,383828.0938486362,mep
2024Q2,2024,2,559938388.8647271,1130.503559322034,59,495299.9787108354,mep
2024Q3,2024,3,642862095.294979,1291.418,65,497795.5203466105,mep
2024Q4,2024,4,709365943.3672845,1124.7026666666668,60,630714.2006426153,mep
2025Q1,2025,1,723984891.7741555,1205.838,60,600399.7981272406,mep
2025Q2,2025,2,833779385.5021062,1198.039827586207,58,695952.9777753655,mep
2025Q3,2025,3,893277009.9832231,1348.82765625,64,662261.7840345184,mep
2025Q4,2025,4,939450203.4897724,1484.7541068965515,58,632731.1701823954,mep
