fecha,expo_valor,expo_precios,expo_cantidades,impo_valor,impo_precios,impo_cantidades,ti_nominal,ti_base100,ti_anual_b100
2004-01-01,80.6039530158,97.8631943664,82.3386309339914,85.99981646159999,94.74751423,90.7654797091399,103.28840303803292,100.0,100.0
2004-02-01,83.1230999051,98.6377912232,84.2710483728363,72.90965474660001,95.36504879,76.4531024244781,103.43180491671198,100.13883637897496,
2004-03-01,92.2348754502,98.6990144105,93.4903206931723,90.3561759779,96.68743698,93.4814178663821,102.08049514324811,98.83054838756678,
2004-04-01,105.4987717178,101.221201051,104.331205658073,88.26141263,97.87861107,90.232000130875,103.41503618048836,100.12260151065442,
2004-05-01,117.8073316596,104.3732159754,113.006773126208,95.8147403079,99.75594181,96.1159567500476,104.62857057095836,101.29750048747675,
2004-06-01,102.4080666667,101.9055829736,100.662021215719,109.0299433424,99.66544712,109.452043119077,102.24765544963924,98.99238679485592,
2004-07-01,105.3092832617,100.5637684312,104.847919538866,105.3135811132,101.9898195,103.269011769792,98.60177116128732,95.462576882886,
2004-08-01,102.2087991209,98.362305174,103.982599167642,108.6177159242,101.6999897,106.787395890253,96.71810731166671,93.63888342435996,
2004-09-01,104.1864952875,98.6739263948,105.569481293492,108.2751209411,101.4101908,106.743592339955,97.30178556650544,94.20397905723928,
2004-10-01,98.2418096715,102.093820304,96.1157511277072,105.4565015401,103.3292032,102.034682138127,98.80442037900086,95.65877433754014,
2004-11-01,105.5721379354,98.8694678516,106.622047878606,117.2247057231,103.0238107,113.78164089071,95.96758960848648,92.91226002705186,
2004-12-01,102.8053763093,96.9367118444,105.962200993687,112.740631292,101.1469861,111.483676971163,95.83746939188336,92.78628246057208,
2005-01-01,96.5222167209,96.9899385278,99.5914624747265,101.6345370667,105.2938855,96.5732315803302,92.11355252703636,89.1809243029135,97.028019
2005-02-01,90.4538131125,98.4345883554,92.0365398709186,99.8314211985,105.089439,95.0553997999001,93.66744107883191,90.68534155217952,
2005-03-01,106.0084827295,100.6754731168,105.371997654355,117.4893433689,106.1166755,110.77136861977,94.8724341791126,91.85197116870768,
2005-04-01,123.584598001,100.8358497944,122.460354118333,127.2381986578,108.4478865,117.346422564098,92.98092664479913,90.0206837456492,
2005-05-01,128.2502650246,100.3590811795,127.603867839534,132.3734804643,108.6737061,121.8052315412,92.34900030661603,89.40887610839643,
2005-06-01,119.7438760778,104.2050690261,114.735778042133,145.6136217561,108.3784074,134.348345894702,96.14928981333232,93.0881754246197,
2005-07-01,124.9778817203,103.9419803521,120.099181048623,125.5872843959,107.7301492,116.557507454675,96.4836502353048,93.41189078097908,
2005-08-01,133.18120747950002,108.8268792001,122.278440894209,140.3770369588,108.2053069,129.719257932192,100.57443790688978,97.37243964344788,
2005-09-01,120.8800074128,110.0311404477,109.822378057168,131.95204175139995,107.7645439,122.423234613132,102.10328598412042,98.85261363419848,
2005-10-01,117.9621510199,109.4395267615,107.786860534452,133.8014975014,107.6273328,124.291952473803,101.68376741702548,98.44645132095172,
2005-11-01,113.6255881706,109.0913890759,104.191533183427,144.4112907942,108.3780923,133.226668611414,100.65815586966184,97.45349226921188,
2005-12-01,126.4898990713,111.1690841626,113.821606282121,133.387544615,110.6945748,120.481378914783,100.42866541875004,97.2313081283386,
2006-01-01,110.627802134,109.1255417062,101.462209632678,124.2294867781,110.5395591,112.378030245524,98.72080420320763,95.5778202581529,101.350597
2006-02-01,107.2410353332,112.1532575667,95.7058119085113,124.3578244864,111.2032586,111.824178969785,100.8542905834416,97.6433826228342,
2006-03-01,126.6087048417,111.7212007271,113.331978458811,145.5328976138,111.8571822,130.097790784691,99.87843295332,96.69859346798371,
2006-04-01,136.2345541682,110.1109259941,123.634863599342,136.08920359310002,112.215473,121.232665193781,98.12454829121472,95.00054740422624,
2006-05-01,145.1174493205,111.9737593767,129.459625182814,151.08356166220003,111.7231348,135.190591997482,100.22432648094654,97.03347474937904,
2006-06-01,133.54263907909998,116.6153146292,114.405511217844,152.8613132535,114.1613922,133.876742808736,102.14952041308412,98.89737609310365,
2006-07-01,132.46967072,116.7941351907,113.350211187977,152.49706728860002,114.8360922,132.81360376014,101.70507629891294,98.4670817898724,
2006-08-01,147.3691906544,117.1674369731,125.71895348927,175.4022253023,115.8164746,151.500865872359,101.16646822290684,97.945621432113,
2006-09-01,140.4953542032,117.3384278361,119.730835322753,169.4482099943,115.2474332,147.085530367501,101.81435245717904,98.57287891234886,
2006-10-01,145.8965987228,117.5055038499,124.191489351026,174.0293077228,116.2045171,149.806266081282,101.11956641821456,97.90021284478593,
2006-11-01,142.64622971300005,120.0363282641,118.887237089444,173.07318348159998,115.6281504,149.70841588498,103.8123742781066,100.50728951621096,
2006-12-01,147.2029311356,121.558167886,121.12127355953,147.36609739300002,114.0673325,129.185318033738,106.56702950952234,103.17424451831457,
2007-01-01,117.6391519424,123.757389312,95.078775756276,157.7726134957,116.1776614,135.771817870897,106.5242558859082,103.13283268275892,107.485357
2007-02-01,124.503668978,124.3397541582,100.114701118142,149.20452085820003,115.7452138,128.882665911898,107.4253958984868,104.00528301219892,
2007-03-01,144.815524912,123.6028565298,117.106523125582,182.9574850213,116.6771247,156.845516217205,105.93580948074222,102.5631207036229,
2007-04-01,149.18748050620002,120.0587259006,124.214117652523,163.64588310570002,118.3194085,138.422674426476,101.47001867457782,98.23950771822318,
2007-05-01,168.5289964796,122.8684237652,137.109996954527,189.3733863499,119.3726394,158.802456579331,102.92846366032518,99.65152004763284,
2007-06-01,156.9109816942,126.9728503342,123.57588539295,191.3420650117,122.0079521,156.974868994193,104.06932347338366,100.7560581947067,
2007-07-01,160.14401673990002,128.4040842046,124.736201564148,220.5795607417,125.3093602,176.123100141456,102.46966707009013,99.20733020952862,
2007-08-01,170.8125502789,129.0080275538,132.397981930126,246.2733884448,126.7269091,194.379231503517,101.80002690036412,98.55900943969404,
2007-09-01,167.55598055660002,128.3878882416,130.465816505726,211.8785272503,124.7637307,169.797668355027,102.90481658512958,99.62862582669412,
2007-10-01,193.6888951662,138.8442226181,139.371118019529,235.264291336,124.4807394,188.926976145926,111.53871939332323,107.98765022269964,
2007-11-01,188.255059915,144.5665795295,130.055979140419,234.4100615191,122.5692254,191.139622527525,117.94688190099308,114.19179543086034,
2007-12-01,200.83389849090003,153.6891978524,130.472902840052,207.5091093347,124.0500352,167.133401326549,123.89290950592172,119.948518770594,
2008-01-01,201.9333553264,163.0377404644,123.647277703493,239.437040264,124.6129522,192.00501240146,130.83530851811406,126.66989194318144,120.548584
2008-02-01,181.3638926427,165.4898154709,109.421012678843,225.068783484,126.3545528,177.973947852114,130.972578196565,126.8027913533896,
2008-03-01,173.214351904,170.0724440647,101.731709617664,222.5891540969,129.432495,171.821039746426,131.39856731085962,127.21521821038895,
2008-04-01,202.8818154258,166.0722384567,122.077959882397,263.5515246616,135.3440597,194.595742645514,122.70375133183626,118.7972199421596,
2008-05-01,216.5780999874,165.5660032999,130.745893995917,278.0342797141,141.2574018,196.70641053604,117.20872760658408,113.4771418272634,
2008-06-01,187.6587171782,167.5617582434,111.976146121686,277.79514000470004,149.0985385,186.197846818446,112.3832332155288,108.8052771753543,
2008-07-01,243.3100033941,173.64667184860002,140.021608669472,323.2836454536,148.8005077,217.16871669323,116.69763398838192,112.98231994681088,
2008-08-01,255.6718076372,176.0304904687,145.244109125963,275.8039157411,145.0871964,190.153688137385,121.32737749193974,117.46466585146496,
2008-09-01,240.1242092329,173.5228376828,138.634282204565,283.9382393096,145.6122958,195.377595169386,119.1677095189375,115.37375543995726,
2008-10-01,210.3623006875,165.0325351049,128.108343633449,274.211312505,139.531231,197.381235945308,118.2764130454063,114.5108352598447,
2008-11-01,170.1629818356,152.3195802371,112.483303245464,223.5994306861,130.7118296,172.04089267529,116.5308302264786,112.82082673266773,
2008-12-01,146.8418442693,139.847884658,105.608353121087,184.8229025269,125.4569394,148.077871379403,111.47082443332744,107.92191684121748,
2009-01-01,128.9247017526,137.636449911,93.8545116296666,147.5623624467,120.4520709156,122.703726716429,114.26656998487056,110.62865396688848,121.611953
2009-02-01,136.9086084918,139.8924198962,97.7740362857426,142.3875047841,121.2752888129,117.292431052225,115.35113316614894,111.67868780358069,
2009-03-01,147.978010866,139.77113019290002,105.671452084591,154.42119241600005,120.3726402716,128.103842231346,116.11536465224216,112.41858837674744,
2009-04-01,175.3471356079,139.8517297132,125.227640066832,148.4474857541,122.7170281197,120.946177723474,113.96277424253344,110.3345301994552,
2009-05-01,180.5901153787,143.0659014663,126.130876149742,142.21280908120002,122.8574184465,115.792410508214,116.44872835139384,112.74133874304844,
2009-06-01,180.86564195320005,153.2823688205,117.941483783425,193.4800018707,123.1255534337,157.161411768312,124.49273489198056,120.52924745688998,
2009-07-01,170.91927709179998,149.3719503031,114.376742664698,191.8753361629,123.6290114145,155.078577778903,120.82273294436511,116.97608772194464,
2009-08-01,151.0391734128,150.5523510165,100.29793050938,174.033089405,123.6022548942,140.580293658047,121.80388710980112,117.92600478579422,
2009-09-01,157.2451825398,150.3756986804,104.525326825921,195.992227887,117.8687336913,166.04112856305,127.57895497056602,123.51721124353992,
2009-10-01,166.85899180869998,151.8179343474,109.841409907208,195.4746870902,117.697954678,165.865015242848,128.98944145864388,124.8827919346834,
2009-11-01,169.1030146642,152.47586903,110.825418943995,195.2046117098,118.7871873572,164.20721748331,128.36053485423153,124.2739078916406,
2009-12-01,166.39941815010002,157.70619662270002,105.433171148797,192.5526965429,121.4148579647,158.627767273842,129.89036042734682,125.7550282576433,
2010-01-01,152.99139071460002,162.2422642392,94.2317724880647,171.5742096253,120.1049943609,143.117049727489,135.0836949808123,130.78302210856305,125.078717
2010-02-01,137.4009390296,157.09380736010002,87.4277347580123,184.719684367,122.3022031991,151.391339734528,128.44724236436,124.35785488624803,
2010-03-01,162.68618814430002,156.02504117470002,104.240492753923,235.39134145480003,125.69280244,187.591610537983,124.13204109215344,120.18003710101456,
2010-04-01,215.45822287170003,151.5054764686,142.173466477217,219.253501337,125.6564508193,174.587554866335,120.57118872987438,116.73255194533075,
2010-05-01,225.6897067881,150.9278018308,149.529225523197,244.6150654015,133.4761399162,183.250709152224,113.0747427409548,109.47477104406224,
2010-06-01,221.0543231497,151.4392309881,145.997307999586,275.3910682699,129.96740926450002,211.861735981441,116.52092770419247,112.81123947795676,
2010-07-01,207.6764294136,153.0299345441,135.765017449385,282.84811975840006,129.091724858,219.134616704063,118.54356637687803,114.76948320444826,
2010-08-01,221.5307159697,157.0470361455,141.06407742211,286.3218043017,127.9046734149,223.910202682818,122.7844393426246,118.875339080819,
2010-09-01,221.2528780443,157.4158525175,140.470905128505,285.3309193384,125.8036017271,226.85518061312,125.12825575453316,121.14453517928663,
2010-10-01,204.7192236876,165.817222862,123.279364577895,264.68985177170003,125.0986804265,211.585639163488,132.54913824564568,128.32915830525366,
2010-11-01,205.2999410412,171.4992388403,119.493295573317,298.0851462007,125.2957865731,237.914896299449,136.8755035830706,132.51778472426398,
2010-12-01,190.3311605558,175.6311863261,108.227339848788,288.10093135,128.80553300050002,223.699464537064,136.35375921732972,132.01265118516883,
2011-01-01,179.9570851681,180.05899708150002,99.9602688872324,261.3933912187,128.4785844029,203.529009617963,140.14708981914637,135.68521314783163,138.733433
2011-02-01,187.3460743931,184.0263536038,101.901966260557,254.7150825642,131.1043700614,194.440911622291,140.36630016041042,135.8974444679183,
2011-03-01,211.6435141328,190.7891066246,111.037764852211,301.61848634480003,136.3273927782,221.530078759746,139.94920810596545,135.49363141419977,
2011-04-01,244.4329060171,187.6800328071,130.277499542365,295.8075029065,135.8446230839,218.175219011685,138.15786635234403,133.7593207840298,
2011-05-01,275.3218038647,190.6008703981,144.443922791421,346.9683495188,141.64782853090003,245.371752161192,134.5596839534473,130.27569407177265,
2011-06-01,271.29926688570004,191.8962407773,141.378577666215,358.4477360565,146.6020690902,244.753028827123,130.89599755869193,126.72864882081032,
2011-07-01,250.7748792913,191.5799448007,130.934419180427,366.6807986331,143.3341828288,255.752283466608,133.65963444290554,129.404299525949,
2011-08-01,289.05108159270003,190.3098648751,151.885637181697,410.1205909174,139.1224160245,294.574966343228,136.7930994251751,132.43800407564152,
2011-09-01,267.8710239526,190.3099066209,140.779943637876,368.2830198612001,134.40381180670002,273.772750190163,141.59561701613367,137.08762344209663,
2011-10-01,258.0567535142,189.2963878648,136.352253288571,336.9803494702,130.9312557318,257.26848578767,144.576928409329,139.97401853148295,
2011-11-01,225.3545593655,187.4609801331,120.267140667864,333.063679705,129.9414192024,256.280965543619,144.26576320603834,139.67275992534874,
2011-12-01,218.8678123056,187.8211457936,116.580606043565,320.10671842380003,132.8194470595,240.95054866871,141.41087766271195,136.90876565362478,
2012-01-01,187.3897971658,185.5848094236,101.043017318247,286.7641834722,127.7296366315,224.349729161716,145.295026524668,140.66925448655388,144.788928
2012-02-01,208.3957029006,190.11852937760003,109.648503367568,252.6134784423,132.7046015549,190.154160814783,143.26445891851597,138.70333426082988,
2012-03-01,215.1788358349,194.0292996938,110.908479314185,275.1496609177,130.86968665220002,210.0961100235,148.2614535552861,143.5412390882771,
2012-04-01,233.0520891984,195.7179253705,119.037098787413,255.0101944227,144.1498300245,176.843652063587,135.77395501419278,131.45130626542652,
2012-05-01,245.7502062822,191.9776063613,127.939609845729,320.09050573850004,144.8312618259,221.029087676521,132.55260220826776,128.33251198535729,
2012-06-01,236.7731388203,193.4747605282,122.323291366858,322.5713840118,144.39244372060003,223.427260259892,133.99230288156522,129.72637676683462,
2012-07-01,265.68164271800003,194.9014613448,136.25068513249,339.2184247192,138.7453588916,244.487006421451,140.47422047253778,136.00192891046274,
2012-08-01,258.6011205724,196.0449842255,131.869234291004,335.5591387466,129.5128484785,258.998064136582,151.3710697653637,146.55185414148164,
2012-09-01,236.1122198594,195.1597564282,120.980080576506,313.0080150124,128.7158339488,242.914929441968,151.62062851244065,146.7934676622029,
2012-10-01,239.0998024755,191.1469772496,125.085483086793,334.49947512430003,123.9341560276,269.437943216506,154.2326856262545,149.32236445698828,
2012-11-01,230.7778059841,195.4679486225,118.073306093923,308.98988787070004,128.1001200169,240.679321391254,152.58998086552322,147.73195864915874,
2012-12-01,219.0901336549,193.4725518704,113.241210819284,290.6550705274,131.4523265128,220.682735392239,147.18077420376494,142.49496543147245,
2013-01-01,186.8258152548,196.5370503832,95.0627221669595,286.46870296289995,135.4678554833,211.31161747984,145.08021086037522,140.46127792967587,135.238575
2013-02-01,170.2653002249,192.1089103093,88.6379049076803,276.65941666040004,137.8749931169,200.663138365835,139.33557200355884,134.89953170468965,
2013-03-01,213.7898495904,194.3219041011,109.99937292536,300.42018610170004,139.9490746174,214.725244154325,138.85186781859562,134.43122725739838,
2013-04-01,239.3143348011,194.3587066934,123.125335643594,331.12304132820003,145.8959915702,226.961829452372,133.2173040544993,128.9760516535878,
2013-05-01,291.2995079715,195.3116529597,149.119438888542,375.7452102947,148.36403660110005,253.315408187163,131.64352860311155,127.45238064590627,
2013-06-01,259.7218015066,193.4902680446,134.255225467864,355.1466697276,149.5764050593,237.622762360466,129.3588169657442,125.24040759746438,
2013-07-01,240.5382953366,192.820933445,124.80356833488,373.6102134753,141.6684673417,264.167481541866,136.10716418631242,131.77390702438777,
2013-08-01,249.8701643318,186.2910766292,134.143035250233,378.1943067689,144.9445850885,261.343050742509,128.52572347939372,124.43383739030982,
2013-09-01,227.1468455962,186.0737121154,122.053396414888,322.3269214925,131.8463066161,244.589467715625,141.1292563979021,136.63611039269858,
2013-10-01,209.1747781603,182.323563463,114.627753527395,365.2059621254,134.7949057353,270.507251477908,135.25998068579324,130.9536953882303,
2013-11-01,176.64053465420002,186.4421570393,94.6272957292004,325.6798237509,136.67409262770002,237.582658421204,136.41367830197936,132.070662620032,
2013-12-01,171.8160494779,184.2007902348,93.1449507434042,289.3277737584,142.5272959016,202.310090100887,129.23895669919335,125.1243633339988,
2014-01-01,148.3803900982,188.9204986592,78.458135815975,301.9945780641,138.89624528800002,217.08328723533,136.0155548247364,131.685214239059,132.550251
2014-02-01,161.30613621400002,191.9944093584,83.9536549594257,296.0508935438,138.2046840774,214.08551155934,138.92033445905182,134.4975141186939,
2014-03-01,170.51115025849998,186.5125932467,91.3882092245993,288.1616770237,145.1172765624,198.531201205329,128.52542279244065,124.43354627635684,
2014-04-01,224.8463275641,193.73827707260003,116.032313007302,302.3961988358,143.6247204273,210.48580752865,134.89201336385997,130.59744307808683,
2014-05-01,249.1406672665,194.102176708,128.343383789915,308.853472547,140.185019394,220.260950388329,138.46142586923784,134.0532158467524,
2014-06-01,250.01487600380003,197.7718810025,126.424303202783,312.6421025648,146.92239649,212.753242083021,134.6097570740081,130.32417300947327,
2014-07-01,222.7081130882,188.5088968913,118.163155899066,328.5368845056,144.7799012472,226.933845637775,130.20377501807815,126.0584646372492,
2014-08-01,222.8136855849,182.8904349885,121.844486283939,301.7679115088,138.7643790373,217.522838696307,131.79926740373256,127.60316117502693,
2014-09-01,197.3140697026,182.7978316795,107.992357816996,301.7518695635,136.82712692479998,220.643315665918,133.5976540528878,129.34429241169929,
2014-10-01,201.0903069319,174.911813057,115.017066262933,293.7426276611,137.4944095139,213.798631103715,127.21376358165114,123.16364648876257,
2014-11-01,169.6862526278,172.84259046030002,98.2255931739668,248.6574253045,136.1345860054,182.810630369924,126.96449560102523,122.92231447733226,
2014-12-01,156.2581354911,172.911766946,90.3573405630999,229.9150048809,135.5071060782,169.790738526361,127.6034681503818,123.54094399484087,
2015-01-01,131.7450045009,171.3410138469,76.7813835642652,233.2448420689,127.0883916918,183.590506699411,134.8203494953468,130.5280607791982,126.303201
2015-02-01,134.3734266495,166.39842634080003,80.5960764868512,218.3711304722,129.83963049980002,168.200306802487,128.15688530556648,124.07674195366974,
2015-03-01,152.0648081959,162.005644644,93.7225399488836,270.4615411218,129.8563630928,208.309186498101,124.7575712005926,120.78565214591836,
2015-04-01,178.9210280121,158.3711592572,112.922991286134,263.73203714640005,127.4916294803,206.917508278141,124.22082916562888,120.26599841986926,
2015-05-01,180.6644223357,155.7420757477,116.015876316696,267.47200518190004,130.23862582089998,205.423947991397,119.58209384201544,115.7749469686184,
2015-06-01,209.8514680126,157.23277197529998,133.461132397171,305.11890564730004,129.4991017536,235.658543730463,121.41611010898691,117.55057347946313,
2015-07-01,193.2763663449,155.0545084062,124.626794546779,310.1183088336,128.271877878,241.761505575626,120.87958091147075,117.03112581473488,
2015-08-01,178.24261088650002,155.35286891549998,114.719969173539,299.65928391590006,123.9230005124,241.760919202764,125.36241720515396,121.37124160879212,
2015-09-01,179.1546325504,156.26143607019998,114.653236279682,293.35817865160004,118.3077852794,247.87757522161,132.0804338456402,127.87537609329236,
2015-10-01,174.67593684460002,150.7560283571,115.910340557437,270.41770742010004,116.1276276212,232.738910517246,129.81926131209306,125.68619273190905,
2015-11-01,138.7780998428,150.42518182330002,92.3534214302954,251.2545677491,115.4095794779,217.566531959675,130.34029107792148,126.19063442187937,
2015-12-01,119.0200063292,149.99703043760002,79.4362380122675,235.4476257727,118.1190201468,199.19455752308,126.9880415966722,122.94511083680186,
2016-01-01,134.6919377661,143.39707057520002,93.9143673522488,220.443963412,113.4189753253,194.260605892058,126.43128732552825,122.40608200610252,134.236159
2016-02-01,143.7158421818,143.770038832,99.9132367724629,218.9960526222,110.9923487784,197.248450721815,129.5314861018409,125.40757944930635,
2016-03-01,153.4318470997,144.0606441353,106.472395875288,243.5970030308,110.7805680235,219.890943386126,130.0414384088916,125.90129635464268,
2016-04-01,164.4930681658,141.8519371402,115.990503070003,236.4500559236,108.7788487783,217.415219354271,130.40396982809185,126.25228582542265,
2016-05-01,186.8396326143,145.51594159459998,128.442063812778,260.5580138733,110.5453055226,235.784449955514,131.63466409240738,127.44379835550056,
2016-06-01,184.11532998,153.8046073412,119.767433117219,269.7960357666,112.1266581289,240.700330690216,137.1704195128935,132.80331138664667,
2016-07-01,173.5878998695,153.340680169,113.234521071291,252.2207036432,112.1287533211,224.985314863488,136.7541113472318,132.4002572649672,
2016-08-01,200.0398126927,156.30739105170002,127.951383722047,276.60298633580004,111.7313184147,247.553761903714,139.89577252776365,135.44189706975249,
2016-09-01,175.2518462079,157.0073725493,111.614095206662,253.4926000719,110.7026115243,228.860923232797,141.82806565031737,137.31267158627028,
2016-10-01,164.39508292640002,153.7266078426,106.946558376795,255.7127672004,109.5593953629,233.133122561875,140.3134868838974,135.84631261287976,
2016-11-01,167.8895604318,152.8271376838,109.850593706991,252.5154675729,112.5657337323,224.01535503575,135.76701596175644,131.44458813228454,
2016-12-01,161.36570720810002,151.7791590717,106.302847916214,245.6530358749,117.1434295612,209.451522402375,129.56694168869714,125.44190623315951,
2017-01-01,148.9167551414,150.4446427417,98.9616490287241,232.2510252191,112.2489078735,206.830720590174,134.0277117985371,129.76065836663707,130.224309
2017-02-01,135.33240746930002,152.3065602581,88.8487713259895,220.1176409659,118.8986292437,185.152878046756,128.09782688572935,124.01956378254884,
2017-03-01,158.4234012471,153.0512363642,103.489579645286,292.7109644994,117.9754834339,248.21640136307,129.731391564886,125.60112050247906,
2017-04-01,168.90330730440002,150.9034702943,111.92637417744,265.8787315651,118.8684255895,223.746555450171,126.95000337215686,122.90828363897856,
2017-05-01,190.6486791701,152.54521070369998,124.976333228938,324.2189118895,120.8348829912,268.409472096601,126.242693274929,122.22349224282598,
2017-06-01,179.0326191004,152.5398017695,117.397292593622,315.3347794163,119.4265401609,264.143972453228,127.72688680756173,123.6604333601034,
2017-07-01,184.0857647599,149.74679835150002,122.955863010076,323.06493491140003,117.9007990401,274.15031914416,127.01084264964877,122.96718597041404,
2017-08-01,182.9853471636,149.1512697526,122.672723486255,337.713669977,117.8125204532,286.710626146555,126.60052529123936,122.56993192606764,
2017-09-01,182.8416508334,148.8173058569,122.771413503669,319.0878773775,114.0066153588,279.739054709284,130.53392155231018,126.3781002638262,
2017-10-01,183.2684151589,151.9720625309,120.383628209834,331.9611258445,111.8150669362,296.434439550778,135.91376072565694,131.58666096871562,
2017-11-01,162.0099079048,155.3779814042,104.07252666741,329.5141408209,113.5655159534,289.593576602447,136.81792408529816,132.46203839062065,
2017-12-01,158.9006106363,158.509548098,100.143845122756,286.8806407514,118.0295683026,242.571983846774,134.29647365278748,130.02086362332153,
2018-01-01,166.9462319416,159.5072191806,104.740312115223,307.05414574590003,116.9367227397,262.41365166093,136.40472850916262,132.0619977626487,131.483951
2018-02-01,149.38386684489998,156.5443216573,95.610251565843,277.794523948,121.2165969018,229.141823984833,129.14429678645382,125.03271711820368,
2018-03-01,187.9930547514,163.735803296,114.949436318934,319.65469460670005,122.1222659441,261.744524354238,134.07530725883197,129.80673852558516,
2018-04-01,181.0401822226,166.9761976375,108.460499185462,326.42504894900003,120.5972210097,270.529489866398,138.4577490588026,134.0496560952923,
2018-05-01,179.1911723265,173.4893773167,103.274240686084,344.7317288392,124.4004741031,276.921282477981,139.46038274172196,135.0203688311163,
2018-06-01,178.1628511307,167.61196213,106.265260128455,291.9644051411,124.969561114,233.449227655621,134.12222995414112,129.8521673384325,
2018-07-01,187.9294107429,165.58542849830002,113.487891218743,330.53188767010005,123.9670746011,266.599106884062,133.57210294033243,129.3195547724253,
2018-08-01,180.536218372,156.77542259170002,115.1602686763,337.5837027966,123.7798098156,272.780828520401,126.65670017206764,122.62431836169448,
2018-09-01,174.8095970486,159.7213651891,109.451840104957,251.2753329362,123.7300804448,203.120064595537,129.08854873036057,124.97874391845085,
2018-10-01,187.3496241125,152.4182963786,122.860873386197,271.2449138426,120.8034130634,224.555242661291,126.17052160488866,122.15361830933726,
2018-11-01,185.6657398667,155.611246692,119.266365177949,233.2612598316,122.6172448237,190.211319043921,126.90812529325628,122.86773883659144,
2018-12-01,185.207845463,152.45359860690002,121.472761435855,209.4091712432,120.0125846378,174.433438294789,127.0313434770258,122.9870341109352,
2019-01-01,159.1217419157,152.9426655073,104.140974351004,225.1773135889,117.3289631341,191.853291720497,130.35371780495123,126.20363368088118,130.508851
2019-02-01,154.3621330637,153.238157076,100.849220622708,213.7431405254,119.6124040531,178.59765835565,128.1122625108115,124.0335398192166,
2019-03-01,178.2859177727,155.3234518958,114.809805026288,211.5177436582,120.6060325451,175.249049923853,128.7858066616341,124.68564027871794,
2019-04-01,185.2342626385,154.1381983265,120.059091694519,223.0641653273,117.997876456,188.884905209619,130.6279426002859,126.46912795445778,
2019-05-01,209.7548515587,149.7239742032,139.916073889465,248.3259785265,116.0401028051,213.89484773414,129.02778486388894,124.91991459716752,
2019-06-01,181.8319742356,151.3022199001,120.124834416016,223.0165921523,117.7283017286,189.420247056241,128.518136827369,124.4264922752712,
2019-07-01,203.2309660355,149.695755785,135.87004239821,262.2536695061,115.5657207865,227.115222505667,129.53300924030316,125.40905409545972,
2019-08-01,193.2465937165,149.1729486737,129.634941640203,235.2437879691,112.759506573,208.761790728362,132.2930129861167,128.08118733078263,
2019-09-01,199.4243846817,149.1952529675,133.495015961587,213.95722698,113.8386995271,187.822986765971,131.0584656951243,126.8859444432168,
2019-10-01,204.389338873,147.13387464299998,138.256024174243,220.3454793668,107.1320177632,205.098409911774,137.33884390025992,132.96637363024087,
2019-11-01,204.5135329174,148.70837432610003,136.697284276839,182.2395784193,114.108750009,158.882977158992,130.3216224122787,126.17256011237932,
2019-12-01,186.5123105253,152.1074631263,121.946691548919,167.5041374557,114.3175938268,145.718612929235,133.05691454349062,128.82076847920314,
2020-01-01,158.936976705,149.8875314506,105.827217573068,189.0161473818,109.6653392775,171.834578140726,136.67721491411314,132.32580899114663,131.261935
2020-02-01,151.9442371173,150.42352985390002,101.048699119988,170.61354703720002,116.1630070976,146.494834443101,129.4934881700457,125.37079126139992,
2020-03-01,152.10677234029998,152.2031672669,100.024083306944,168.6334633008,118.3343632625,142.170587416174,128.62127540186208,124.52634721683232,
2020-04-01,150.9481659908,143.04162498,105.460662466347,154.74536230770002,115.3970454476,133.693378248899,123.9560548757316,120.00965377505976,
2020-05-01,176.230496414,136.5356752236,128.887920590123,169.26113918829998,111.45860598,151.512187530898,122.49899774280313,118.59898511326236,
2020-06-01,166.10308541339998,141.83520067810002,116.95141694353,176.39201438240002,108.4968086194,162.394434220204,130.72753243429398,126.56554713713348,
2020-07-01,171.1392607533,141.4833821174,120.869000241725,184.4907789482,108.0274806202,170.871925681974,130.96980629847636,126.8001077044928,
2020-08-01,171.95697339560002,145.2857326611,118.30860230637,187.5608823801,110.4598616417,170.003370845034,131.52807771239577,127.34060537654398,
2020-09-01,164.0399319137,145.86537356570005,112.422397451905,220.749869066,111.2943071025,198.524703472992,131.06274468411104,126.89008720161064,
2020-10-01,162.2193581982,150.8140864418,107.497355616966,214.090839388,111.0625707785,192.74054042256,135.79200029736327,131.46877703914333,
2020-11-01,156.1939143123,153.07129775529998,101.980558613412,219.98867926980003,110.7518678773,198.608936045606,138.21103037727988,133.81079222067916,
2020-12-01,122.9995593402,151.4537864771,81.2220857696214,208.931638765,109.5137968502,190.950523531835,138.29653507883413,133.89357470064715,
2021-01-01,170.4779406007,166.2822901465,102.562455039467,205.4889303693,111.712879551247,184.634887502522,148.84791334218534,144.10902769730737,143.964746
2021-02-01,165.7231294999,171.4791321681,96.7417960185142,198.4921389306,114.543270906789,174.217383896988,149.70685821224998,144.94062625513226,
2021-03-01,198.5206912828,173.0589804425,114.795748942018,284.4342099733,121.282445768287,235.44772860049,142.69087281858853,138.14800947793412,
2021-04-01,213.20150436960003,179.1634424061,118.9799714416,249.8239366288,123.710604488767,202.61519150496,144.82464389087045,140.2138474708947,
2021-05-01,236.4441351833,185.5146154295,127.4953701148,274.85518561360004,128.378192830902,214.537042139062,144.50633034993515,139.90566810944392,
2021-06-01,243.2869410187,187.1919444614,129.8265892192,315.90326985480004,131.996742338274,239.547766355978,141.81557904033326,137.30058251371534,
2021-07-01,251.6877413168,188.8454687702,133.2770878517,305.5664989237,132.816933295293,230.081758182127,142.1847832838741,137.6580323654716,
2021-08-01,281.0823209754,188.6252637885,149.01626395629998,307.60909897,136.219019706387,225.718554833953,138.4720461174012,134.0634979770313,
2021-09-01,262.137604343,189.1642601107,138.5767079836,314.682965296,131.920969852152,238.399686983921,143.39210841362245,138.8269197664161,
2021-10-01,238.1752528438,193.205861917,123.323772321726,280.53462341150004,132.207721112492,212.122007915362,146.13810773775182,141.48549444020423,
2021-11-01,214.8739888389,188.6588050681,113.998371807694,308.250830378,134.352763240357,229.460207520326,140.4204874674513,135.94990660833972,
2021-12-01,228.6112010078,192.1604210205,119.07785587058,332.3140339639,131.388386493115,252.917784564312,146.25373379599998,141.59743930027298,
2022-01-01,194.053763,203.5553822216,95.5860580619945,280.751763,131.1898591796,214.416476932963,155.16091220353474,150.2210389935076,142.946238
2022-02-01,226.20675,209.5045687399,108.211643035856,301.462038,139.6843991247,216.412740775066,149.98422877050834,145.20916613966918,
2022-03-01,257.106151,215.030962531,119.73826190215,378.728268,141.58948076430002,268.099181291971,151.86930651222312,147.03422847606785,
2022-04-01,290.361244,223.5671125554,129.926341896527,368.324806,149.20316996890003,247.53154650986,149.84072563739795,145.07023172991018,
2022-05-01,290.182758,223.9485403644,129.562943881715,421.907412,164.9832666568,256.291694208298,135.7401540789347,131.418581453866,
2022-06-01,293.497942,226.4106991242,129.592669221758,463.348868,169.61369649850002,273.510827281842,133.48609445947795,129.23628455202817,
2022-07-01,265.721629,215.0073347045,123.573674138575,443.832431,172.302860282,257.629504713686,124.78454179611852,120.81176407594404,
2022-08-01,263.187089,210.1934980658,125.204684232492,423.315929,158.63055561689998,266.701486494207,132.50505064952736,128.28647433026558,
2022-09-01,260.088328,208.92474898780003,124.490155628933,381.940131,146.30324306030002,260.869685792107,142.80254122712105,138.25612268837014,
2022-10-01,278.39343,206.9667021291,134.496425278963,325.533319,142.12349537970002,229.000997578592,145.62455108225672,140.98828793841912,
2022-11-01,247.699396,211.997665671,116.832379301416,308.912879,134.0859720248,230.437452811474,158.1057753243492,153.07214621774276,
2022-12-01,212.060977,207.48833948260005,102.163388419621,272.056744,136.2886020914,199.839500609934,152.2418869212929,147.39494700603927,
2023-01-01,170.22465,209.2127835501,81.2714179945732,286.91681,137.5976133251,208.856751383858,152.0468113467897,147.2060820717723,137.610436
2023-02-01,182.626174,200.2769619997,91.0366332397027,268.974282,143.2284324825,188.248603921492,139.83045023143035,135.378654445787,
2023-03-01,200.294999,200.3319092537,99.8275047657241,365.893276,146.999846738,249.266985694649,136.28035246237673,131.9415814882872,
2023-04-01,201.957337,202.9623959568,99.4154147889252,326.672572,146.54183289859998,223.292353709534,138.50133572250348,134.09185508609755,
2023-05-01,217.973192,195.4692806873,111.452447338245,395.961058,148.0321043416,267.629144832864,132.04519489652975,127.84125905006778,
2023-06-01,188.578081,193.7992301657,97.3105788728297,387.71762,152.2004817382,254.652904457602,127.33154846319998,123.27768144146238,
2023-07-01,211.215975,189.7775291804,111.301653472348,361.324777,148.1617259609,243.28255823072,128.088092892818,124.01013969172638,
2023-08-01,205.976274,187.9583272068,109.59307011697,368.829522,133.1823851061,276.163324109492,141.12851865287038,136.63539613532794,
2023-09-01,200.893656,186.213524929,107.864833410683,348.601218,130.7523150596,265.690468659788,142.41700029870944,137.88285626438483,
2023-10-01,188.331647,183.1753940866,102.749420293971,312.723263,129.8148830095,239.959562711078,141.10507966424393,136.61270337608582,
2023-11-01,171.59859,186.3769128029,91.9917626583743,294.980684,131.5617831036,223.382789894105,141.66493369593138,137.15473327994764,
2023-12-01,184.12031,189.562174738,97.0304980476543,228.38839,137.0171601256,165.973683394817,138.3492217793986,133.94458400954804,
2024-01-01,187.842398,189.0193150713,99.3014513571609,246.142852,133.86193004580002,183.71446496402,141.2046838160993,136.7091364207701,135.47215699999998
2024-02-01,192.625922,186.3882642655,103.263677551385,220.165158,134.5757386221,163.643527421278,138.5006437073282,134.0911851026774,
2024-03-01,225.312209,184.5796584618,121.967551091454,231.580297,136.20961113849998,170.046922614701,135.51147890299504,131.19718663197543,
2024-04-01,225.983614,185.9655045064,121.459172821321,251.519487,134.5013807708,186.819755149269,138.26289621762214,133.8610068031654,
2024-05-01,266.07796,182.7714159558,145.507432614344,267.964602,140.7000779315,190.08182131478,129.90143192726765,125.76574727313312,
2024-06-01,227.925087,181.7516955581,125.404810564335,250.606714,149.2277032752,167.423040535951,121.79487559553236,117.91728017199084,
2024-07-01,249.393117,178.64514455410003,139.603053132214,306.187534,138.9620496819,219.561978244728,128.55678580089972,124.46391077763344,
2024-08-01,234.538548,177.6271740232,132.0664918425,261.058395,138.74370003250002,187.474709138919,128.02539789669137,123.94944072235268,
2024-09-01,241.309603,178.1453458949,135.470010025286,319.227472,129.2828322534,246.401841616353,137.7950519723511,133.40805736110772,
2024-10-01,244.064235,181.4569125183,134.493867976759,327.220516,130.261437095,251.155189620022,139.30209628039267,134.8671217514117,
2024-11-01,226.494186,182.4275116694,124.152488571764,280.632994,126.4695514133,222.160530844674,144.2461917756239,139.65381159248778,
2024-12-01,244.646236,181.2045269136,134.980034451476,286.959811,126.822416983,226.571157535304,142.88051846377417,138.33161735607686,
2025-01-01,205.283211,184.4393871944,111.356532234425,307.561312,122.803474405,250.512390220555,150.19069133673509,145.40905553688518,140.873009
2025-02-01,213.087159,183.7424988825,116.020500896281,313.524475,124.355009678,252.085162104477,147.75641074555472,143.05227537611145,
2025-03-01,230.532096,188.2243141359,122.494588869293,321.787793,128.4084395604,250.562686674969,146.5825102931526,141.91574850777576,
2025-04-01,231.642136,184.0960713348,125.794035441155,345.371078,131.14379764880002,263.382770387045,140.37726117082937,135.90805651157137,
2025-05-01,246.248414,180.0359588199,136.709577224258,346.86863,131.2662759257,264.269011787297,137.15324636908633,132.7866849859066,
2025-06-01,252.498265,180.929948792,139.499558334587,341.9468,132.08934215480002,258.802999825658,136.97543332448578,132.61453299268126,
2025-07-01,269.341119,181.0535045238,148.735840274982,366.420266,133.5116152196,274.142924584419,135.60880394264055,131.2914131247693,
2025-08-01,274.285277,178.8744994436,153.32574584479,345.518718,128.659314286,268.188048831867,139.02957623882202,134.603277957186,
2025-09-01,282.100119,178.51207278139998,158.004379880229,384.462106,127.890133147,300.922451583714,139.58236526051147,135.13846778046744,
2025-10-01,276.354557,179.8015653806,153.657649703893,382.261423,127.2038031253,300.326007117304,141.34920573364417,136.84905717982343,
2025-11-01,282.258005,176.5424692689,159.809246872504,299.287448,126.9483036512,235.826523505324,139.06642640453367,134.6389549205505,
2025-12-01,258.499525,180.2763988237,143.343190423602,297.037306,127.2977487292,233.479043377372,141.61790025619484,137.1091972484541,
2026-01-01,251.458301,188.8191467888,133.351486085928,270.346541,123.7533703484,218.747594202526,152.5769732632104,147.71936517115904,148.23409978487953
2026-02-01,206.96616,192.2869788911,107.777943868078,276.222363,129.7071036568,213.346565788095,148.24706856448196,143.52731207383883,
2026-03-01,300.022181,195.5340533286,153.456313045993,327.295137,135.9024335501,241.208836009379,143.87825752694633,139.29759130264353,
