fecha,venc_total,venc_total_local,venc_total_ext,venc_anticipos_bcra,venc_anticipos_bcra_local,venc_anticipos_bcra_ext,venc_avales,venc_avales_local,venc_avales_ext,venc_banca_comercial,venc_banca_comercial_local,venc_banca_comercial_ext,venc_bcie,venc_bcie_local,venc_bcie_ext,venc_bei,venc_bei_local,venc_bei_ext,venc_bid,venc_bid_local,venc_bid_ext,venc_bilaterales,venc_bilaterales_local,venc_bilaterales_ext,venc_birf,venc_birf_local,venc_birf_ext,venc_bocon_9_serie_2010_pr16,venc_bocon_9_serie_2010_pr16_local,venc_bocon_9_serie_2010_pr16_ext,venc_bonos,venc_bonos_local,venc_bonos_ext,venc_caf,venc_caf_local,venc_caf_ext,venc_club_de_paris,venc_club_de_paris_local,venc_club_de_paris_ext,venc_decreto_1579,venc_decreto_1579_local,venc_decreto_1579_ext,venc_decreto_977,venc_decreto_977_local,venc_decreto_977_ext,venc_fida,venc_fida_local,venc_fida_ext,venc_fmi,venc_fmi_local,venc_fmi_ext,venc_fonplata,venc_fonplata_local,venc_fonplata_ext,venc_letras_del_tesoro,venc_letras_del_tesoro_local,venc_letras_del_tesoro_ext,venc_letras_en_garantia,venc_letras_en_garantia_local,venc_letras_en_garantia_ext,venc_ofid,venc_ofid_local,venc_ofid_ext,venc_organism_oficiales_bilateral_interna,venc_organism_oficiales_bilateral_interna_local,venc_organism_oficiales_bilateral_interna_ext,venc_otros,venc_otros_local,venc_otros_ext,venc_otros_acreedores_proveedores_externa,venc_otros_acreedores_proveedores_externa_local,venc_otros_acreedores_proveedores_externa_ext,venc_otros_acreedores_proveedores_interna,venc_otros_acreedores_proveedores_interna_local,venc_otros_acreedores_proveedores_interna_ext,venc_pagares,venc_pagares_local,venc_pagares_ext,venc_prestamos_garantizados,venc_prestamos_garantizados_local,venc_prestamos_garantizados_ext,venc_titulos_publicos_bocon_9_serie_2010_pr16,venc_titulos_publicos_bocon_9_serie_2010_pr16_local,venc_titulos_publicos_bocon_9_serie_2010_pr16_ext
2007-06-01,31895.589,7505.742,24389.848,5926.285,5926.285,,,,,8.815,,8.815,,,,10.118,,10.118,3126.316,,3126.316,393.934,,393.934,2480.171,,2480.171,,,,12403.85,126.052,12277.798,56.562,,56.562,,,,1642.922,,1642.922,80.907,,80.907,0.251,,0.251,,,,20.552,,20.552,1346.953,1346.953,,,,,,,,11.754,,11.754,,,,,,,79.872,18.852,61.02,,,,4306.327,87.599,4218.728,,,
2007-09-01,31612.394,7522.904,24089.49,5819.048,5819.048,,,,,22.981,,22.981,,,,10.118,,10.118,2779.665,,2779.665,420.313,,420.313,2376.669,,2376.669,,,,12580.155,123.758,12456.396,63.532,,63.532,,,,1631.29,,1631.29,88.493,,88.493,0.334,,0.334,,,,21.337,,21.337,1476.707,1476.707,,,,,,,,0.25,,0.25,,,,,,,79.667,18.647,61.02,,,,4241.835,84.743,4157.092,,,
2007-12-01,36559.799,10641.725,25918.074,6773.579,6773.579,,,,,261.075,,261.075,,,,10.116,,10.116,2888.441,,2888.441,386.483,,386.483,2301.16,,2301.16,,,,12897.28,123.557,12773.723,93.028,,93.028,,,,1663.198,,1663.198,93.01,,93.01,0.309,,0.309,,,,23.415,,23.415,2057.072,2057.072,,,,,,,,0.167,,0.167,,,,,,,74.865,16.214,58.65,1738.872,1587.806,151.066,5297.731,83.498,5214.233,,,
2008-03-01,33873.617,9137.888,24735.729,6732.955,6732.955,,,,,266.835,,266.835,,,,10.216,,10.216,2477.425,,2477.425,401.566,,401.566,2032.693,,2032.693,,,,12328.649,125.207,12203.442,97.835,,97.835,,,,1712.661,,1712.661,94.315,,94.315,0.302,,0.302,,,,24.912,,24.912,2160.931,2160.931,,,,,,,,0.189,,0.189,,,,,,,75.191,16.541,58.65,160.569,,160.569,5296.373,102.255,5194.118,,,
2008-06-01,35846.29,21769.413,14076.878,7051.24,7051.24,,,,,277.502,258.959,18.543,,,,10.116,,10.116,2479.354,,2479.354,392.178,,392.178,1965.002,,1965.002,,,,12998.255,4051.825,8946.43,92.513,,92.513,,,,1916.383,1916.383,,100.893,100.893,,0.285,,0.285,,,,26.979,,26.979,2316.207,2316.207,,,,,,,,0.087,,0.087,,,,,,,70.252,12.927,57.325,88.065,,88.065,6060.978,6060.978,,,,
2008-09-01,35827.518,21628.909,14198.608,6803.828,6803.828,,,,,274.108,255.551,18.557,,,,10.116,,10.116,2423.381,,2423.381,412.056,,412.056,1911.894,,1911.894,,,,13015.032,3799.646,9215.387,118.185,,118.185,,,,1952.448,1952.448,,98.453,98.453,,1.142,,1.142,,,,30.478,,30.478,2850.974,2850.974,,,,,,,,0.087,,0.087,,,,,,,68.383,11.058,57.325,,,,5856.952,5856.952,,,,
2008-12-01,39951.432,26294.491,13656.94,7699.884,7699.884,,,,,458.612,439.997,18.615,,,,10.673,,10.673,2463.677,,2463.677,392.36,,392.36,1853.253,,1853.253,,,,12103.953,3660.408,8443.545,131.69,,131.69,,,,1865.578,1865.578,,90.255,90.255,,0.943,,0.943,,,,30.543,,30.543,4342.626,4246.079,96.547,,,,,,,,,,,,,,,,60.037,7.901,52.136,2190.769,2027.81,162.959,6256.58,6256.58,,,,
2009-06-01,35884.339,20796.791,15087.548,8396.102,8396.102,,,,,1237.472,1218.896,18.576,,,,10.675,,10.675,2282.478,,2282.478,329.492,,329.492,1699.967,,1699.967,,,,15351.836,5349.059,10002.777,126.314,,126.314,,,,1868.757,1868.757,,83.6,83.6,,0.403,,0.403,,,,27.904,,27.904,2988.52,2540.329,448.192,,,,,,,,,,,,,,,,55.328,4.518,50.81,89.96,,89.96,1335.531,1335.531,,,,
2009-09-01,37218.311,21224.142,15994.168,8170.7,8170.7,,,,,2495.999,2486.443,9.556,,,,10.675,,10.675,2368.69,,2368.69,588.125,,588.125,1669.669,,1669.669,,,,14913.263,4979.461,9933.802,140.727,,140.727,,,,1943.172,1943.172,,83.764,83.764,,0.504,,0.504,,,,26.941,,26.941,3426.879,2429.047,997.832,,,,,,,,,,,,,,,,160.183,4.153,156.031,91.618,,91.618,1127.402,1127.402,,,,
2009-12-01,41392.361,25146.414,16245.946,9626.316,9626.316,,,,,3134.919,3125.368,9.552,,,,10.675,,10.675,2390.969,,2390.969,635.396,,635.396,1634.818,,1634.818,,,,14931.37,4758.5,10172.87,190.828,,190.828,,,,2077.834,2077.834,,86.415,86.415,,0.456,,0.456,,,,26.563,,26.563,2912.244,1982.191,930.053,,,,,,,,,,,,,,,,154.675,2.526,152.149,2460.039,2368.421,91.618,1118.843,1118.843,,,,
2010-03-01,37672.086,21911.051,15761.035,9896.854,9896.854,,,,,3174.772,3047.839,126.933,,,,10.675,,10.675,2378.04,,2378.04,667.842,,667.842,1562.139,,1562.139,,,,14280.403,4149.794,10130.609,172.216,,172.216,,,,2142.085,2142.085,,87.066,87.066,,1.105,,1.105,,,,26.392,,26.392,1807.852,1335.891,471.961,,,,,,,,,,,,,,,,154.386,2.237,152.149,60.973,,60.973,1249.285,1249.285,,,,
2010-06-01,39546.917,22870.166,16676.751,10221.318,10221.318,,,,,3423.977,3278.679,145.298,,,,10.677,,10.677,2361.445,,2361.445,680.666,,680.666,1560.653,,1560.653,1.37,1.37,,15152.715,4445.623,10707.092,210.39,,210.39,,,,2164.199,2164.199,,88.009,88.009,,0.443,,0.443,,,,25.899,,25.899,2316.599,1516.808,799.791,,,,,,,,,,,,,,,,162.289,14.001,148.287,26.111,,26.111,1140.159,1140.159,,,,
2010-09-01,39640.665,22706.783,16933.881,10133.838,10133.838,,,,,3573.536,3342.743,230.793,,,,10.677,,10.677,2376.746,,2376.746,699.999,,699.999,1489.799,,1489.799,,,,15614.759,4474.806,11139.953,208.486,,208.486,,,,2188.249,2188.249,,89.032,89.032,,1.197,,1.197,,,,26.047,,26.047,1894.302,1337.644,556.658,,,,,,,,,,,,,,,,201.696,8.169,193.527,,,,1117.992,1117.992,,14.31,14.31,
2010-12-01,44670.515,24862.445,19808.07,11614.688,11614.688,,,,,4168.652,4012.368,156.284,,,,10.678,,10.678,2394.376,,2394.376,706.579,,706.579,1512.828,,1512.828,,,,15476.424,4582.531,10893.893,243.201,,243.201,,,,2220.472,2220.472,,93.208,93.208,,1.185,,1.185,,,,26.208,,26.208,4076.631,1337.218,2739.413,,,,,,,,,,,,,23.043,,23.043,281.135,1.555,279.58,820.802,,820.802,1000.405,1000.405,,,,
2011-03-01,41778.378,19839.474,21938.904,11045.881,11045.881,,,,,4024.795,3599.793,425.002,,,,10.678,,10.678,2375.384,,2375.384,735.352,,735.352,1486.423,,1486.423,,,,14681.897,3844.433,10837.465,247.873,,247.873,,,,2218.995,,2218.995,97.43,,97.43,2.39,,2.39,,,,26.254,,26.254,2693.366,1347.208,1346.158,,,,,,,,,,,,,23.043,,23.043,303.601,1.535,302.067,731.368,,731.368,1073.649,0.625,1073.023,,,
2011-06-01,43605.863,26616.874,16988.989,11236.01,11236.01,,,,,4644.223,4528.676,115.547,,,,10.677,,10.677,2354.812,,2354.812,749.279,,749.279,1518.062,,1518.062,,,,16198.748,6250.98,9947.768,282.039,,282.039,,,,2232.378,2232.378,,102.344,102.344,,0.52,,0.52,,,,26.597,,26.597,2350.892,1330.885,1020.007,,,,,,,,,,,,,24.017,,24.017,321.823,1.393,320.43,619.233,,619.233,934.207,934.207,,,,
2011-09-01,44936.806,27900.038,17036.768,11945.303,11945.303,,,,,4781.701,4686.314,95.386,,,,10.677,,10.677,2375.177,,2375.177,699.179,,699.179,1503.392,,1503.392,,,,16539.959,6714.42,9825.539,293.212,,293.212,,,,2223.34,2223.34,,106.255,106.255,,6.155,,6.155,,,,26.726,,26.726,2673.781,1322.118,1351.663,,,,,,,,,,319.307,1.378,317.929,,,,,,,531.733,,531.733,900.908,900.908,,,,
2011-12-01,49048.808,32477.239,16571.569,15597.119,15597.119,,,,,5219.223,5152.873,66.35,,,,10.678,,10.678,2355.677,,2355.677,773.985,,773.985,1533.85,,1533.85,,,,17451.064,7347.889,10103.175,333.478,,333.478,,,,2208.712,2208.712,,109.867,109.867,,9.064,,9.064,,,,27.66,,27.66,1928.244,1312.123,616.12,,,,,,,,,,211.087,1.289,209.798,,,,,,,531.733,,531.733,747.366,747.366,,,,
2012-03-01,55221.699,38696.099,16525.6,16117.835,16117.835,,,,,6473.67,6427.224,46.447,,,,10.678,,10.678,2375.393,,2375.393,719.873,,719.873,1523.188,,1523.188,,,,22162.406,11891.584,10270.822,340.434,,340.434,,,,2265.624,2265.624,,114.502,114.502,,11.182,,11.182,,,,27.858,,27.858,1560.886,1315.724,245.163,,,,,,,,,,423.891,1.061,422.831,,,,,,,531.733,,531.733,562.545,562.545,,,,
2012-06-01,55284.352,37640.219,17644.133,16673.294,16673.294,,,,,6243.47,6216.784,26.686,,,,10.677,,10.677,2315.122,,2315.122,706.035,,706.035,1536.809,,1536.809,,,,21048.229,10761.466,10286.763,361.114,,361.114,,,,2389.384,2389.384,,117.432,117.432,,8.987,,8.987,,,,31.332,,31.332,2670.052,960.027,1710.025,,,,,,,,,,502.655,1.028,501.627,,,,,,,148.958,,148.958,520.804,520.804,,,,
2012-09-01,56127.118,41566.427,14560.691,19210.134,19210.134,,,,,6385.773,6378.73,7.043,,,,10.677,,10.677,2317.916,,2317.916,652.692,,652.692,1558.266,,1558.266,,,,18704.928,10669.979,8034.949,373.881,,373.881,,,,2496.859,2496.859,,119.641,119.641,,7.775,,7.775,,,,26.042,,26.042,3082.871,2187.926,894.945,,,,,,,,,,528.296,0.749,527.547,,,,,,,148.958,,148.958,502.408,502.408,,,,
2012-12-01,66591.978,50385.747,16206.231,25971.94,25971.94,,,,,7073.303,7072.774,0.528,,,,10.676,,10.676,2458.609,,2458.609,386.03,,386.03,1557.764,,1557.764,,,,19089.144,10758.766,8330.378,392.081,,392.081,,,,2583.702,2583.702,,118.211,118.211,,8.158,,8.158,,,,25.915,,25.915,5711.072,3398.63,2312.442,,,,,,,,,,575.407,0.715,574.692,,,,,,,148.958,,148.958,481.01,481.01,,,,
2013-03-01,64390.583,47998.296,16392.287,24937.524,24937.524,,,,,6184.516,6183.991,0.526,,,,10.676,,10.676,2510.52,,2510.52,322.817,,322.817,1553.262,,1553.262,,,,18766.153,10596.796,8169.357,403.463,,403.463,,,,2682.687,2682.687,,116.176,116.176,,9.093,,9.093,,,,25.379,,25.379,5770.959,3102.467,2668.491,,,,,,,,,,570.12,0.375,569.745,,,,,,,148.958,,148.958,378.28,378.28,,,,
2013-06-01,65288.581,48980.894,16307.687,26870.824,26870.824,,,,,5838.714,5838.162,0.552,,,,10.676,,10.676,2515.593,,2515.593,248.066,,248.066,1560.369,,1560.369,,,,18530.863,10123.63,8407.233,416.832,,416.832,,,,2732.261,2732.261,,112.298,112.298,,8.745,,8.745,,,,25.154,,25.154,5187.407,2780.635,2406.772,,,,,,,,,,559.093,0.357,558.736,,,,,,,148.958,,148.958,522.728,522.728,,,,
2013-09-01,60986.737,46961.335,14025.403,26537.2,26537.2,,,,,5390.327,5377.613,12.714,,,,10.676,,10.676,2493.381,,2493.381,255.966,,255.966,1560.908,,1560.908,,,,16370.985,10198.19,6172.795,448.044,,448.044,,,,2728.562,2728.562,,106.695,106.695,,8.85,,8.85,,,,24.789,,24.789,3856.289,1521.876,2334.413,,,,,,,,,,553.908,,553.908,,,,,,,148.958,,148.958,491.198,491.198,,,,
2013-12-01,69217.185,48462.236,20754.949,28001.84,28001.84,,,,,5642.591,5629.878,12.714,,,,10.679,,10.679,2473.512,,2473.512,288.43,,288.43,1596.268,,1596.268,,,,23079.689,10577.657,12502.032,468.366,,468.366,,,,2598.568,2598.568,,96.886,96.886,,6.071,,6.071,,,,24.704,,24.704,3790.206,1114.945,2675.261,,,,,,,,,,547.955,,547.955,,,,,,,148.958,,148.958,442.462,442.462,,,,
2014-06-01,76546.735,41741.747,34804.988,24143.273,24143.273,,,,,4330.92,4318.233,12.687,,,,8.01,,8.01,2409.477,,2409.477,389.188,,389.188,1606.259,,1606.259,,,,33246.889,10060.806,23186.083,483.748,,483.748,3942.359,,3942.359,,,,,,,11.714,,11.714,,,,25.932,,25.932,4627.744,2575.983,2051.761,,,,,,,,,,528.811,,528.811,,,,,,,148.958,,148.958,643.452,643.452,,,,
2014-12-01,87398.026,52971.079,34426.947,29402.479,29402.479,,,,,3826.76,3801.908,24.851,,,,5.342,,5.342,2388.417,,2388.417,393.01,,393.01,1649.103,,1649.103,,,,34905.995,11208.036,23697.959,532.823,,532.823,2968.788,,2968.788,,,,,,,11.305,,11.305,,,,24.479,,24.479,9875.093,7661.288,2213.805,,,,,,,,,,517.065,,517.065,,,,,,,,,,897.367,897.367,,,,
2015-03-01,88628.315,54796.867,33831.449,29224.35,29224.35,,,,,4420.799,4395.926,24.873,,,,5.342,,5.342,2378.848,,2378.848,413.619,,413.619,1629.66,,1629.66,,,,35851.974,12294.863,23557.11,552.25,,552.25,2805.204,,2805.204,,,,,,,11.553,,11.553,,,,22.556,,22.556,9473.919,7560.392,1913.528,,,,,,,,,,516.906,,516.906,,,,,,,,,,1321.336,1321.336,,,,
2015-06-01,101544.673,55126.662,46418.011,29532.823,29532.823,,,,,4304.007,4266.925,37.082,,,,2.672,,2.672,2449.762,,2449.762,389.251,,389.251,1598.492,,1598.492,,,,47175.955,13651.657,33524.297,577.326,,577.326,4349.089,,4349.089,,,,,,,11.885,,11.885,,,,23.514,,23.514,9230.136,7675.193,1554.943,,,,,,,,,,472.938,,472.938,,,,,,,,,,1426.822,0.063,1426.759,,,
2015-09-01,105853.556,59885.452,45968.105,31037.668,31037.668,,,,,4270.65,4245.756,24.894,,,,2.672,,2.672,2458.025,,2458.025,393.881,,393.881,1583.087,,1583.087,,,,51196.389,16488.215,34708.173,604.033,,604.033,4364.484,,4364.484,,,,,,,11.904,,11.904,,,,24.363,,24.363,8023.498,6704.152,1319.347,,,,,,,,,,473.242,,473.242,,,,,,,,,,1409.661,1409.661,,,,
2015-12-01,88031.443,52883.728,35147.715,25517.109,25517.109,,,,,3828.346,3803.466,24.881,,,,,,,2533.486,,2533.486,396.422,,396.422,1563.333,,1563.333,,,,37753.504,13780.263,23973.24,642.602,,642.602,4294.922,,4294.922,,,,,,,11.694,,11.694,,,,26.941,,26.941,8943.546,7691.67,1251.876,,,,,,,,,,1281.836,853.518,428.318,,,,,,,,,,1237.702,1237.702,,,,
2016-03-01,82898.344,47270.387,35627.957,23169.452,23169.452,,,,,3381.49,3356.622,24.868,,,,,,,2534.5,,2534.5,398.119,,398.119,1571.751,,1571.751,,,,37811.954,13003.56,24808.395,662.178,,662.178,3952.881,,3952.881,,,,,,,12.061,,12.061,,,,25.03,,25.03,7745.858,6534.458,1211.4,,,,,,,,,,426.773,,426.773,,,,,,,,,,1206.295,1206.295,,,,
2016-06-01,89085.586,46968.4,42117.186,24380.027,24380.027,,,,,3238.222,3213.347,24.875,,,,,,,2541.45,,2541.45,372.361,,372.361,1561.696,,1561.696,,,,39845.014,12692.741,27152.272,694.236,,694.236,4500.308,,4500.308,,,,,,,11.868,,11.868,,,,25.751,,25.751,10243.582,5405.064,4838.517,,,,,,,,,,393.851,,393.851,,,,,,,,,,1277.221,1277.221,,,,
2016-09-01,89668.997,45683.591,43985.406,24642.771,24642.771,,,,,1999.728,1974.958,24.77,,,,,,,2499.723,,2499.723,375.985,,375.985,1548.818,,1548.818,,,,40164.172,13150.92,27013.252,715.588,,715.588,4548.246,,4548.246,,,,,,,11.975,,11.975,,,,26.359,,26.359,11411.557,4589.396,6822.161,,,,,,,,,,398.528,,398.528,,,,,,,,,,1325.546,1325.546,,,,
2016-12-01,108373.846,58884.274,49489.572,24115.153,24115.153,,,,,1373.3,1348.597,24.703,,,,,,,2507.675,,2507.675,347.206,,347.206,1548.749,,1548.749,,,,44595.632,15761.487,28834.145,761.504,,761.504,4253.937,,4253.937,,,,,,,11.313,,11.313,,,,28.156,,28.156,25935.592,15283.705,10651.887,,,,,,,,,,1833.286,1312.99,520.296,,,,,,,,,,1062.342,1062.342,,,,
2017-03-01,114923.759,61997.368,52926.39,27287.444,27287.444,,,,,1403.653,1378.947,24.706,,,,,,,2419.165,,2419.165,390.971,,390.971,1555.523,,1555.523,,,,51628.365,21449.512,30178.853,782.641,,782.641,3323.505,,3323.505,,,,,,,11.675,,11.675,,,,28.481,,28.481,24521.385,10835.399,13685.986,,,,0.376,,0.376,,,,811.285,286.778,524.507,,,,,,,,,,759.288,759.288,,,,
2017-06-01,120964.344,65996.963,54967.381,28841.763,28841.763,,,,,1017.011,992.304,24.707,,,,,,,2425.252,,2425.252,403.52,,403.52,1539.892,,1539.892,,,,51213.888,24426.833,26787.055,802.02,,802.02,5665.214,,5665.214,,,,,,,12.275,,12.275,,,,30.607,,30.607,27673.581,10926.675,16746.906,,,,0.87,,0.87,,,,794.82,265.756,529.063,,,,,,,,,,543.631,543.631,,,,
2017-09-01,121528.779,63921.602,57607.177,27267.688,27267.688,,,,,715.465,690.757,24.708,,,,,,,2411.904,,2411.904,476.121,,476.121,1518.33,,1518.33,,,,53423.532,25221.953,28201.579,831.033,,831.033,5753.368,,5753.368,,,,,,,12.61,,12.61,,,,32.288,,32.288,27762.326,9948.302,17814.024,,,,1.818,,1.818,,,,784.105,254.711,529.394,,,,,,,,,,538.191,538.191,,,,
2017-12-01,129453.821,71457.027,57996.794,25153.136,25153.136,,,,,2818.058,2793.351,24.708,0.311,,0.311,,,,2455.049,,2455.049,562.251,,562.251,1496.516,,1496.516,,,,56408.676,27696.172,28712.504,882.416,,882.416,5789.491,,5789.491,,,,,,,12.767,,12.767,,,,36.519,,36.519,31869.387,14427.557,17441.831,46.59,,46.59,3.359,,3.359,,,,1597.773,1065.292,532.481,,,,,,,,,,321.521,321.521,,,,
2018-03-01,133492.536,64415.551,69076.986,25176.113,25176.113,,,,,2580.23,2555.524,24.706,0.311,,0.311,,,,2449.466,,2449.466,660.189,,660.189,1477.385,,1477.385,,,,63373.974,24727.377,38646.597,932.376,,932.376,5944.629,,5944.629,,,,,,,13.216,,13.216,,,,35.981,,35.981,29916.721,11614.447,18302.274,46.59,,46.59,5.386,,5.386,,,,537.879,,537.879,,,,,,,,,,342.09,342.09,,,,
2018-06-01,127729.768,56046.765,71683.002,18783.717,18783.717,,,,,1803.795,1779.091,24.704,0.346,,0.346,,,,2461.07,,2461.07,684.214,,684.214,1443.895,,1443.895,,,,71862.876,27539.528,44323.347,950.031,,950.031,3850.447,,3850.447,,,,,,,12.614,,12.614,825.544,,825.544,37.255,,37.255,24321.52,7836.097,16485.423,46.59,,46.59,6.566,,6.566,,,,530.955,,530.955,,,,,,,,,,108.333,108.333,,,,
2018-09-01,114397.896,42721.357,71676.539,12292.679,12292.679,,,,,1266.254,1253.721,12.534,0.346,,0.346,2.869,,2.869,2503.412,,2503.412,834.925,,834.925,1404.065,,1404.065,,,,66107.51,20028.794,46078.715,1080.982,,1080.982,3817.485,,3817.485,,,,,,,12.804,,12.804,891.041,,891.041,36.95,,36.95,23486.933,9062.347,14424.586,46.59,,46.59,8.888,,8.888,,,,520.347,,520.347,,,,,,,,,,83.816,83.816,,,,
2018-12-01,128760.041,59061.274,69698.767,13296.816,13296.816,,,,,1361.519,1348.988,12.532,0.354,,0.354,4.551,,4.551,2519.063,,2519.063,932.4,,932.4,1400.459,,1400.459,,,,72410.782,28271.873,44138.909,1116.796,,1116.796,3815.392,,3815.392,,,,,,,12.828,,12.828,1872.981,,1872.981,45.402,,45.402,28037.188,15031.713,13005.475,292.579,,292.579,9.824,,9.824,,,,1532.23,1013.005,519.225,,,,,,,,,,98.88,98.88,,,,
2019-03-01,131470.208,50102.253,81367.955,11596.118,11596.118,,,,,1090.037,1052.778,37.259,0.354,,0.354,9.544,,9.544,2546.585,,2546.585,975.737,,975.737,1358.018,,1358.018,,,,77986.981,22845.922,55141.06,1173.389,,1173.389,3971.336,,3971.336,,,,,,,12.746,,12.746,1908.41,,1908.41,50.844,,50.844,27902.815,14527.106,13375.709,292.579,,292.579,11.187,,11.187,,,,503.2,,503.2,,,,,,,,,,80.328,80.328,,,,
2019-06-01,135870.769,54819.466,81051.303,11843.348,11843.348,,647.769,157.944,489.825,1094.156,1063.231,30.925,0.338,,0.338,9.877,,9.877,2596.897,,2596.897,972.151,,972.151,1339.865,,1339.865,,,,80420.718,26193.283,54227.435,1193.187,,1193.187,2131.543,,2131.543,,,,,,,12.871,,12.871,3134.044,,3134.044,49.154,,49.154,29983.049,15457.401,14525.648,292.579,,292.579,12.324,,12.324,,,,,,,,,,,,,45.312,12.671,32.641,91.587,91.587,,,,
2019-09-01,114099.147,45876.212,68222.935,8734.275,8734.275,,615.246,93.274,521.972,832.389,783.646,48.742,0.338,,0.338,14.27,,14.27,2543.693,,2543.693,1028.042,,1028.042,1296.104,,1296.104,,,,64165.773,23973.362,40192.411,1330.834,,1330.834,2088.264,,2088.264,,,,,,,12.452,,12.452,5040.084,,5040.084,53.23,,53.23,25937.165,12208.144,13729.021,292.579,,292.579,13.028,,13.028,,,,,,,,,,,,,28.026,10.156,17.871,73.356,73.356,,,,
2019-12-01,123970.792,55836.958,68133.835,14237.082,14237.082,,2316.352,793.271,1523.081,2718.998,2643.011,75.987,0.31,,0.31,14.487,,14.487,2486.753,,2486.753,987.336,,987.336,1252.168,,1252.168,,,,63538.624,24217.011,39321.612,1311.229,,1311.229,2116.67,,2116.67,,,,,,,12.948,,12.948,6897.342,,6897.342,58.719,,58.719,24004.568,12564.854,11439.714,603.286,,603.286,14.321,,14.321,,,,,,,,,,,,,1319.59,1301.719,17.871,80.009,80.009,,,,
2020-03-01,126488.075,54335.487,72152.588,16825.423,16825.423,,2255.795,741.383,1514.412,2371.297,2295.258,76.039,0.31,,0.31,17.975,,17.975,2422.603,,2422.603,1005.335,,1005.335,1126.912,,1126.912,,,,67722.173,26149.903,41572.27,1335.888,,1335.888,2105.276,,2105.276,,,,,,,12.753,,12.753,9616.444,,9616.444,58.3,,58.3,18912.987,8248.201,10664.785,603.286,,603.286,16.329,,16.329,,,,,,,,,,,,,14.98,11.307,3.673,64.011,64.011,,,,
2020-06-01,137325.236,54088.301,83236.935,16531.545,16531.545,,2206.582,682.489,1524.094,1720.699,1632.735,87.963,0.309,,0.309,17.996,,17.996,2406.224,,2406.224,966.896,,966.896,1057.004,,1057.004,,,,74263.848,22999.344,51264.504,1278.48,,1278.48,2314.27,,2314.27,,,,,,,12.799,,12.799,13191.321,,13191.321,70.658,,70.658,20589.159,12168.683,8420.476,603.286,,603.286,16.982,,16.982,,,,,,,,,,,,,14.708,11.035,3.673,62.47,62.47,,,,
2020-09-01,107614.027,57634.527,49979.5,18197.965,18197.965,,2160.542,635.084,1525.458,1622.913,1509.895,113.018,0.309,,0.309,22.364,,22.364,2276.961,,2276.961,957.261,,957.261,954.506,,954.506,,,,44214.977,24551.767,19663.21,1268.744,,1268.744,2410.435,,2410.435,,,,,,,13.142,,13.142,18417.506,,18417.506,73.319,,73.319,14326.279,12667.529,1658.75,603.286,,603.286,18.826,,18.826,,,,,,,,,,,,,13.257,10.852,2.406,61.435,61.435,,,,
2020-12-01,115106.815,55617.591,59489.224,14979.5,14979.5,,1948.46,578.471,1369.989,1709.605,1604.373,105.232,0.309,,0.309,22.626,,22.626,2256.816,,2256.816,930.145,,930.145,909.832,,909.832,,,,50786.317,27680.273,23106.044,1250.876,,1250.876,2476.048,,2476.048,,,,,,,13.687,,13.687,24534.229,,24534.229,75.174,,75.174,11555.574,9859.268,1696.306,719.99,,719.99,20.741,,20.741,,,,,,,,,,,,,855.76,854.579,1.181,61.127,61.127,,,,
2021-03-01,121915.052,59428.426,62486.626,15170.408,15170.408,,1888.555,532.465,1356.09,1573.87,1467.631,106.239,0.211,,0.211,22.148,,22.148,2223.883,,2223.883,910.802,,910.802,856.087,,856.087,,,,53129.104,31958.178,21170.926,1243.745,,1243.745,2381.958,,2381.958,,,,,,,13.35,,13.35,29654.092,,29654.092,77.904,,77.904,11951.528,10226.158,1725.371,719.99,,719.99,22.65,,22.65,,,,,,,,,,,,,12.228,11.047,1.181,62.54,62.54,,,,
2021-06-01,131144.842,62762.044,68382.798,15151.99,15151.99,,1836.706,514.795,1321.91,1545.515,1410.265,135.25,0.9,,0.9,22.38,,22.38,2219.731,,2219.731,880.783,,880.783,832.607,,832.607,,,,52407.734,30968.937,21438.797,1218.707,,1218.707,2323.122,,2323.122,,,,,,,17.286,,17.286,35363.508,,35363.508,80.407,,80.407,16419.262,14636.297,1782.965,719.99,,719.99,24.455,,24.455,,,,,,,,,,,,,11.974,11.974,,67.786,67.786,,,,
2021-09-01,136697.946,63300.884,73397.063,10361.567,10361.567,,1724.959,424.013,1300.946,1508.065,1367.296,140.768,0.9,,0.9,22.312,,22.312,2222.355,,2222.355,865.679,,865.679,790.222,,790.222,,,,56632.955,31081.714,25551.242,1197.431,,1197.431,2071.109,,2071.109,,,,,,,16.694,,16.694,36549.964,,36549.964,85.718,,85.718,21817.648,19981.713,1835.935,719.99,,719.99,25.798,,25.798,,,,,,,,,,,,,12.697,12.697,,71.883,71.883,,,,
2021-12-01,154646.713,79682.626,74964.087,21148.899,21148.899,,452.447,69.433,383.014,2239.309,2092.457,146.851,6.457,,6.457,24.003,,24.003,2285.051,,2285.051,928.873,,928.873,827.036,,827.036,,,,60166.942,33608.127,26558.815,1210.822,,1210.822,2040.633,,2040.633,,,,,,,15.801,,15.801,37826.16,,37826.16,94.848,,94.848,23734.136,21847.182,1886.954,697.453,,697.453,31.318,,31.318,,,,,,,,,,,,,840.653,840.653,,75.874,75.874,,,,
2022-06-01,162947.189,90993.446,71953.742,20828.977,20828.977,,453.219,135.87,317.349,1856.168,1717.047,139.121,9.913,,9.913,24.961,,24.961,2476.665,,2476.665,975.964,,975.964,1032.45,,1032.45,,,,68655.956,39523.143,29132.813,1312.922,,1312.922,,,,,,,,,,12.702,,12.702,33833.092,,33833.092,131.458,,131.458,30513.439,28691.255,1822.184,697.453,,697.453,34.697,,34.697,,,,,,,,,,,,,14.572,14.572,,82.582,82.582,,,,
2022-09-01,175661.479,87787.308,87874.171,18960.054,18960.054,,449.03,115.207,333.823,1591.261,1459.458,131.804,17.257,,17.257,41.17,,41.17,2727.512,,2727.512,1002.296,,1002.296,1261.008,,1261.008,,,,84699.229,37072.257,47626.972,1430.666,,1430.666,1671.261,,1671.261,,,,,,,12.16,,12.16,28954.591,,28954.591,151.59,,151.59,31860.87,30081.297,1779.573,697.453,,697.453,35.035,,35.035,,,,,,,,,,,,,14.855,14.855,,84.182,84.182,,,,
2022-12-01,178574.111,87497.904,91076.207,15768.798,15768.798,,428.573,95.906,332.667,2500.464,2342.934,157.53,24.652,,24.652,41.053,,41.053,3369.166,,3369.166,1211.05,,1211.05,1592.911,,1592.911,,,,90545.043,37256.619,53288.424,1520.572,,1520.572,812.932,,812.932,,,,,,,12.409,,12.409,26213.968,,26213.968,173.946,,173.946,32612.792,30918.845,1693.947,591.822,,591.822,39.159,,39.159,,,,,,,,,,,,,1031.0,1031.0,,83.801,83.801,,,,
2023-03-01,172472.135,78098.594,94373.541,13986.909,13986.909,,378.871,81.459,297.412,2146.535,1985.757,160.778,82.837,,82.837,47.301,,47.301,3430.28,,3430.28,1332.695,,1332.695,1616.242,,1616.242,,,,108432.728,48025.517,60407.212,1566.554,,1566.554,867.311,,867.311,,,,,,,13.688,,13.688,21752.236,,21752.236,180.774,,180.774,15905.84,13920.488,1985.352,591.822,,591.822,41.048,,41.048,,,,,,,,,,,,,14.769,14.769,,83.696,83.696,,,,
2023-06-01,191527.107,84448.107,107079.0,16172.593,16172.593,,366.125,66.415,299.71,1785.205,1616.831,168.374,87.091,,87.091,47.703,,47.703,3564.454,,3564.454,1289.813,,1289.813,1725.033,,1725.033,,,,135448.318,57191.617,78256.701,1612.318,,1612.318,857.1,,857.1,,,,,,,13.729,,13.729,16266.774,,16266.774,188.288,,188.288,11369.687,9300.42,2069.268,591.822,,591.822,40.823,,40.823,,,,,,,,,,,,,15.034,15.034,,85.198,85.198,,,,
2023-09-01,189523.345,79148.703,110374.642,11688.581,11688.581,,489.208,48.751,440.458,1349.205,1185.686,163.519,90.652,,90.652,49.29,,49.29,3806.945,,3806.945,1271.603,,1271.603,1805.862,,1805.862,,,,139723.91,56061.979,83661.932,1661.602,,1661.602,1061.882,,1061.882,,,,,,,15.097,,15.097,13563.823,,13563.823,186.23,,186.23,12032.681,10072.539,1960.142,591.822,,591.822,43.785,,43.785,,,,,,,,,,,,,13.674,13.674,,77.493,77.493,,,,
2023-12-01,158705.147,49400.567,109304.58,5060.425,5060.425,,469.085,6.815,462.27,1017.643,847.3,170.342,92.206,,92.206,49.955,,49.955,3890.438,,3890.438,1338.442,,1338.442,1880.529,,1880.529,,,,123788.774,38164.41,85624.364,2709.931,,2709.931,902.817,,902.817,,,,,,,14.654,,14.654,10144.747,,10144.747,186.077,,186.077,6486.231,5267.267,1218.965,574.944,,574.944,43.9,,43.9,,,,,,,,,,,,,8.152,8.152,,46.198,46.198,,,,
2024-03-01,132086.675,59891.183,72195.492,4771.426,4771.426,,456.423,0.014,456.409,964.673,798.911,165.762,104.641,,104.641,50.136,,50.136,4008.972,,4008.972,1315.455,,1315.455,1931.196,,1931.196,,,,102760.014,51799.481,50960.533,1624.876,,1624.876,826.351,,826.351,,,,,,,14.373,,14.373,8720.124,,8720.124,195.563,,195.563,3636.31,2433.776,1202.535,574.944,,574.944,43.621,,43.621,,,,,,,,,,,,,13.147,13.147,,74.428,74.428,,,,
2024-06-01,166100.777,98298.209,67802.569,4487.086,4487.086,,434.877,0.013,434.864,911.856,751.302,160.553,107.801,,107.801,52.124,,52.124,4021.307,,4021.307,1301.426,,1301.426,1953.64,,1953.64,,,,121555.319,72995.872,48559.447,1647.86,,1647.86,814.397,,814.397,,,,,,,14.185,,14.185,6726.601,,6726.601,194.699,,194.699,21151.617,19956.132,1195.486,574.944,,574.944,43.234,,43.234,,,,,,,,,,,,,16.184,16.184,,91.62,91.62,,,,
2024-09-01,171012.644,110576.221,60436.423,4213.647,4213.647,,392.992,0.012,392.98,870.75,705.519,165.231,107.025,,107.025,54.746,,54.746,4246.817,,4246.817,1279.989,,1279.989,1981.338,,1981.338,,,,114184.831,73094.703,41090.128,1603.134,,1603.134,798.643,,798.643,,,,,,,14.594,,14.594,6672.556,,6672.556,214.054,,214.054,33644.848,32447.587,1197.261,574.944,,574.944,42.985,,42.985,,,,,,,,,,,,,17.227,17.227,,97.526,97.526,,,,
2024-12-01,200016.714,140546.692,59470.022,3962.325,3962.325,,398.309,0.011,398.298,812.47,663.438,149.031,131.72,,131.72,58.323,,58.323,4346.865,,4346.865,1248.338,,1248.338,2135.428,,2135.428,,,,147228.082,106336.26,40891.822,1622.169,,1622.169,754.844,,754.844,,,,,,,12.626,,12.626,5686.654,,5686.654,218.05,,218.05,29694.519,28497.608,1196.911,576.219,,576.219,42.725,,42.725,,,,,,,,,,,,,986.316,986.316,,100.733,100.733,,,,
2025-03-01,207726.473,155953.202,51773.27,3809.662,3809.662,,416.638,0.011,416.627,789.662,637.877,151.785,123.148,,123.148,57.197,,57.197,4275.09,,4275.09,1228.133,,1228.133,2027.82,,2027.82,,,,151587.225,119134.972,32452.253,1521.765,,1521.765,695.827,,695.827,,,,,,,13.023,,13.023,6488.388,,6488.388,207.226,,207.226,33744.452,32248.199,1496.253,576.219,,576.219,42.516,,42.516,,,,,,,,,,,,,18.387,18.387,,104.095,104.095,,,,
2025-06-01,195326.897,154768.75,40558.146,3426.143,3426.143,,434.736,0.01,434.726,730.296,573.662,156.635,136.432,,136.432,58.908,,58.908,4319.425,,4319.425,1187.271,,1187.271,2202.965,,2202.965,,,,138329.843,120390.421,17939.421,1509.161,,1509.161,736.363,,736.363,,,,,,,13.326,,13.326,9329.125,,9329.125,203.109,,203.109,31971.761,30258.846,1712.915,576.219,,576.219,42.146,,42.146,,,,,,,,,,,,,17.965,17.965,,101.704,101.704,,,,
2025-09-01,194068.53,145317.961,48750.569,2993.671,2993.671,,449.098,0.009,449.089,653.532,501.25,152.282,135.05,,135.05,58.067,,58.067,4467.732,,4467.732,1169.869,,1169.869,2243.103,,2243.103,,,,131137.071,111522.46,19614.611,1446.49,,1446.49,645.161,,645.161,,,,,,,13.281,,13.281,10731.841,,10731.841,199.548,,199.548,36809.35,30002.908,6806.442,576.219,,576.219,41.785,,41.785,,,,,,,,,,,,,16.528,16.528,,281.136,281.136,,,,
2025-12-01,208734.929,155230.857,53504.071,2803.243,2803.243,,1236.577,0.008,1236.569,615.819,469.366,146.453,148.395,,148.395,58.591,,58.591,4437.868,,4437.868,1235.152,,1235.152,2328.555,,2328.555,,,,125730.772,105013.207,20717.565,1474.355,,1474.355,639.396,,639.396,,,,,,,13.046,,13.046,11622.991,,11622.991,200.013,,200.013,55278.275,46649.728,8628.547,576.219,,576.219,40.356,,40.356,,,,,,,,,,,,,16.527,16.527,,278.778,278.778,,,,
