fecha,embi_arg,vix,embi_latam,ust10y,dxy,sp500,soja,wti,tc_mayorista,itcrm,reservas_brutas,tasa_badlar,base_monetaria,ipc_var_mensual,emae,resultado_primario,spread_tasas,years_since_default,dummy_cepo,dummy_electoral
2000-01-31,593,24.950000762939453,,6.666999816894531,105.12999725341795,1394.4599609375,,,,73.08642934428838,,,,,,,,10.562628336755647,0,0
2000-02-29,545,23.3700008392334,,6.408999919891357,105.91999816894533,1366.4200439453125,,,,73.07436578423999,,,,,,,,10.642026009582478,0,0
2000-03-31,570,24.11000061035156,,6.0229997634887695,105.44000244140624,1498.5799560546875,,,,73.6615873583292,,,,,,,,10.726899383983572,0,0
2000-04-30,570,26.200000762939453,,6.214000225067139,110.13999938964844,1452.4300537109375,,,,73.0501324053105,,,,,,,,10.803559206023271,0,0
2000-05-31,703,23.649999618530277,,6.284999847412109,108.73999786376952,1420.5999755859375,,,,73.0716874408355,,,,,,,,10.89390828199863,0,0
2000-06-30,687,19.540000915527344,,6.01800012588501,106.83999633789062,1454.5999755859375,,,,73.66903146568777,,,,,,,,10.976043805612594,0,0
2000-07-31,650,20.739999771118164,,6.02899980545044,109.56999969482422,1430.8299560546875,,,,73.49583726433964,,,,,,,,11.06091718001369,0,0
2000-08-31,686,16.84000015258789,,5.729000091552734,112.5999984741211,1517.6800537109375,,33.099998474121094,,72.81099957099826,,,,,,,,11.145790554414784,0,0
2000-09-30,673,20.56999969482422,,5.777999877929688,113.25,1436.510009765625,499.0,30.86000061035156,,72.75204561922568,,,,,,,,11.225188227241617,0,0
2000-10-31,816,23.6299991607666,,5.756999969482422,116.6500015258789,1429.4000244140625,455.25,32.689998626708984,,70.79774653678626,,,,,,,,11.312799452429845,0,0
2000-11-30,855,29.649999618530277,,5.439000129699707,115.23999786376952,1314.949951171875,502.0,33.79999923706055,,71.40388184947469,,,,,,,,11.394934976043803,0,0
2000-12-31,766,26.850000381469727,,5.110000133514404,109.55999755859376,1320.280029296875,499.0,26.799999237060547,,72.846037920714,,,,,,,,11.474332648870636,0,0
2001-01-31,670,22.020000457763672,,5.178999900817871,110.5199966430664,1366.010009765625,459.75,28.700000762939453,,72.89391374014532,,,,,,,,11.564681724845997,0,0
2001-02-28,793,28.350000381469727,,4.9079999923706055,112.01000213623048,1239.93994140625,454.75,27.420000076293945,,73.05019587610111,,,,,,,,11.641341546885696,0,0
2001-03-31,945,28.63999938964844,,4.914999961853027,117.37000274658205,1160.3299560546875,436.0,26.399999618530277,,69.73908344194223,,,,,,,,11.723477070499658,0,0
2001-04-30,1042,25.479999542236328,,5.3379998207092285,115.8499984741211,1249.4599609375,422.0,28.459999084472656,,69.5153771228098,,,,,,,,11.808350444900752,0,0
2001-05-31,981,22.63999938964844,,5.413000106811523,119.06999969482422,1255.8199462890625,438.0,28.3700008392334,,69.13437282546029,,,,,,,,11.893223819301848,0,0
2001-06-30,1025,19.059999465942383,,5.389999866485596,119.43000030517578,1224.3800048828125,457.5,26.25,,68.49270487067268,,,,,,,,11.97262149212868,0,0
2001-07-31,1604,21.6200008392334,,5.037000179290772,117.18000030517578,1211.22998046875,496.25,26.350000381469727,,68.35492247341324,,,,,,,,12.060232717316904,0,0
2001-08-31,1408,24.920000076293945,,4.815999984741211,113.41999816894533,1133.5799560546875,474.5,27.200000762939453,,68.81974831260573,,,,,,,,12.145106091718,0,1
2001-09-30,1595,31.93000030517578,,4.574999809265137,113.4800033569336,1040.93994140625,460.25,23.43000030517578,,66.24376784872831,,,,,,,,12.2217659137577,0,1
2001-10-31,2136,33.560001373291016,,4.263000011444092,114.86000061035156,1059.780029296875,431.0,21.18000030517578,,66.88826796799101,,,,,,,,12.31211498973306,0,1
2001-11-30,3340,23.84000015258789,,4.74399995803833,116.12999725341795,1139.449951171875,439.5,19.440000534057617,,68.9362421198277,,,,,,,,12.394250513347025,0,1
2001-12-31,4404,23.799999237060547,,5.0320000648498535,116.75,1148.0799560546875,423.75,19.84000015258789,,69.37937223051618,,,,,,,,0.0219028062970568,0,0
2002-01-31,4352,21.09000015258789,,5.025000095367432,120.23999786376952,1130.199951171875,429.5,19.479999542236328,,138.2873491217398,,,,,,,,0.1067761806981519,0,0
2002-02-28,4098,21.59000015258789,,4.859000205993652,119.16000366210938,1106.72998046875,442.5,21.850000381469727,,143.52036822328714,,,,,,,,0.1834360027378508,0,0
2002-03-31,5043,17.399999618530273,,5.406000137329102,118.62000274658205,1147.3900146484375,473.5,26.229999542236328,,193.5534909634653,,,,,,,,0.2628336755646817,0,0
2002-04-30,4831,21.90999984741211,,5.091000080108643,115.19000244140624,1076.9200439453125,462.25,27.290000915527344,,176.14806343585215,,,,,,,,0.3504449007529089,0,0
2002-05-31,6123,19.979999542236328,,5.043000221252441,111.80999755859376,1067.1400146484375,508.75,25.350000381469727,,202.86147249246943,,,,,,,,0.4353182751540041,0,0
2002-06-30,6791,25.399999618530277,,4.823999881744385,106.11000061035156,989.8200073242188,536.5,26.86000061035156,,202.1515160848035,,,,,,,,0.5119780971937029,0,0
2002-07-31,6952,32.029998779296875,,4.465000152587891,107.41000366210938,911.6199951171876,567.5,27.020000457763672,,180.86879303248065,,,,,,,,0.6023271731690623,0,0
2002-08-31,6435,32.63999938964844,,4.13700008392334,106.9800033569336,916.0700073242188,559.0,28.979999542236328,,178.52492767757013,,,,,,,,0.6844626967830253,0,0
2002-09-30,6606,39.68999862670898,,3.607000112533569,106.87000274658205,815.280029296875,545.75,30.46999931335449,,169.9605187261714,,,,,,,,0.7693360711841205,0,0
2002-10-31,6412,31.13999938964844,,3.91100001335144,106.63999938964844,885.760009765625,565.25,27.21999931335449,,163.2254407616649,,,,,,,,0.8542094455852156,0,0
2002-11-30,6192,27.5,,4.2129998207092285,106.41000366210938,936.3099975585938,578.75,26.88999938964844,,170.24556316768175,,,,,,,,0.9336071184120466,0,0
2002-12-31,6303,28.6200008392334,,3.818000078201294,101.8499984741211,879.8200073242188,569.5,31.200000762939453,,161.97825619667262,,,,,,,,1.0212183436002735,0,0
2003-01-31,6047,31.170000076293945,,3.974999904632568,99.91000366210938,855.7000122070312,564.0,33.5099983215332,3.18,154.0480377861133,9326.0,11.4375,29492.0,,,,-6.5625,1.106091718001369,0,0
2003-02-28,6691,29.6299991607666,,3.696000099182129,99.70999908447266,841.1500244140625,577.0,36.59999847412109,3.2,153.20828220216004,10289.0,19.9375,30164.0,,,,-1.5625,1.1827515400410678,0,1
2003-03-31,6119,29.149999618530277,,3.822999954223633,99.05999755859376,848.1799926757812,574.5,31.040000915527344,2.96,145.92501855229264,10517.0,17.5,30667.0,,,,-3.77,1.267624914442163,0,1
2003-04-30,5138,21.209999084472656,,3.857000112533569,97.19000244140624,916.9199829101562,623.5,25.799999237060547,2.83,146.58292995054495,10971.0,16.125,31475.0,,,,-2.4450000000000003,1.349760438056126,0,1
2003-05-31,5252,19.46999931335449,,3.3499999046325684,93.2699966430664,963.5900268554688,624.5,29.559999465942383,2.86,149.7782420879895,11374.0,8.5625,34149.0,,,,-1.5875000000000004,1.431895961670089,0,1
2003-06-30,4554,19.520000457763672,,3.5280001163482666,94.7300033569336,974.5,621.25,30.190000534057617,2.81,148.8078764521628,12183.0,5.8125,37674.0,,,,-2.4875000000000007,1.516769336071184,0,1
2003-07-31,5046,19.489999771118164,,4.473999977111816,96.88999938964844,990.3099975585938,532.5,30.540000915527344,2.93,151.35702601576767,13484.0,2.5625,38573.0,,,,-2.3575,1.6016427104722792,0,0
2003-08-31,4884,18.6299991607666,,4.453999996185303,98.0999984741211,1008.010009765625,595.0,31.56999969482422,2.95,152.4866214156312,13584.0,3.1875,39813.0,,,,-1.2325,1.68104038329911,0,0
2003-09-30,5483,22.71999931335449,,3.937000036239624,92.8499984741211,995.969970703125,677.25,29.200000762939453,2.91,155.084660039868,13406.0,3.8125,40477.0,,,,-0.5975000000000001,1.7686516084873374,0,0
2003-10-31,5704,16.100000381469727,,4.301000118255615,92.7300033569336,1050.7099609375,794.25,29.11000061035156,2.88,152.8092722372478,12902.0,3.0,42946.0,,,,-1.4500000000000002,1.8535249828884328,0,0
2003-11-30,6260,16.31999969482422,,4.320000171661377,90.20999908447266,1058.199951171875,756.25,30.40999984741211,2.99,159.4123836265926,13483.0,3.1875,44157.0,,,,-1.0625,1.9301848049281316,0,0
2003-12-31,5631,18.309999465942383,,4.256999969482422,86.91999816894531,1111.9200439453125,789.0,32.52000045776367,2.93,159.95132745910695,14119.0,2.8125,46391.0,,,,-1.1974999999999998,2.020533880903491,0,0
2004-01-31,5764,16.6299991607666,,4.138000011444092,87.19999694824219,1131.1300048828125,819.5,33.04999923706055,2.93,159.5368480209159,14920.0,1.5,46994.0,,92.62750602691052,,-1.31,2.102669404517454,0,0
2004-02-29,5865,14.550000190734863,,3.983999967575073,87.30999755859375,1144.93994140625,942.5,36.15999984741211,2.92,159.66271535700457,15003.0,1.125,46892.0,,90.1861793165596,,-1.145,2.1793292265571527,0,0
2004-03-31,4872,16.739999771118164,,3.836999893188477,87.61000061035156,1126.2099609375,995.0,35.7599983215332,2.86,155.11822024551674,15003.0,1.6875,45633.0,,101.88329804238072,,-0.0725,2.269678302532512,0,0
2004-04-30,4628,17.190000534057617,,4.500999927520752,90.4800033569336,1107.300048828125,1034.0,37.380001068115234,2.85,151.16485227938415,15763.0,1.8125,47065.0,,102.5674302511826,,0.1825000000000001,2.351813826146475,0,0
2004-05-31,4950,15.5,,4.65500020980835,88.94999694824219,1120.6800537109375,814.0,39.880001068115234,2.96,155.0465836116107,16705.0,3.875,47650.0,,109.87750394051662,,1.355,2.43668720054757,0,0
2004-06-30,5188,14.34000015258789,,4.617000102996826,88.80000305175781,1140.8399658203125,893.0,37.04999923706055,2.96,154.07633494719587,17443.0,2.4375,48627.0,,105.66240620209852,,0.1175000000000001,2.518822724161533,0,0
2004-07-31,5036,15.31999969482422,,4.474999904632568,89.95999908447266,1101.719970703125,599.5,43.79999923706055,2.98,156.13372279167476,18068.0,4.0,47062.0,,101.1069972900212,,1.48,2.6009582477754964,0,0
2004-08-31,5258,15.289999961853027,,4.131999969482422,88.94000244140625,1104.239990234375,627.25,42.119998931884766,3.0,159.94682435779478,18076.0,4.4375,47407.0,,98.35573694243756,,0.9375,2.6885694729637235,0,0
2004-09-30,5440,13.34000015258789,,4.11899995803833,87.36000061035156,1114.5799560546875,527.0,49.63999938964844,2.98,160.49937059462133,18224.0,5.1875,47534.0,,98.08637453469638,,1.5875,2.7707049965776864,0,0
2004-10-31,5440,16.270000457763672,,4.02899980545044,84.91000366210938,1130.199951171875,527.5,51.7599983215332,2.98,161.05869533104476,18587.0,4.375,45891.0,,97.8356659809799,,1.4249999999999998,2.8501026694045173,0,0
2004-11-30,5193,13.239999771118164,,4.357999801635742,81.81999969482422,1173.8199462890625,534.75,49.130001068115234,2.95,165.00303157706492,18944.0,4.125,48675.0,,100.1319466812214,,0.7949999999999999,2.937713894592745,0,0
2004-12-31,4702,13.289999961853027,,4.216000080108643,80.8499984741211,1211.9200439453125,547.75,43.45000076293945,2.97,169.352896217811,19646.0,4.0,52477.0,,101.67895479099536,,1.5299999999999998,3.02258726899384,0,0
2005-01-31,5128,12.81999969482422,,4.132999897003174,83.5999984741211,1181.27001953125,514.75,48.20000076293945,2.93,163.05501440753957,20137.0,2.875,49363.0,,98.473359529179,,0.3349999999999999,3.1074606433949348,0,0
2005-02-28,4980,12.079999923706056,,4.359000205993652,82.51000213623047,1203.5999755859375,615.5,51.75,2.93,164.581337645315,20792.0,2.875,49664.0,,96.11886613343404,,0.1150000000000002,3.184120465434634,0,0
2005-03-31,5393,14.020000457763672,,4.495999813079834,84.05999755859375,1180.5899658203125,627.5,55.400001525878906,2.92,158.60389484732264,20339.0,3.3125,50203.0,,110.65642586719524,,0.2225000000000001,3.268993839835729,0,0
2005-04-30,6294,15.3100004196167,,4.201000213623047,84.43000030517578,1156.8499755859375,619.25,49.720001220703125,2.91,161.3017768807453,20904.0,4.6875,49845.0,,116.54519048214908,,1.4474999999999998,3.34839151266256,0,0
2005-05-31,6497,13.289999961853027,,4.00600004196167,87.76000213623047,1191.5,680.25,51.970001220703125,2.89,160.2552115475347,22103.0,5.0,52142.0,,126.66194335502726,,1.48,3.436002737850787,0,0
2005-06-30,462,12.039999961853027,,3.944999933242798,89.11000061035156,1191.3299560546875,651.75,56.5,2.89,159.90864833290098,23052.0,5.9375,51424.0,,116.50222321492876,,1.6475,3.5181382614647503,0,0
2005-07-31,412,11.56999969482422,,4.285999774932861,89.3499984741211,1234.1800537109375,671.75,60.56999969482422,2.86,157.38527966056435,25105.0,6.1875,54392.0,,107.58113926245956,,1.5875000000000004,3.597535934291581,0,0
2005-08-31,438,12.600000381469728,,4.019999980926514,87.58000183105469,1220.3299560546875,586.75,68.94000244140625,2.91,161.4542518526661,25252.0,5.5,55529.0,,105.82089279310112,,1.99,3.68788501026694,0,1
2005-09-30,349,11.920000076293944,,4.328000068664551,89.5199966430664,1228.81005859375,573.25,66.23999786376953,2.91,162.7003878728695,25614.0,6.0625,52643.0,,104.89213472672316,,2.6525,3.770020533880904,0,1
2005-10-31,370,15.31999969482422,,4.559000015258789,90.06999969482422,1207.010009765625,564.75,59.7599983215332,3.01,166.02123381746568,26548.0,6.3125,55910.0,,104.4606653849844,,3.0225,3.854893908281999,0,1
2005-11-30,495,12.0600004196167,,4.5,91.56999969482422,1249.47998046875,558.0,57.31999969482422,2.97,163.3665252518406,26525.0,7.875,55892.0,,108.00375438454834,,4.445,3.9370294318959616,0,1
2005-12-31,503,12.06999969482422,,4.394999980926514,91.16999816894533,1248.2900390625,602.0,61.040000915527344,3.03,162.46702948626336,28077.0,7.625,54710.0,,110.50332389924424,,3.805,4.0191649555099245,0,0
2006-01-31,440,12.949999809265137,,4.526999950408936,88.95999908447266,1280.0799560546875,594.25,67.91999816894531,3.06,167.11130716799144,19689.0,8.0625,59789.0,,106.53094787692405,,2.7325,4.106776180698152,0,0
2006-02-28,353,12.34000015258789,,4.546999931335449,90.11000061035156,1280.6600341796875,580.25,61.40999984741211,3.07,169.29424472361353,20532.0,7.375,57264.0,,104.0901370432872,,1.1950000000000005,4.183436002737851,0,0
2006-03-31,344,11.390000343322754,,4.853000164031982,89.7300033569336,1294.8699951171875,571.5,66.62999725341797,3.08,166.78895495210466,21549.0,8.625,59091.0,,118.58827645043104,,3.585,4.268309377138946,0,0
2006-04-30,313,11.59000015258789,,5.068999767303467,86.11000061035156,1310.6099853515625,587.25,71.87999725341797,3.04,168.27692162830104,22400.0,9.0,60535.0,,122.08710730131628,,3.6,4.344969199178645,0,0
2006-05-31,368,16.440000534057617,,5.11299991607666,84.72000122070312,1270.0899658203125,579.5,71.29000091552734,3.09,164.0761759283893,24162.0,8.9375,60197.0,,133.37101567477424,,1.4974999999999996,4.435318275154004,0,0
2006-06-30,384,13.079999923706056,,5.138000011444092,85.22000122070312,1270.199951171875,594.75,73.9800033569336,3.08,167.01138718500042,25490.0,9.125,63563.0,,124.29274775102324,,1.7249999999999996,4.517453798767967,0,0
2006-07-31,346,14.949999809265137,,4.98799991607666,85.30000305175781,1276.6600341796875,579.5,74.4000015258789,3.07,165.53568135905385,26223.0,9.4375,64693.0,,117.0456318535268,,1.6974999999999998,4.602327173169062,0,0
2006-08-31,320,12.3100004196167,,4.73199987411499,85.05000305175781,1303.8199462890625,542.25,70.26000213623047,3.1,167.3485711032546,27397.0,9.4375,65617.0,,116.30360797574892,,3.1875,4.687200547570157,0,0
2006-09-30,341,11.979999542236328,,4.632999897003174,85.97000122070312,1335.8499755859375,547.5,62.90999984741211,3.1,165.1329104337597,28048.0,9.5,69428.0,,114.80248033323907,,2.17,4.766598220396989,0,0
2006-10-31,293,11.100000381469728,,4.605999946594238,85.31999969482422,1377.93994140625,630.25,58.72999954223633,3.09,164.60113868769108,29082.0,9.5625,67893.0,,116.47750825324565,,2.4725,4.854209445585216,0,0
2006-11-30,297,10.90999984741211,,4.458000183105469,82.91999816894531,1400.6300048828125,685.5,63.130001068115234,3.07,163.40116435544022,30328.0,9.75,73039.0,,118.14078229406633,,3.01,4.936344969199179,0,0
2006-12-31,215,11.5600004196167,,4.710000038146973,83.72000122070312,1418.300048828125,683.5,61.04999923706055,3.07,162.74978388768636,32037.0,9.875,80066.0,,119.60317208093002,,6.135,5.01574264202601,0,0
2007-01-31,192,10.420000076293944,,4.826000213623047,84.61000061035156,1438.239990234375,719.5,58.13999938964844,3.11,163.0806418552255,33739.0,8.9375,76329.0,,114.70176482722368,,1.0875000000000004,5.106091718001369,0,0
2007-02-28,228,15.420000076293944,,4.550000190734863,83.56999969482422,1406.8199462890625,773.25,61.790000915527344,3.1,163.32701648416156,34936.0,8.0,75328.0,,112.74324828605302,,0.8099999999999996,5.182751540041068,0,0
2007-03-31,204,14.640000343322754,,4.6479997634887695,82.93000030517578,1420.8599853515625,761.25,65.87000274658203,3.1,164.40257695274016,36849.0,8.3125,78797.0,,129.28276498944658,,1.4924999999999995,5.264887063655031,0,0
2007-04-30,272,14.220000267028809,,4.630000114440918,81.44999694824219,1482.3699951171875,728.5,65.70999908447266,3.09,162.9190339367879,38606.0,7.6875,77733.0,,133.46308313008805,,0.5575000000000001,5.349760438056126,0,0
2007-05-31,277,13.050000190734863,,4.889999866485596,82.30000305175781,1530.6199951171875,806.25,64.01000213623047,3.08,162.1553039807035,40581.0,7.75,78517.0,,147.60791074167545,,0.3499999999999996,5.434633812457221,0,0
2007-06-30,325,16.229999542236328,,5.0329999923706055,81.91999816894531,1503.3499755859375,850.0,70.68000030517578,3.09,159.3200129971202,43157.0,8.1875,83675.0,,136.12098630494512,,0.8375000000000004,5.514031485284052,0,0
2007-07-31,449,23.520000457763672,,4.770999908447266,80.7699966430664,1455.27001953125,834.0,78.20999908447266,3.12,159.6792291174922,44202.0,9.9375,89691.0,,127.3875518979554,,1.7274999999999991,5.601642710472279,0,0
2007-08-31,450,23.3799991607666,,4.537000179290772,80.79000091552734,1473.989990234375,868.0,74.04000091552734,3.16,154.4969369956467,43160.0,11.5,87451.0,,126.59522767863,,1.66,5.686516084873374,0,1
2007-09-30,398,18.0,,4.578999996185303,77.72000122070312,1526.75,991.25,81.66000366210938,3.15,157.3292961948667,42891.0,11.75,86218.0,,123.5104632944452,,2.6099999999999994,5.763175906913073,0,1
2007-10-31,312,18.530000686645508,2.20068,4.474999904632568,76.4800033569336,1549.3800048828125,1010.0,94.52999877929688,3.15,159.43797619872947,43000.0,13.375,85147.0,,128.41538266104467,,2.4450000000000003,5.853524982888432,0,1
2007-11-30,401,22.8700008392334,2.87468,3.971999883651733,76.1500015258789,1481.1400146484375,1080.0,88.70999908447266,3.14,159.412938312645,44860.0,13.8125,89767.0,,129.73508945617357,,8.442499999999999,5.935660506502396,0,1
2007-12-31,410,22.5,2.82889,4.034999847412109,76.69999694824219,1468.3599853515625,1199.0,95.9800033569336,3.15,159.57013951265176,46166.0,13.625,98979.0,,128.89792837498598,,3.3450000000000006,6.020533880903491,0,0
2008-01-31,466,26.200000762939453,3.18018,3.638999938964844,75.18000030517578,1378.550048828125,1274.5,91.75,3.16,159.85205582420733,47660.0,8.75,94466.0,,126.22689251081432,,1.75,6.105407255304586,0,0
2008-02-29,503,26.540000915527344,3.32779,3.5339999198913574,73.70999908447266,1330.6300048828125,1522.0,101.83999633789062,3.16,161.67357877067892,49261.0,8.875,97513.0,,122.8249045091645,,0.1349999999999998,6.184804928131417,0,0
2008-03-31,581,25.61000061035156,3.55374,3.431999921798706,71.80000305175781,1322.699951171875,1197.25,101.58000183105467,3.17,156.56262072230584,50464.0,8.3125,98437.0,,132.33412728743554,,-0.1274999999999995,6.269678302532512,0,0
2008-04-30,563,20.790000915527344,3.09117,3.759000062942505,72.51000213623047,1385.5899658203125,1301.75,113.45999908447266,3.16,153.1696545819718,50247.0,9.75,98099.0,,145.28049855207212,,0.7699999999999996,6.351813826146475,0,0
2008-05-31,535,17.829999923706055,2.83111,4.046000003814697,72.87999725341797,1400.3800048828125,1363.5,127.3499984741211,3.1,152.4267217990015,48588.0,16.9375,97256.0,,154.15616391286648,,7.2875,6.433949349760438,0,0
2008-06-30,614,23.950000762939453,3.24961,3.9790000915527344,72.45999908447266,1280.0,1605.0,140.0,3.02,147.06455794692152,47516.0,16.25,102223.0,,140.50348421669764,,2.6500000000000004,6.5188227241615335,0,0
2008-07-31,612,22.940000534057617,3.37059,3.9790000915527344,73.2300033569336,1267.3800048828125,1395.75,124.08000183105467,3.03,147.92736168743818,47545.0,12.6875,97710.0,,136.63868805371584,,0.9075000000000006,6.6036960985626285,0,0
2008-08-31,671,20.649999618530277,3.51038,3.812999963760376,77.37999725341797,1282.8299560546875,1332.0,115.45999908447266,3.03,141.6415836041034,47090.0,12.1875,99090.0,,131.34092143552698,,2.2575000000000003,6.683093771389459,0,0
2008-09-30,953,39.38999938964844,4.74981,3.82699990272522,79.44999694824219,1166.3599853515625,1045.0,100.63999938964844,3.13,134.44396903929825,47121.0,12.5625,101339.0,,132.18593848988462,,0.6425000000000001,6.770704996577686,0,0
2008-10-31,1787,59.88999938964844,7.47313,3.9700000286102295,85.62999725341797,968.75,925.25,67.80999755859375,3.38,132.89822333913563,44941.0,23.0,103360.0,,130.39517884255912,,4.890000000000001,6.855578370978781,0,0
2008-11-30,1722,55.27999877929688,7.94659,2.9570000171661377,86.5199966430664,896.239990234375,883.0,54.43000030517578,3.37,127.16322900801498,46072.0,18.6875,101529.0,,125.52756329262156,,2.6075000000000017,6.93223819301848,0,0
2008-12-31,1704,40.0,7.75058,2.24399995803833,81.30999755859375,903.25,972.25,44.59999847412109,3.45,132.55201060614286,46386.0,19.75,109449.0,,123.46600579407662,,4.68,7.02258726899384,0,0
2009-01-31,1495,44.84000015258789,7.14288,2.844000101089477,86.0,825.8800048828125,980.0,41.68000030517578,3.49,130.35535749177188,47009.0,13.0625,104268.0,,116.7584192020652,,0.6325000000000003,7.104722792607803,0,0
2009-02-28,1727,46.34999847412109,7.11195,3.0409998893737797,88.01000213623047,735.0900268554688,874.5,44.7599983215332,3.56,131.87312908195327,47025.0,11.8125,102208.0,,114.85886148592792,,0.1024999999999991,7.181382614647502,0,0
2009-03-31,1894,44.13999938964844,7.23781,2.684999942779541,85.43000030517578,797.8699951171875,952.0,49.65999984741211,3.71,137.6888033217161,46509.0,12.375,97681.0,,126.16560261026108,,-0.1150000000000002,7.268993839835729,0,0
2009-04-30,1766,36.5,6.10497,3.124000072479248,84.61000061035156,872.8099975585938,1070.0,51.119998931884766,3.72,138.1631540545103,46368.0,12.75,99649.0,,127.9905588745035,,1.6899999999999995,7.351129363449692,0,1
2009-05-31,1291,28.920000076293945,5.32918,3.4649999141693115,80.43000030517578,919.1400146484376,1184.0,66.30999755859375,3.75,146.82505732725977,46545.0,12.9375,99971.0,,133.03567047814315,,0.8375000000000004,7.430527036276523,0,1
2009-06-30,1062,26.350000381469727,4.63629,3.5230000019073486,80.12999725341797,919.3200073242188,1226.25,69.88999938964844,3.8,148.7902941223012,46026.0,12.9375,103185.0,,129.31265804805898,,0.8475000000000001,7.51813826146475,0,1
2009-07-31,962,25.920000076293945,4.36646,3.500999927520752,78.3499984741211,987.47998046875,1134.0,69.44999694824219,3.83,152.0066222929258,46047.0,13.1875,101519.0,,127.3630583750141,,0.5075000000000003,7.603011635865846,0,1
2009-08-31,957,26.01000022888184,4.31934,3.401000022888184,78.16999816894531,1020.6199951171876,1100.0,69.95999908447266,3.85,150.18737909280907,45021.0,12.5,104530.0,,124.00328620894652,,0.4100000000000001,7.687885010266941,0,0
2009-09-30,784,25.61000061035156,3.72745,3.306999921798706,76.6500015258789,1057.0799560546875,927.0,70.61000061035156,3.84,151.7103085167764,45348.0,12.1875,103858.0,,126.18512812472764,,0.8574999999999999,7.770020533880904,0,0
2009-10-31,721,30.690000534057617,3.77481,3.3919999599456787,76.30000305175781,1036.18994140625,978.0,77.0,3.82,149.685385485487,46277.0,11.375,107919.0,,127.07986188269524,,0.0950000000000006,7.852156057494867,0,0
2009-11-30,766,24.51000022888184,3.81726,3.200999975204468,74.87999725341797,1095.6300048828125,1060.5,77.27999877929688,3.81,149.58517273606077,47072.0,10.0625,110925.0,,127.09219178029132,,0.0124999999999992,7.9370294318959616,0,0
2009-12-31,660,21.68000030517578,3.39051,3.8429999351501465,77.86000061035156,1115.0999755859375,1039.75,79.36000061035156,3.8,143.61536065997254,47967.0,10.0,122350.0,,126.28656380555832,,0.6099999999999994,8.021902806297057,0,0
2010-01-31,753,24.6200008392334,3.69005,3.608999967575073,79.45999908447266,1073.8699951171875,914.0,72.88999938964844,3.82,137.20164249219508,48129.0,9.75,121318.0,,121.50567852923164,,0.5199999999999996,8.101300479123887,0,0
2010-02-28,806,19.5,3.56241,3.595000028610229,80.36000061035156,1104.489990234375,951.0,79.66000366210938,3.86,134.62922152663015,47758.0,9.5,116460.0,,119.82280209203972,,0.8100000000000005,8.177960301163587,0,0
2010-03-31,646,17.59000015258789,3.08009,3.8329999446868896,81.06999969482422,1169.4300537109375,941.0,83.76000213623047,3.88,132.9635184219845,47460.0,9.375,122613.0,,136.89550162046118,,0.4250000000000007,8.268309377138946,0,0
2010-04-30,659,22.049999237060547,3.1915,3.663000106811523,81.87000274658203,1186.68994140625,989.5,86.1500015258789,3.89,132.8480587110612,48067.0,9.25,119478.0,,145.77413149301782,,0.4800000000000004,8.350444900752908,0,0
2010-05-31,807,32.06999969482422,3.93392,3.3010001182556152,86.4800033569336,1089.4100341796875,937.75,73.97000122070312,3.93,127.34384967593184,49000.0,9.75,121601.0,,158.1106315304388,,0.7699999999999996,8.435318275154003,0,0
2010-06-30,821,34.540000915527344,4.03151,2.950999975204468,86.0199966430664,1030.7099609375,948.5,75.62999725341797,3.93,126.57950815573928,49240.0,10.3125,127163.0,,149.86155200805445,,1.0024999999999995,8.517453798767967,0,0
2010-07-31,707,23.5,3.56671,2.907000064849853,81.54000091552734,1101.5999755859375,1052.5,78.94999694824219,3.94,128.5313112075697,51073.0,10.4375,134066.0,,139.50568662872732,,1.0374999999999996,8.59958932238193,0,0
2010-08-31,760,26.049999237060547,3.75632,2.476999998092652,83.19999694824219,1049.3299560546875,1008.0,71.91999816894531,3.95,127.3020085511594,50348.0,10.375,136232.0,,137.24598068715568,,1.0649999999999995,8.687200547570157,0,0
2010-09-30,675,23.700000762939453,3.5071,2.5169999599456787,78.72000122070312,1141.199951171875,1106.75,79.97000122070312,3.96,130.3472605655798,51125.0,10.4375,139804.0,,136.69642672162283,,0.8175000000000008,8.76933607118412,0,0
2010-10-31,528,21.200000762939453,3.11894,2.611999988555908,77.2699966430664,1183.260009765625,1226.0,81.43000030517578,3.96,127.2761134660465,51918.0,10.875,140516.0,,135.13884450692316,,1.1549999999999994,8.848733744010952,0,0
2010-11-30,582,23.540000915527344,3.49535,2.796999931335449,81.19999694824219,1180.550048828125,1243.0,84.11000061035156,3.98,124.23556923886144,51896.0,10.9375,145515.0,,139.59882328372225,,0.8874999999999993,8.936344969199178,0,0
2010-12-31,496,17.75,3.18023,3.305000066757202,79.02999877929688,1257.6400146484375,1393.75,91.37999725341795,3.98,125.46066245334404,52145.0,11.25,160408.0,,138.47764951271685,,1.1899999999999995,9.021218343600276,0,0
2011-01-31,552,19.530000686645508,3.1579,3.378000020980835,77.73999786376953,1286.1199951171875,1413.0,92.19000244140624,4.0,125.87508288208429,52618.0,11.125,158604.0,,133.0769197185519,,1.2249999999999996,9.10609171800137,0,0
2011-02-28,580,18.350000381469727,3.2318,3.4140000343322754,76.88999938964844,1327.219970703125,1357.25,96.97000122070312,4.03,127.08910335846436,52318.0,11.0,160387.0,,129.50988684262188,,2.140000000000001,9.182751540041068,0,0
2011-03-31,539,17.739999771118164,3.17925,3.4539999961853027,75.86000061035156,1325.8299560546875,1410.25,106.72000122070312,4.05,127.14117965988888,51298.0,11.125,159290.0,,147.00183909502377,,1.0950000000000006,9.267624914442164,0,0
2011-04-30,555,14.75,3.24591,3.2960000038146973,72.93000030517578,1363.6099853515625,1392.75,113.93000030517578,4.08,129.04628473284222,52011.0,10.8125,167293.0,,151.03582303961804,,1.8725000000000005,9.347022587268992,0,0
2011-05-31,592,15.449999809265137,3.30912,3.049999952316284,74.63999938964844,1345.199951171875,1376.0,102.6999969482422,4.09,126.29846607850244,52060.0,11.3125,172685.0,,166.17834208101743,,1.1724999999999994,9.43463381245722,0,0
2011-06-30,568,16.520000457763672,3.0546,3.157999992370605,74.30000305175781,1320.6400146484375,1306.25,95.41999816894533,4.11,126.13595542917292,51695.0,11.4375,176684.0,,156.69365851225533,,0.9975000000000004,9.516769336071183,0,1
2011-07-31,592,25.25,3.14265,2.805000066757202,73.9000015258789,1292.280029296875,1354.25,95.6999969482422,4.14,125.92531504252918,51923.0,12.0,185010.0,,146.37808828046835,,2.52,9.596167008898014,0,1
2011-08-31,738,31.6200008392334,3.66218,2.2179999351501465,74.12999725341797,1218.8900146484375,1449.0,88.80999755859375,4.2,123.52278515524328,49990.0,12.625,185825.0,,146.3985053847187,,1.5549999999999995,9.686516084873375,0,1
2011-09-30,993,42.959999084472656,4.64301,1.924000024795532,78.55000305175781,1131.4200439453125,1179.0,79.19999694824219,4.2,111.06506231893005,48590.0,14.0,192686.0,,147.170906821271,,2.27,9.768651608487335,0,1
2011-10-31,835,29.959999084472656,3.93324,2.174999952316284,76.16999816894531,1253.300048828125,1207.5,93.19000244140624,4.24,116.7992875805788,47523.0,20.0625,190247.0,,145.0500024277993,,5.2525,9.853524982888432,1,1
2011-11-30,941,27.799999237060547,4.04376,2.068000078201294,78.38999938964844,1246.9599609375,1131.25,100.36000061035156,4.28,112.15320588357496,46062.0,18.9375,198013.0,,146.3616451241655,,5.5975,9.935660506502396,1,1
2011-12-31,925,23.399999618530277,4.00922,1.871000051498413,80.16999816894531,1257.5999755859375,1198.5,98.83000183105467,4.3,109.0796293844406,46376.0,17.1875,222922.0,,143.36165785374328,,3.8775,10.017796030116358,1,0
2012-01-31,840,19.440000534057617,3.91588,1.7990000247955322,79.27999877929688,1312.4100341796875,1199.0,98.4800033569336,4.34,112.72210803715758,46594.0,15.0625,216117.0,,136.19408129361287,,1.0124999999999993,10.105407255304586,1,0
2012-02-29,843,18.43000030517578,3.51856,1.9769999980926516,78.7300033569336,1365.6800537109375,1313.5,107.06999969482422,4.36,113.88433639653834,46668.0,13.5,205437.0,,132.3605259407412,,1.99,10.184804928131417,1,0
2012-03-31,880,15.5,3.3255,2.2160000801086426,78.93000030517578,1408.469970703125,1403.0,103.0199966430664,4.38,108.26377702575228,47291.0,12.25,220625.0,,147.44101624495764,,0.8499999999999996,10.26694045174538,1,0
2012-04-30,962,17.149999618530273,3.43185,1.9149999618530276,78.79000091552734,1397.9100341796875,1503.0,104.87000274658205,4.41,106.07109848424858,47844.0,11.75,222914.0,,145.52027831854522,,-0.0500000000000007,10.351813826146476,1,0
2012-05-31,1236,24.059999465942383,4.23127,1.5809999704360962,83.04000091552734,1310.3299560546875,1340.0,86.52999877929688,4.47,100.24824028103988,46978.0,11.75,225512.0,,157.40418371936033,,-0.0500000000000007,10.43668720054757,1,0
2012-06-30,1088,17.079999923706055,3.74597,1.659000039100647,81.6500015258789,1362.1600341796875,1512.75,84.95999908447266,4.53,101.029106647577,46348.0,13.625,244158.0,,149.0331017415051,,1.0649999999999995,10.5160848733744,1,0
2012-07-31,1087,18.93000030517578,3.51239,1.4919999837875366,82.63999938964844,1379.3199462890625,1721.0,88.05999755859375,4.58,100.07832984318368,46818.0,13.5,246461.0,,146.86279961903688,,1.1400000000000006,10.603696098562628,1,0
2012-08-31,1051,17.469999313354492,3.37215,1.562000036239624,81.25,1406.5799560546875,1764.5,96.47000122070312,4.63,100.60688549498542,45152.0,14.4375,260758.0,,145.69325698881013,,5.5975,10.688569472963724,1,0
2012-09-30,897,15.729999542236328,3.18852,1.6369999647140503,79.94000244140625,1440.6700439453125,1601.0,92.19000244140624,4.69,101.5883528431233,45010.0,14.875,265189.0,,142.47153651731426,,3.055,10.765229295003422,1,0
2012-10-31,1066,18.600000381469727,3.16949,1.6859999895095823,79.91999816894531,1412.1600341796875,1547.0,86.23999786376953,4.77,101.85499645227496,45274.0,14.875,265116.0,,147.23130295530083,,2.225,10.85557837097878,1,0
2012-11-30,1140,15.869999885559082,3.16757,1.6059999465942385,80.1500015258789,1416.1800537109375,1438.75,88.91000366210938,4.83,99.9729042727633,45238.0,15.5625,268659.0,,146.37343184468628,,3.4025,10.937713894592743,1,0
2012-12-31,991,18.020000457763672,2.92152,1.75600004196167,79.7699966430664,1426.18994140625,1418.75,91.81999969482422,4.92,102.21381476162465,43290.0,15.4375,307352.0,,143.58505809958143,,3.0175,11.02258726899384,1,0
2013-01-31,1102,14.279999732971191,2.97866,1.9850000143051147,79.20999908447266,1498.1099853515625,1468.5,97.48999786376952,4.98,103.52430039433966,42531.0,14.9375,287546.0,,136.51707182504433,,2.1875,11.107460643394935,1,0
2013-02-28,1287,15.510000228881836,3.17329,1.888000011444092,81.9800033569336,1514.6800537109375,1474.25,92.0500030517578,5.04,103.17429269330624,41609.0,13.9375,291151.0,,132.795321964955,,0.4175000000000004,11.184120465434631,1,0
2013-03-31,1307,12.699999809265137,3.28735,1.8519999980926516,82.98999786376953,1569.18994140625,1404.75,97.2300033569336,5.12,101.74773344484198,40446.0,14.875,302215.0,,149.40394566736484,,2.8149999999999995,11.263518138261464,1,0
2013-04-30,1210,13.520000457763672,3.15711,1.6749999523162842,81.7300033569336,1597.5699462890625,1467.75,93.45999908447266,5.18,102.3480751317259,39532.0,15.3125,287319.0,,155.94159584157654,,0.5525000000000002,11.351129363449692,1,0
2013-05-31,1167,16.299999237060547,3.38636,2.1640000343322754,83.37999725341797,1630.739990234375,1510.0,91.97000122070312,5.28,99.20245982362812,38551.0,16.625,304337.0,,167.9734791225302,,1.0549999999999995,11.436002737850789,1,0
2013-06-30,1199,16.860000610351562,3.83171,2.4779999256134038,83.16999816894531,1606.280029296875,1564.5,96.55999755859376,5.39,97.80479867269084,37005.0,17.125,307550.0,,156.27186443024067,,1.3650000000000002,11.512662559890488,1,1
2013-07-31,1112,13.449999809265137,3.61587,2.5929999351501465,81.44999694824219,1685.72998046875,1374.0,105.02999877929688,5.51,97.14433018054513,37049.0,17.6875,318128.0,,150.73100129825897,,1.0474999999999994,11.603011635865846,1,1
2013-08-31,1170,17.010000228881836,3.87056,2.749000072479248,82.08999633789062,1632.969970703125,1424.0,107.6500015258789,5.67,96.4341900977894,36678.0,18.0625,321192.0,,148.42144953050052,,2.5625,11.685147159479808,1,1
2013-09-30,1035,16.600000381469727,3.71008,2.615000009536743,80.22000122070312,1681.550048828125,1282.75,102.33000183105467,5.79,100.07014316493904,34741.0,17.1875,327433.0,,147.0048441881334,,0.8874999999999993,11.770020533880905,1,1
2013-10-31,921,13.75,3.50235,2.5420000553131104,80.19999694824219,1756.5400390625,1280.25,96.37999725341795,5.91,99.3893918150332,33232.0,19.1875,326803.0,,148.6939593959755,,1.7674999999999983,11.854893908282,1,1
2013-11-30,776,13.699999809265137,3.73401,2.740999937057495,80.68000030517578,1805.81005859375,1336.5,92.72000122070312,6.14,98.89728260906904,30799.0,19.1875,336846.0,,145.69589762827002,,2.5874999999999986,11.93429158110883,1,1
2013-12-31,808,13.720000267028809,3.45551,3.026000022888184,80.04000091552734,1848.3599853515625,1312.5,98.41999816894533,6.52,102.6898047196664,30600.0,21.625,377196.0,,142.5768791271264,,7.515000000000001,12.021902806297057,1,0
2014-01-31,1085,18.40999984741211,4.10846,2.6679999828338623,81.2699966430664,1782.5899658203125,1282.75,97.48999786376952,8.02,119.18098856867762,27748.0,25.375,363858.0,,137.96969739537636,,2.905000000000001,12.106776180698152,1,0
2014-02-28,907,14.0,3.69298,2.657999992370605,79.77999877929688,1859.449951171875,1414.25,102.58999633789062,7.88,113.3365643062558,27546.0,26.25,344819.0,,132.48630687243056,,2.620000000000001,12.183436002737851,1,0
2014-03-31,799,13.880000114440918,3.38839,2.7230000495910645,80.0999984741211,1872.3399658203125,1464.0,101.58000183105467,8.01,112.36557951239467,27007.0,26.375,349029.0,,144.53782808347017,,3.055,12.268309377138946,1,0
2014-04-30,786,13.40999984741211,3.2197,2.6480000019073486,79.48999786376953,1883.949951171875,1530.75,99.73999786376952,8.0,110.24920691826804,28220.0,25.8125,352163.0,,152.34143546147135,,2.8024999999999984,12.350444900752908,1,0
2014-05-31,833,11.399999618530272,3.16667,2.4570000171661377,80.37000274658203,1923.5699462890625,1493.25,102.70999908447266,8.08,108.79759888076092,28542.0,24.0,348928.0,,164.20324390256107,,2.3999999999999986,12.432580424366872,1,0
2014-06-30,724,11.56999969482422,3.0326,2.5160000324249268,79.77999877929688,1960.22998046875,1400.5,105.37000274658205,8.13,108.3319790031841,29278.0,22.8125,370611.0,,153.80352402990053,,1.682500000000001,12.517453798767969,1,0
2014-07-31,649,16.950000762939453,3.02075,2.555999994277954,81.45999908447266,1930.6700439453125,1224.5,98.16999816894533,8.21,105.7465329748424,29003.0,21.375,371689.0,,145.4228137340859,,0.8649999999999984,0.0027378507871321,1,0
2014-08-31,808,12.09000015258789,3.1498,2.3429999351501465,82.75,2003.3699951171875,1089.5,95.95999908447266,8.4,105.87279996070828,28620.0,20.75,389193.0,,140.10530396605887,,1.16,0.082135523613963,1,0
2014-09-30,700,16.309999465942383,3.42131,2.507999897003174,85.94000244140625,1972.2900390625,913.25,91.16000366210938,8.46,98.90444806420416,27866.0,19.875,382315.0,,141.71873319955728,,0.495000000000001,0.1697467488021903,1,0
2014-10-31,703,14.029999732971191,3.4625,2.3350000381469727,86.87999725341797,2018.050048828125,1046.5,80.54000091552734,8.5,98.0497212755037,28111.0,20.25,407437.0,,143.3493974176129,,-0.7399999999999984,0.2546201232032854,1,0
2014-11-30,687,13.329999923706056,3.61049,2.194000005722046,88.36000061035156,2067.56005859375,1016.0,66.1500015258789,8.53,94.74251249193102,28911.0,20.0,409124.0,,140.8775968982631,,1.8999999999999984,0.3312799452429842,1,0
2014-12-31,719,19.200000762939453,4.0048,2.1700000762939453,90.2699966430664,2058.89990234375,1019.25,53.27000045776367,8.55,92.01387525781595,31407.0,20.375,462564.0,,140.4359377491282,,-0.995000000000001,0.4216290212183436,1,0
2015-01-31,742,20.96999931335449,4.45618,1.6749999523162842,94.8000030517578,1994.989990234375,961.0,48.2400016784668,8.64,89.78952113701337,31452.0,20.5625,447995.0,,133.99818907035032,,-1.0775000000000006,0.5037645448323066,1,0
2015-02-28,618,13.34000015258789,3.94582,2.002000093460083,95.25,2104.5,1030.75,49.7599983215332,8.72,88.17755369401455,31470.0,20.625,446408.0,,132.627886955774,,0.7650000000000006,0.5804243668720055,1,0
2015-03-31,629,15.289999961853027,4.10234,1.934000015258789,98.36000061035156,2067.889892578125,973.25,47.59999847412109,8.82,83.73192154701631,31490.0,21.875,440354.0,,149.4090129833281,,-0.3550000000000004,0.6680355920602327,1,0
2015-04-30,603,14.550000190734863,3.80572,2.0460000038146973,94.5999984741211,2085.510009765625,978.5,59.630001068115234,8.9,85.58493365811643,33909.0,20.5625,469092.0,,157.4845995373143,,-0.0474999999999994,0.7501711156741958,1,0
2015-05-31,601,13.84000015258789,3.93422,2.095000028610229,96.91000366210938,2107.389892578125,934.0,60.29999923706055,8.99,83.06868415327678,33283.0,20.4375,462104.0,,168.88610058983411,,1.1574999999999989,0.8295687885010267,1,0
2015-06-30,631,18.229999542236328,4.06272,2.3350000381469727,95.48999786376952,2063.110107421875,1056.25,59.470001220703125,9.09,84.04661637882617,33851.0,20.8125,482719.0,,162.93739000912225,,-0.6875,0.917180013689254,1,1
2015-07-31,615,12.119999885559082,4.25264,2.2049999237060547,97.37000274658205,2103.840087890625,980.75,47.119998931884766,9.19,80.36255309986228,33943.0,21.1875,520170.0,,151.8447963430633,,-1.2624999999999993,1.002053388090349,1,1
2015-08-31,584,28.43000030517578,4.55398,2.200000047683716,95.9499969482422,1972.1800537109373,897.5,49.20000076293945,9.3,78.26196411831894,33606.0,21.125,509258.0,,146.46506720486232,,-1.1649999999999991,1.0869267624914445,1,1
2015-09-30,591,24.5,5.1518,2.059999942779541,96.3499984741211,1920.030029296875,892.0,45.09000015258789,9.42,75.25067355098788,33257.0,21.125,530135.0,,145.88232371860067,,-0.8449999999999989,1.1690622861054072,1,1
2015-10-31,489,15.06999969482422,4.67155,2.151000022888184,96.9499969482422,2079.360107421875,883.75,46.59000015258789,9.55,75.78757254056696,26970.0,22.625,543201.0,,147.04587615341626,,-0.0249999999999985,1.2511978097193703,1,1
2015-11-30,487,16.1299991607666,4.69853,2.2179999351501465,100.16999816894533,2080.409912109375,881.0,41.650001525878906,9.69,74.04995062785234,25615.0,23.875,536761.0,,146.175581385648,,0.5150000000000006,1.336071184120465,1,1
2015-12-31,438,18.209999084472656,4.98192,2.2690000534057617,98.62999725341795,2043.93994140625,871.25,37.040000915527344,13.01,94.86498806002064,25563.0,27.25,623890.0,,141.9421187346255,,1.8299999999999983,1.4209445585215603,0,1
2016-01-31,502,20.200000762939453,5.58611,1.930999994277954,99.61000061035156,1940.239990234375,882.25,33.619998931884766,13.9,96.81889123938136,30074.0,26.3125,588333.0,,134.74645041349706,740.7000000000553,1.5524999999999984,1.5003422313483916,0,0
2016-02-29,465,20.549999237060547,5.31345,1.7400000095367432,98.20999908447266,1932.22998046875,853.0,33.75,15.58,107.63062771106615,28399.0,26.25,559138.0,,134.2323610386252,-16642.40999999999,1.7800000000000011,1.5852156057494866,0,0
2016-03-31,444,13.949999809265137,4.77435,1.7860000133514404,94.58999633789062,2059.739990234375,910.75,38.34000015258789,14.58,101.7502377979139,29572.0,30.75,573019.0,,150.0878942366954,-30012.10000000001,2.5100000000000016,1.6700889801505818,0,0
2016-04-30,544,15.699999809265137,4.55495,1.819000005722046,93.08000183105467,2065.300048828125,1021.0,45.91999816894531,14.26,95.34097164418536,34380.0,30.5625,572568.0,,153.25067436662908,-10893.46000000002,3.2624999999999997,1.749486652977413,0,0
2016-05-31,522,14.1899995803833,4.65666,1.8339999914169312,95.88999938964844,2096.949951171875,1078.5,49.09999847412109,14.01,87.89713170041026,30171.0,31.25,576156.0,,163.51360808690507,-11974.199999999984,2.3599999999999994,1.83709787816564,0,0
2016-06-30,518,15.630000114440918,4.45655,1.4880000352859497,96.13999938964844,2098.860107421875,1175.0,48.33000183105469,14.92,94.95391610631287,30507.0,26.625,631231.0,,153.66209524099784,-44008.00000000006,1.0549999999999995,1.919233401779603,0,0
2016-07-31,521,11.869999885559082,4.21582,1.4579999446868896,95.52999877929688,2173.60009765625,1032.5,41.59999847412109,15.04,93.24374190643243,32511.0,25.625,661130.0,,143.73110098180126,-24366.2999999999,2.2049999999999983,1.998631074606434,0,0
2016-08-31,454,13.420000076293944,3.86294,1.5679999589920044,96.0199966430664,2170.949951171875,960.0,44.70000076293945,14.9,92.69941463722776,31150.0,24.0,679730.0,,143.6741026486049,-35415.50468200003,1.7399999999999984,2.088980150581793,0,0
2016-09-30,439,13.289999961853027,3.83288,1.6080000400543213,95.45999908447266,2168.27001953125,954.0,48.2400016784668,15.26,94.00923480907502,29902.0,22.1875,682655.0,,142.00773744282046,-37017.29999999996,1.5775000000000006,2.1711156741957565,0,0
2016-10-31,451,17.059999465942383,3.9486,1.8339999914169312,98.4499969482422,2126.14990234375,1002.25,46.86000061035156,15.17,90.4846273721131,37210.0,21.75,674209.0,,141.1368632980814,-61868.29999999996,1.7300000000000004,2.2559890485968515,0,0
2016-11-30,515,13.329999923706056,4.2779,2.368000030517578,101.5,2198.81005859375,1032.25,49.43999862670898,15.84,90.10364010283632,37378.0,20.375,716689.0,,144.93832064073018,-13299.749602000054,1.3049999999999995,2.3381245722108144,0,0
2016-12-31,455,14.039999961853027,4.01976,2.446000099182129,102.38999938964844,2238.830078125,996.5,53.720001220703125,15.85,90.29274129926648,39308.0,19.875,821664.0,,142.59014516031914,-58768.90000000011,1.125,2.4202600958247777,0,0
2017-01-31,469,11.989999771118164,3.85573,2.450999975204468,99.51000213623048,2278.8701171875,1024.5,52.810001373291016,15.91,90.90258978855432,46887.0,19.375,827889.0,0.0158589999999998,136.63265948316217,3587.200000000099,1.4250000000000007,2.507871321013005,0,0
2017-02-28,466,12.920000076293944,3.71982,2.3580000400543213,101.12000274658205,2363.639892578125,1025.0,54.0099983215332,15.46,87.44004966263269,50608.0,20.1875,814742.0,0.0206721602112105,132.15851633982282,-26746.800000000047,2.0975,2.584531143052704,0,0
2017-03-31,452,12.369999885559082,3.71553,2.3959999084472656,100.3499984741211,2362.719970703125,946.0,50.59999847412109,15.38,84.99454215462771,50522.0,19.0625,754752.0,0.0237418974036005,152.6209585590574,-18184.199999999924,0.6625000000000014,2.6694045174537986,0,0
2017-04-30,415,10.81999969482422,3.60233,2.282000064849853,99.0500030517578,2384.199951171875,945.25,49.33000183105469,15.43,82.91302756925204,48217.0,20.0,795910.0,0.0265583018363109,151.94634480448744,-18663.600000000035,1.9400000000000013,2.746064339493498,0,0
2017-05-31,407,10.40999984741211,3.66377,2.196000099182129,96.91999816894533,2411.800048828125,916.0,48.31999969482422,16.14,85.85866924933502,46146.0,20.0625,757087.0,0.0143475024938812,168.3892094693679,-27239.399999999998,2.2624999999999997,2.836413415468857,0,0
2017-06-30,432,11.18000030517578,3.71184,2.302000045776367,95.66000366210938,2423.409912109375,942.25,46.040000915527344,16.6,87.56944149196867,47995.0,20.125,833104.0,0.0119207347138923,161.03568546945243,-57038.80000000005,1.805,2.91854893908282,0,1
2017-07-31,439,10.260000228881836,3.67455,2.2920000553131104,92.86000061035156,2470.300048828125,994.5,50.16999816894531,17.67,94.17612713494078,47014.0,20.6875,832274.0,0.017322662871029,150.3060501239201,-22089.600000000035,2.1675000000000004,3.0034223134839158,0,1
2017-08-31,393,10.59000015258789,3.58356,2.121000051498413,92.66999816894533,2471.64990234375,936.25,47.22999954223633,17.37,91.8441784121809,48877.0,21.1875,838398.0,0.0140325806871193,149.2553427738412,-24650.600000000035,2.157499999999999,3.0882956878850103,0,1
2017-09-30,367,9.510000228881836,3.40862,2.325999975204468,93.08000183105467,2519.360107421875,968.25,51.66999816894531,17.32,89.4541980236197,50237.0,21.75,868105.0,0.0189804466731784,146.38655965775396,-31353.10000000001,1.9699999999999989,3.167693360711841,0,1
2017-10-31,361,10.18000030517578,3.35877,2.375999927520752,94.5500030517578,2575.260009765625,973.75,54.380001068115234,17.67,88.56014695141127,51810.0,22.25,870104.0,0.0151473268697708,149.38594966601465,-32494.79999999993,1.8200000000000005,3.2553045859000687,0,1
2017-11-30,357,11.279999732971191,3.44899,2.4170000553131104,93.01000213623048,2647.580078125,985.75,57.400001525878906,17.38,86.17476770645267,54563.0,23.3125,880313.0,0.0137508294736277,151.92604285202702,-29661.499999999916,2.682500000000001,3.337440109514032,0,1
2017-12-31,351,11.039999961853027,3.44198,2.4049999713897705,92.12000274658205,2673.610107421875,951.75,60.41999816894531,18.77,90.70248646959044,55055.0,23.25,1001113.0,0.0314197398218092,146.78338490922457,-119607.10000000006,1.1900000000000013,3.4168377823408624,0,0
2018-01-31,374,13.539999961853027,3.27756,2.720000028610229,89.12999725341797,2823.81005859375,995.75,64.7300033569336,19.65,96.79750610379206,62024.0,23.1875,966089.0,0.0175735362464701,142.74091260617232,3928.5999999999767,1.6574999999999989,3.5071868583162216,0,0
2018-02-28,404,19.850000381469727,3.47469,2.868000030517578,90.61000061035156,2713.830078125,1045.0,61.63999938964844,20.12,96.29493885098196,61509.0,22.8125,1002919.0,0.0241903413453323,138.81804035165752,-20227.599999999977,1.2624999999999993,3.583846680355921,0,0
2018-03-31,420,19.96999931335449,3.59371,2.740999937057495,90.1500015258789,2640.8701171875,1044.75,64.94000244140625,20.14,93.49655504098271,61726.0,22.5625,995473.0,0.0234106255084169,155.8573195357698,-14701.899999999936,2.442499999999999,3.665982203969884,0,0
2018-04-30,430,15.93000030517578,3.73535,2.936000108718872,91.83999633789062,2648.050048828125,1037.75,68.56999969482422,20.69,91.23249192984764,56623.0,22.8125,999359.0,0.0273903237584651,151.5245439839435,-10342.399999999936,2.8024999999999984,3.7508555783709783,0,0
2018-05-31,524,15.43000030517578,4.04433,2.822000026702881,93.98999786376952,2705.27001953125,1018.5,67.04000091552734,24.95,105.07682076231082,50098.0,30.0,1020466.0,0.0207537484131765,159.56669237791675,-7817.8000000000175,2.6999999999999997,3.8357289527720737,0,0
2018-06-30,610,16.09000015258789,4.19042,2.8489999771118164,94.62999725341795,2718.3701171875,858.5,74.1500015258789,28.86,115.4456038484548,61881.0,32.6875,1043632.0,0.0373667609193539,151.1257632334553,-56663.60000000012,2.7775,3.915126625598905,0,0
2018-07-31,558,12.829999923706056,3.82338,2.96399998664856,94.48999786376952,2816.2900390625,903.75,68.76000213623047,27.34,107.85542814624992,57996.0,35.1875,1066809.0,0.0310161299344708,145.9635244300047,-14279.599999999948,2.8675,4.002737850787132,0,0
2018-08-31,771,12.859999656677246,4.22457,2.8529999256134038,95.13999938964844,2901.52001953125,833.0,69.80000305175781,37.13,135.27154935913387,52658.0,39.4375,1208276.0,0.0388943887536621,146.76596003413977,-10356.40000000008,4.027500000000003,4.087611225188227,0,0
2018-09-30,623,12.119999885559082,3.89241,3.055999994277954,95.19000244140624,2913.97998046875,845.5,73.25,40.9,142.6657557058514,49003.0,43.3125,1249657.0,0.065342861600713,137.7465697186481,-22854.300000000017,6.092500000000001,4.164271047227926,0,0
2018-10-31,652,21.229999542236328,4.21597,3.1589999198913574,97.12999725341795,2711.739990234375,839.0,65.30999755859375,36.2,118.9904274128903,53955.0,51.5,1155082.0,0.0539160715161073,142.84327598456773,-16585.900000000023,3.549999999999997,4.254620123203286,0,0
2018-11-30,706,18.06999969482422,4.46851,3.013000011444092,97.2699966430664,2760.169921875,894.75,50.93000030517578,38.02,120.58924276342948,51193.0,51.25,1238891.0,0.0315336499618426,140.59240732533573,-33770.20000000001,3.869999999999997,4.336755646817249,0,0
2018-12-31,817,25.420000076293945,4.70493,2.686000108718872,96.16999816894533,2506.85009765625,882.5,45.40999984741211,37.81,117.68468222362034,65786.0,49.5,1408977.0,0.0256982344571439,136.25161596905645,-135316.2,7.659999999999997,4.421629021218344,0,0
2019-01-31,676,16.56999969482422,4.06867,2.634999990463257,95.58000183105467,2704.10009765625,915.25,53.790000915527344,37.04,116.1307265941758,66811.0,44.5625,1352805.0,0.0290624090934745,134.5362398566959,16657.600000000093,1.4125000000000014,4.506502395619439,0,0
2019-02-28,697,14.779999732971191,3.90136,2.7109999656677246,96.16000366210938,2784.489990234375,897.5,57.220001220703125,39.0,117.13873911469656,68015.0,37.125,1403081.0,0.0376562218995719,132.2678886127367,6726.400000000052,2.325000000000003,4.583162217659138,0,0
2019-03-31,774,13.710000038146973,3.95115,2.4140000343322754,97.27999877929688,2834.39990234375,884.25,60.13999938964844,43.35,122.1695386720232,66187.0,45.6875,1351521.0,0.0467954018828959,144.96325495574922,-13037.000000000116,3.4375,4.662559890485968,0,0
2019-04-30,950,13.119999885559082,3.98122,2.509000062942505,97.4800033569336,2945.830078125,841.25,63.90999984741211,44.01,120.36813454535589,71663.0,53.375,1402919.0,0.0344469794923312,149.9162214035228,498.5,2.905000000000001,4.750171115674196,0,0
2019-05-31,985,18.709999084472656,4.29338,2.1419999599456787,97.75,2752.06005859375,877.75,53.5,44.87,117.72462538910337,64779.0,53.0,1356452.0,0.0305906969998361,164.13569907592046,25973.799999999872,1.8500000000000012,4.8350444900752905,0,0
2019-06-30,835,15.079999923706056,4.10334,2.0,96.12999725341795,2941.760009765625,899.75,58.470001220703125,42.45,110.58074175140632,64278.0,47.5,1375803.0,0.0271800540239952,150.8589717411313,-6598.199999999895,-0.9699999999999988,4.91170431211499,0,1
2019-07-31,781,16.1200008392334,3.74538,2.0209999084472656,98.5199966430664,2980.3798828125,864.0,58.58000183105469,43.87,112.31738803330238,67899.0,49.625,1339297.0,0.021978655386921,146.77702964007042,4292.79999999993,1.3350000000000009,5.002053388090349,0,1
2019-08-31,2532,18.979999542236328,4.17227,1.50600004196167,98.91999816894533,2926.4599609375,857.0,55.09999847412109,59.08,140.95413448765825,54100.0,58.0625,1296173.0,0.0395398578704868,141.2769346808404,13746.09999999986,1.3325000000000031,5.084188911704312,0,1
2019-09-30,2143,16.239999771118164,3.91043,1.6749999523162842,99.37999725341795,2976.739990234375,906.0,54.06999969482422,57.56,128.26222290250396,48703.0,58.875,1310029.0,0.058856622721223,134.8770664799366,-25368.300000000047,1.125,5.169062286105407,1,1
2019-10-31,2278,13.220000267028809,3.67912,1.690999984741211,97.3499984741211,3037.56005859375,916.75,54.18000030517578,59.73,130.94715751233957,43260.0,48.6875,1387243.0,0.0329348209098412,141.63933661701387,8526.90000000014,-0.2224999999999966,5.253935660506502,1,1
2019-11-30,2262,12.619999885559082,3.55195,1.7760000228881836,98.2699966430664,3140.97998046875,876.75,55.16999816894531,59.86,123.6224030068155,43772.0,44.1875,1671621.0,0.0425453730948031,137.77182966933154,-6396.999999999942,0.197499999999998,5.333333333333333,1,1
2019-12-31,1744,13.779999732971191,3.07824,1.919000029563904,96.38999938964844,3230.780029296875,943.0,61.060001373291016,59.9,123.03373709462058,44848.0,39.4375,1895381.0,0.0374370735513833,135.7651545276351,-120143.10000000003,1.6375000000000028,5.420944558521561,1,0
2020-01-31,2068,18.84000015258789,3.35053,1.5199999809265137,97.38999938964844,3225.52001953125,872.5,51.560001373291016,60.33,118.9443494461414,44917.0,34.0,1708871.0,0.0225289492605598,133.89108608957252,-3765.899999999965,0.6400000000000006,5.505817932922656,1,0
2020-02-29,2283,40.11000061035156,3.8992,1.1269999742507937,98.12999725341795,2954.219970703125,883.5,44.7599983215332,62.21,118.31933650593602,44791.0,31.8125,1716134.0,0.0201362937364295,128.97363874659834,-27497.100000000093,1.4525000000000006,5.582477754962355,1,0
2020-03-31,3803,53.540000915527344,6.40625,0.6980000138282776,99.0500030517578,2584.590087890625,886.0,20.479999542236328,64.47,111.75513735816172,43561.0,27.5625,2292083.0,0.0334346864367225,128.21106074025664,-124727.7,0.2925000000000004,5.670088980150582,1,0
2020-04-30,3472,34.150001525878906,6.55833,0.621999979019165,99.0199966430664,2912.429931640625,850.25,18.84000015258789,66.84,112.41873821984444,43568.0,18.4375,1867128.0,0.0149657259087256,113.29503444580128,-228821.59999999992,-1.1525,5.752224503764545,1,0
2020-05-31,2627,27.51000022888184,5.53149,0.6480000019073486,98.33999633789062,3044.31005859375,840.75,35.4900016784668,68.54,113.8575706863074,42589.0,26.5625,2131292.0,0.0154273625123861,131.02956919734908,-251287.00000000015,1.3625000000000007,0.0191649555099247,1,0
2020-06-30,2495,30.43000030517578,5.18862,0.652999997138977,97.38999938964844,3100.2900390625,884.25,39.27000045776367,70.46,115.24973481834937,43242.0,29.6875,2164501.0,0.0224353915912769,132.52196526648828,-253706.19999999995,0.3975000000000008,0.1067761806981519,1,0
2020-07-31,2263,24.459999084472656,4.64264,0.5360000133514404,93.48999786376952,3271.1201171875,897.5,40.27000045776367,72.32,120.32233737993852,43386.0,29.1875,2428900.0,0.0193419464565129,127.46368946979555,-155523.80000000034,0.8374999999999986,0.191649555099247,1,0
2020-08-31,2147,26.40999984741211,4.51326,0.6930000185966492,92.13999938964844,3500.31005859375,951.25,42.61000061035156,74.18,119.55114731236324,42842.0,29.625,2287225.0,0.0270011035906612,125.18389375984724,-89499.40000000002,-0.625,0.2765229295003422,1,0
2020-09-30,1300,26.3700008392334,4.29411,0.6769999861717224,93.88999938964844,3363.0,1023.5,40.220001220703125,76.18,117.72087641672977,41379.0,29.6875,2393695.0,0.0283552164697895,127.17507609335082,-167181.48999999982,-0.3825000000000003,0.3586584531143053,1,0
2020-10-31,1482,38.02000045776367,4.20153,0.8600000143051147,94.04000091552734,3269.9599609375,1056.5,35.790000915527344,78.33,116.32567160400232,39856.0,31.75,2225061.0,0.0376096984398219,131.34550189452142,-81626.69999999984,0.9600000000000009,0.4407939767282683,1,0
2020-11-30,1410,20.56999969482422,3.93554,0.843999981880188,91.87000274658205,3621.6298828125,1168.5,45.34000015258789,81.3,120.72380288106366,38652.0,33.75,2227275.0,0.0315970494109665,132.068655252994,-58692.80000000016,-0.0399999999999991,0.5256673511293635,1,0
2020-12-31,1368,22.75,3.54032,0.9169999957084656,89.94000244140625,3756.070068359375,1315.25,48.52000045776367,84.15,123.94792362046422,39387.0,34.25,2470260.0,0.0400556733835353,133.85436559461567,-307627.50000000023,0.4200000000000017,0.6105407255304586,1,0
2021-01-31,1445,33.09000015258789,3.64146,1.093000054359436,90.58000183105467,3714.239990234375,1370.0,52.20000076293945,87.3,121.8884596695186,39515.0,34.1875,2481310.0,0.0404902941982872,131.521537397349,24073.599999999977,0.3275000000000005,0.6899383983572895,1,0
2021-02-28,1511,27.950000762939453,3.73851,1.4600000381469729,90.93000030517578,3811.14990234375,1405.25,61.5,89.83,121.03623626716816,39518.0,33.625,2408886.0,0.0357463168148211,126.2392669683769,-18757.200000000183,-0.1150000000000019,0.7665982203969883,1,0
2021-03-31,1589,19.399999618530277,3.60639,1.746000051498413,93.2300033569336,3972.889892578125,1436.75,59.15999984741211,91.99,116.82913540956883,39593.0,34.0625,2432295.0,0.0481080749628179,145.95690010360465,-74465.59999999986,0.2224999999999966,0.8569472963723477,1,0
2021-04-30,1551,18.61000061035156,3.3959,1.63100004196167,91.27999877929688,4181.169921875,1571.0,63.58000183105469,93.56,116.85843527937132,40263.0,34.0625,2370115.0,0.0408029353995966,147.28084401862384,-11444.89999999979,0.5324999999999989,0.9390828199863108,1,0
2021-05-31,1508,16.760000228881836,3.39222,1.5809999704360962,90.02999877929688,4204.10986328125,1530.5,66.31999969482422,94.69,117.2912522494964,41872.0,34.125,2517197.0,0.0332297807363954,151.16932233869107,25713.58999999973,0.0949999999999988,1.0239561943874058,1,0
2021-06-30,1596,15.829999923706056,3.50114,1.4429999589920044,92.44000244140624,4297.5,1450.0,73.47000122070312,95.73,115.70348951611916,42437.0,34.125,2735557.0,0.0317454797589205,148.97961710860557,-153217.4800000001,0.1749999999999971,1.106091718001369,1,0
2021-07-31,1591,18.239999771118164,3.68425,1.2389999628067017,92.16999816894533,4395.259765625,1414.75,73.94999694824219,96.69,113.20336885884656,42582.0,34.125,2783078.0,0.0299703332203624,142.42591306097327,-98570.29999999992,0.1749999999999971,1.188227241615332,1,1
2021-08-31,1513,16.479999542236328,3.5526,1.3040000200271606,92.62999725341795,4522.68017578125,1298.75,68.5,97.75,112.36532203634243,46180.0,34.1875,2866832.0,0.0246848666740147,140.9749407280367,-124835.49999999952,-0.1625000000000014,1.2758384668035592,1,1
2021-09-30,1607,23.13999938964844,3.76018,1.5290000438690186,94.25,4307.5400390625,1256.0,75.02999877929688,98.74,107.07375126548612,42911.0,34.1875,2940337.0,0.0354678795331138,141.2960890894098,291428.3999999998,0.0375000000000014,1.3579739904175223,1,1
2021-10-31,1712,16.260000228881836,3.77784,1.5570000410079956,94.12000274658205,4605.3798828125,1235.75,83.56999969482422,99.72,104.0148008303153,42817.0,34.125,3009289.0,0.0351627483837178,139.51475869689307,-209168.7000000003,-0.0150000000000005,1.4373716632443532,1,1
2021-11-30,1914,27.190000534057617,4.10246,1.4429999589920044,95.98999786376952,4567.0,1217.25,66.18000030517578,100.93,102.76440275659688,41530.0,34.125,3136142.0,0.0252946460135095,143.75187761771429,-134652.8999999999,1.0150000000000006,1.5249828884325805,1,1
2021-12-31,1688,17.219999313354492,3.80805,1.5119999647140503,95.66999816894533,4766.18017578125,1328.75,75.20999908447266,102.75,101.8218042210132,39662.0,34.125,3654036.0,0.0383997030584126,147.2298783220944,-496343.6000000005,0.7449999999999974,1.6098562628336757,1,1
2022-01-31,1723,24.82999992370605,3.91307,1.781999945640564,96.54000091552734,4515.5498046875,1490.5,88.1500015258789,105.02,102.11537266402212,37589.0,37.625,3631047.0,0.0387568191670637,139.63796162489982,-16698.03344600019,0.0150000000000005,1.6947296372347709,1,0
2022-02-28,1816,30.149999618530277,4.21168,1.83899998664856,96.70999908447266,4373.93994140625,1644.25,95.72000122070312,107.44,102.10853604056167,37018.0,39.9375,3672002.0,0.0469436560100899,137.84951353039492,-76283.49999999977,0.8674999999999997,1.7713894592744694,1,0
2022-03-31,1718,20.559999465942383,3.81919,2.32699990272522,98.30999755859376,4530.41015625,1618.25,100.27999877929688,110.98,102.03748587636396,43137.0,41.8125,3513786.0,0.0672879783390254,153.9308507763155,-99753.30000000005,-0.0974999999999965,1.8562628336755649,1,0
2022-04-30,1801,33.400001525878906,4.19408,2.88700008392334,102.95999908447266,4131.93017578125,1708.25,104.69000244140624,115.31,97.14108404629684,42007.0,44.375,3509534.0,0.0604141724228415,157.66169211629463,-79184.80000000028,1.0150000000000006,1.9356605065023955,1,0
2022-05-31,1918,26.190000534057617,4.15512,2.844000101089477,101.75,4132.14990234375,1683.25,114.66999816894533,120.16,98.30199206399205,41561.0,45.8125,3767808.0,0.0505607476635514,164.68936308999244,-162411.7465789998,0.4624999999999986,2.023271731690623,1,0
2022-06-30,2428,28.709999084472656,5.06,2.9719998836517334,104.69000244140624,3785.3798828125,1675.0,105.76000213623048,125.22,94.43356923071508,42787.0,50.625,3981921.0,0.0529522125162815,161.454834362457,-321644.40000000014,1.3250000000000028,2.105407255304586,1,0
2022-07-31,2398,21.32999992370605,4.81076,2.6419999599456787,105.9000015258789,4130.2900390625,1637.0,98.62000274658205,131.23,92.02641575832529,38232.0,55.625,4316999.0,0.0740619685715935,152.44538769471595,-1945.3000000002796,-0.1850000000000022,2.184804928131417,1,0
2022-08-31,2385,25.8700008392334,4.80321,3.132999897003174,108.6999969482422,3955.0,1507.5,89.55000305175781,138.71,90.39972515352224,36734.0,63.875,4191384.0,0.0697033557535506,151.4657390251783,-210051.80000000028,-0.3149999999999977,2.2751540041067764,1,0
2022-09-30,2754,31.6200008392334,5.25321,3.803999900817871,112.12000274658205,3585.6201171875,1364.75,79.48999786376953,147.32,87.79066832030048,37625.0,69.125,4099049.0,0.0616551988757716,149.17434933731033,80624.29999999958,-0.4749999999999943,2.3572895277207397,1,0
2022-10-31,2625,25.8799991607666,4.91472,4.077000141143799,111.52999877929688,3871.97998046875,1407.0,86.52999877929688,156.9,88.714279149797,38676.0,69.5,4298889.0,0.0634735010869345,146.55439498929425,-103049.1000000008,-0.480000000000004,2.4421629021218343,1,0
2022-11-30,2248,20.57999992370605,4.33263,3.703000068664551,105.9499969482422,4080.110107421875,1469.5,80.55000305175781,167.26,91.49423449574871,38009.0,69.5,4507746.0,0.0491614708186791,148.03049443531322,-227838.29999999932,-0.6899999999999977,2.524298425735797,1,0
2022-12-31,2213,21.670000076293945,4.15567,3.878999948501587,103.5199966430664,3839.5,1519.25,80.26000213623047,177.13,93.94367344411847,44598.0,69.375,5203752.0,0.0512460775886709,146.18080800458125,-441512.0,-1.0949999999999989,2.6064339493497606,1,0
2023-01-31,1817,19.399999618530277,4.0238,3.5290000438690186,102.0999984741211,4076.60009765625,1538.0,78.87000274658203,186.88,96.22011019880912,41417.0,69.375,5316722.0,0.0602787356638425,143.0301902868023,-203938.30000000028,-1.4950000000000043,2.694045174537988,1,0
2023-02-28,1965,20.700000762939453,4.17208,3.9159998893737793,104.87000274658205,3970.14990234375,1490.5,77.05000305175781,197.15,94.02603530218448,38709.0,69.375,5219956.0,0.0662772168092709,137.26202711164171,-228134.00000000023,-0.7650000000000006,2.7707049965776864,1,0
2023-03-31,2276,18.700000762939453,4.47171,3.49399995803833,102.51000213623048,4109.31005859375,1505.5,75.66999816894531,208.99,94.22985002843583,39060.0,72.4375,5369482.0,0.0767523984978355,155.0605676377791,-257855.49999999977,-1.1424999999999983,2.855578370978782,1,0
2023-04-30,2656,15.779999732971191,4.45282,3.45199990272522,101.66999816894533,4169.47998046875,1444.25,76.77999877929688,222.58,93.4333337822432,35001.0,87.5,5366598.0,0.0840268988367096,150.02108492570758,-331372.7999999996,-0.0699999999999931,2.9322381930184807,1,0
2023-05-31,2590,17.940000534057617,4.42142,3.63700008392334,104.31999969482422,4179.830078125,1299.75,68.08999633789062,239.33,91.73802310512366,33001.0,91.9375,5576415.0,0.0777275296589059,153.77240570488985,-247650.89999999944,1.1075000000000017,3.02258726899384,1,0
2023-06-30,2037,13.59000015258789,4.0132,3.819000005722046,102.91000366210938,4450.3798828125,1557.25,70.63999938964844,256.68,94.75966018772662,27926.0,92.25,5885739.0,0.0595083198050061,152.55703188407324,-611742.5000000009,-0.7999999999999972,3.1047227926078027,1,1
2023-07-31,1980,13.630000114440918,3.74588,3.9590001106262207,101.86000061035156,4588.9599609375,1445.75,81.80000305175781,275.28,96.94832759106964,24092.0,92.875,6392700.0,0.0634485086231579,150.22297368785945,-334365.99999999953,-0.7150000000000034,3.189596167008898,1,1
2023-08-31,2105,13.56999969482422,3.85053,4.0929999351501465,103.62000274658205,4507.66015625,1360.0,83.62999725341797,350.02,107.91291542798866,27818.0,113.4375,6621931.0,0.1244163772868995,151.94203814879756,-36964.39999999991,-0.1924999999999954,3.274469541409993,1,1
2023-09-30,2543,17.520000457763672,4.04443,4.572999954223633,106.16999816894533,4288.0498046875,1275.0,90.79000091552734,350.01,94.01344564056978,26925.0,113.875,6828209.0,0.1274975013246695,148.4322432701974,-380473.4000000004,1.9449999999999927,3.353867214236824,1,1
2023-10-31,2577,18.13999938964844,4.09522,4.875,106.66000366210938,4193.7998046875,1287.0,81.0199966430664,350.01,86.21484743842147,22559.0,128.5625,7237385.0,0.0830173938041001,147.50696066044537,-330338.19999999925,0.9525000000000006,3.4414784394250515,1,1
2023-11-30,1982,12.920000076293944,3.81634,4.352000236511231,103.5,4567.7998046875,1342.75,75.95999908447266,360.53,80.30409626819146,21513.0,129.875,8973530.0,0.1281069017691574,146.35949533183793,-210484.39999999944,1.9350000000000025,3.5236139630390144,1,1
2023-12-31,1906,12.449999809265137,3.66112,3.865999937057495,101.33000183105467,4769.830078125,1293.5,71.6500015258789,808.48,145.7171199139497,23073.0,109.75,9607992.0,0.2546567498423684,139.33576576518632,-1991316.1000000008,2.760000000000005,3.603011635865845,1,1
2024-01-31,1950,14.350000381469728,3.77571,3.9670000076293945,103.2699966430664,4845.64990234375,1222.25,75.8499984741211,826.25,122.11787792973286,27642.0,109.6875,10923532.0,0.2061422528896106,137.54602735591297,2010745.5000000005,1.957499999999996,3.693360711841205,1,0
2024-02-29,1705,13.399999618530272,3.48707,4.251999855041504,104.16000366210938,5096.27001953125,1128.25,78.26000213623047,842.25,110.5862711575881,26690.0,108.9375,10541474.0,0.1324067605352477,133.6372238420605,1232524.500000001,0.8174999999999955,3.772758384668036,1,0
2024-03-31,1439,13.010000228881836,3.28562,4.205999851226807,104.5500030517578,5254.35009765625,1191.5,83.16999816894531,857.42,101.19880145902124,27127.0,70.875,12463695.0,0.1100970015654023,142.56862052019582,625034.0999999978,0.6749999999999972,3.8521560574948666,1,0
2024-04-30,1216,15.649999618530272,4.1002,4.685999870300293,106.22000122070312,5035.68994140625,1145.5,81.93000030517578,876.75,93.54598415297876,27578.0,50.8125,14969070.0,0.0883192076060508,147.26512454856004,264951.60000000056,-0.2075000000000031,3.9397672826830936,1,0
2024-05-31,1312,12.920000076293944,4.42618,4.513999938964844,104.66999816894533,5277.509765625,1205.0,76.98999786376953,895.25,92.16855279055964,28664.0,33.375,17151691.0,0.042,156.7765837615064,2332205.4000000022,2.375,4.024640657084189,1,0
2024-06-30,1456,12.4399995803833,4.70779,4.3429999351501465,105.87000274658205,5460.47998046875,1150.5,81.54000091552734,911.75,87.75744720539521,29022.0,36.0625,20182490.0,0.0457706578830274,147.3651693681739,488568.8000000017,1.0424999999999969,4.101300479123887,1,0
2024-07-31,1507,16.360000610351562,4.75569,4.109000205993652,104.0999984741211,5522.2998046875,1028.5,77.91000366210938,932.75,86.75189671615716,26402.0,37.5,21822977.0,0.0403093369514639,149.69752697536458,908252.5,1.8100000000000025,4.191649555099247,1,0
2024-08-31,1433,15.0,4.5922,3.91100001335144,101.6999969482422,5648.39990234375,982.0,73.55000305175781,952.83,86.30426078435214,26719.0,40.125,21953008.0,0.0417227327937252,147.32757348272975,899659.9999999991,-1.0850000000000009,4.27378507871321,1,0
2024-09-30,1290,16.729999542236328,4.40683,3.802000045776367,100.77999877929688,5762.47998046875,1057.0,68.16999816894531,970.92,85.89354328693194,27172.0,39.75,22396060.0,0.0346920810480664,144.84378302186047,816447.1000000006,0.3400000000000034,4.358658453114305,1,0
2024-10-31,984,23.15999984741211,4.35581,4.283999919891357,103.9800033569336,5705.4501953125,982.5,69.26000213623047,990.75,82.90799729232755,28618.0,40.5625,22715300.0,0.0269173804131146,147.9946623836304,746920.5000000056,0.1124999999999971,4.4435318275154,1,0
2024-11-30,752,13.510000228881836,4.27904,4.177999973297119,105.73999786376952,6032.3798828125,989.5,68.0,1011.75,80.60083653150978,30214.0,36.5,23823912.0,0.0242655607550836,148.06937483613993,1381545.4000000004,-0.0900000000000034,4.522929500342231,1,0
2024-12-31,635,17.350000381469727,4.26783,4.572999954223633,108.48999786376952,5881.6298828125,998.25,71.72000122070312,1032.5,79.14871754539065,29640.0,31.9375,29728575.0,0.0270410405146337,148.56734190911206,-1301045.8000000007,0.1574999999999988,4.610540725530458,0,0
2025-01-31,618,16.43000030517578,4.1124,4.568999767303467,108.37000274658205,6040.52978515625,1042.0,72.52999877929688,1053.5,80.89101993633089,28310.0,29.3125,30246597.0,0.0221104801366518,146.29580174387476,2434865.299999999,0.5925000000000011,4.695414099931554,0,0
2025-02-28,780,19.6299991607666,4.28587,4.230999946594238,107.61000061035156,5954.5,1011.5,69.76000213623047,1064.38,80.38797475949121,28117.0,28.1875,30282166.0,0.0240162743075178,141.2021694522208,1176915.3000000007,0.4475000000000015,4.772073921971253,0,0
2025-03-31,816,22.280000686645508,4.45662,4.245999813079834,104.20999908447266,5611.85009765625,1014.75,71.4800033569336,1073.88,79.63220107382647,24986.0,30.1875,30534180.0,0.0372933530661216,150.4065591097294,745339.4999999981,0.7274999999999991,4.856947296372348,0,0
2025-04-30,726,24.700000762939453,4.51492,4.177000045776367,99.47000122070312,5569.06005859375,1034.75,58.209999084472656,1172.0,85.84351110275297,38928.0,33.0,32698982.0,0.0278083584485095,158.7411029664511,845949.0999999996,0.5600000000000023,4.939082819986311,0,0
2025-05-31,663,18.56999969482422,4.21648,4.415999889373779,99.33000183105467,5911.68994140625,1041.75,60.790000915527344,1195.33,86.07594634292622,36919.0,31.8125,34940118.0,0.015011086343823,164.8778979559678,1696917.3999999966,0.5225000000000009,5.021218343600274,0,0
2025-06-30,701,16.729999542236328,4.00673,4.230000019073486,96.87999725341795,6204.9501953125,1024.25,65.11000061035156,1194.08,88.49085633131189,39973.0,32.0,37175626.0,0.0161892488199333,156.5940188494031,790532.9000000004,0.5799999999999983,5.106091718001369,0,1
2025-07-31,730,16.719999313354492,3.76998,4.360000133514404,100.02999877929688,6339.39013671875,961.75,69.26000213623047,1351.83,97.73386759030768,38866.0,36.8125,40113368.0,0.0190168375533128,153.90772081429063,1749385.500000002,1.7924999999999969,5.190965092402464,0,1
2025-08-31,829,15.359999656677246,3.66474,4.227000236511231,97.7699966430664,6460.259765625,1036.75,64.01000213623047,1323.83,95.61613002642854,39986.0,58.0,44259863.0,0.0187579351135027,150.51256572733467,1556864.0000000035,4.369999999999997,5.270362765229295,0,1
2025-09-30,1222,16.280000686645508,3.59479,4.1479997634887695,97.7699966430664,6688.4599609375,1001.75,62.369998931884766,1366.58,96.7185848135032,40374.0,41.0,42295612.0,0.0207596032395136,151.83984439466224,696965.1000000015,3.3299999999999983,5.3579739904175225,0,1
2025-10-31,657,17.440000534057617,3.17784,4.10099983215332,99.8000030517578,6840.2001953125,1099.75,60.97999954223633,1443.0,97.9919182267,39382.0,37.1875,41327194.0,0.0234194310239195,152.5679837714119,823924.8000000007,-0.302500000000002,5.4428473648186175,0,1
2025-11-30,648,16.350000381469727,3.23418,4.017000198364258,99.45999908447266,6849.08984375,1137.75,58.54999923706055,1450.75,96.49528983052772,40335.0,29.9375,40926609.0,0.0247291967107856,147.69977298929118,2128009.399999995,0.9074999999999988,5.519507186858316,0,1
2025-12-31,571,14.949999809265137,3.08374,4.163000106811523,98.27999877929688,6845.5,1030.5,57.41999816894531,1459.42,94.30364369029972,41167.0,26.6875,42956965.0,0.0284527193457171,153.5143616119913,-2876449.600000005,1.2274999999999991,5.6098562628336754,0,0
2026-01-31,496,17.440000534057617,2.87171,4.241000175476074,96.98999786376952,6939.02978515625,1064.25,65.20999908447266,1447.67,92.98408513362956,44503.0,31.1875,42812343.0,0.0288161935366171,148.78601868878062,3125737.299999999,2.6175,5.691991786447638,0,0
2026-02-28,572,19.86000061035156,3.00168,3.961999893188477,97.61000061035156,6878.8798828125,1157.25,67.0199966430664,1408.97,89.10635093884234,45566.0,29.5,40986704.0,0.0289631907267269,138.203893370399,1410639.7000000067,1.2199999999999989,5.768651608487337,0,0
2026-03-31,617,25.25,3.08476,4.310999870300293,99.95999908447266,6528.52001953125,1171.0,101.37999725341795,1382.76,84.36089902492151,42052.0,25.375,41277771.0,0.0338262219244152,,930284.099999994,1.4349999999999987,5.856262833675565,0,0
2026-04-30,532,18.920000076293945,2.63368,4.293999671936035,98.59200286865234,7137.89990234375,1179.0,92.87000274658205,1378.13,85.09389850803568,45747.0,21.8125,40962136.0,,,,0.3425000000000011,5.919233401779603,0,0
