fecha,casa,compra,venta
2018-10-29,bolsa,36.97,36.97
2018-10-30,bolsa,36.63,36.63
2018-10-31,bolsa,35.93,35.93
2018-11-01,bolsa,35.89,35.89
2018-11-02,bolsa,35.66,35.66
2018-11-03,bolsa,35.66,35.66
2018-11-04,bolsa,35.66,35.66
2018-11-05,bolsa,35.79,35.79
2018-11-06,bolsa,35.79,35.79
2018-11-07,bolsa,35.76,35.76
2018-11-08,bolsa,35.78,35.78
2018-11-09,bolsa,35.55,35.55
2018-11-10,bolsa,35.55,35.55
2018-11-11,bolsa,35.55,35.55
2018-11-12,bolsa,35.55,35.55
2018-11-13,bolsa,35.99,35.99
2018-11-14,bolsa,36.06,36.06
2018-11-15,bolsa,36.3,36.3
2018-11-16,bolsa,36.15,36.15
2018-11-17,bolsa,36.15,36.15
2018-11-18,bolsa,36.15,36.15
2018-11-20,bolsa,36.25,36.25
2018-11-21,bolsa,36.43,36.43
2018-11-22,bolsa,36.49,36.49
2018-11-23,bolsa,37.81,37.81
2018-11-24,bolsa,37.81,37.81
2018-11-25,bolsa,37.81,37.81
2018-11-26,bolsa,39.17,39.17
2018-11-27,bolsa,38.67,38.67
2018-11-28,bolsa,38.62,38.62
2018-11-29,bolsa,37.68,37.68
2018-11-30,bolsa,37.68,37.68
2018-12-01,bolsa,37.68,37.68
2018-12-03,bolsa,36.67,36.67
2018-12-04,bolsa,37.48,37.48
2018-12-05,bolsa,37.57,37.57
2018-12-06,bolsa,37.88,37.88
2018-12-07,bolsa,37.62,37.62
2018-12-08,bolsa,37.62,37.62
2018-12-09,bolsa,37.62,37.62
2018-12-10,bolsa,37.83,37.83
2018-12-11,bolsa,37.71,37.71
2018-12-12,bolsa,37.75,37.75
2018-12-13,bolsa,38.1,38.1
2018-12-14,bolsa,38.47,38.47
2018-12-15,bolsa,38.47,38.47
2018-12-16,bolsa,38.47,38.47
2018-12-17,bolsa,38.53,38.53
2018-12-18,bolsa,38.52,38.52
2018-12-19,bolsa,38.58,38.58
2018-12-20,bolsa,38.41,38.41
2018-12-21,bolsa,38.14,38.14
2018-12-22,bolsa,38.14,38.14
2018-12-23,bolsa,38.14,38.14
2018-12-26,bolsa,38.55,38.55
2018-12-27,bolsa,38.68,38.68
2018-12-28,bolsa,38.11,38.11
2018-12-29,bolsa,38.11,38.11
2018-12-30,bolsa,38.11,38.11
2019-01-02,bolsa,37.82,37.82
2019-01-03,bolsa,37.68,37.68
2019-01-04,bolsa,37.56,37.56
2019-01-05,bolsa,37.56,37.56
2019-01-06,bolsa,37.56,37.56
2019-01-07,bolsa,37.37,37.37
2019-01-08,bolsa,37.75,37.75
2019-01-09,bolsa,37.45,37.45
2019-01-10,bolsa,37.34,37.34
2019-01-11,bolsa,37.09,37.09
2019-01-12,bolsa,37.09,37.09
2019-01-13,bolsa,37.09,37.09
2019-01-14,bolsa,36.99,36.99
2019-01-15,bolsa,37.28,37.28
2019-01-16,bolsa,37.62,37.62
2019-01-17,bolsa,37.85,37.85
2019-01-18,bolsa,37.82,37.82
2019-01-19,bolsa,37.82,37.82
2019-01-20,bolsa,37.82,37.82
2019-01-21,bolsa,37.76,37.76
2019-01-22,bolsa,37.68,37.68
2019-01-23,bolsa,37.65,37.65
2019-01-24,bolsa,37.55,37.55
2019-01-25,bolsa,37.2,37.2
2019-01-26,bolsa,37.2,37.2
2019-01-27,bolsa,37.2,37.2
2019-01-28,bolsa,37.27,37.27
2019-01-29,bolsa,37.69,37.69
2019-01-30,bolsa,37.57,37.57
2019-01-31,bolsa,37.54,37.54
2019-02-01,bolsa,37.44,37.44
2019-02-02,bolsa,37.44,37.44
2019-02-03,bolsa,37.44,37.44
2019-02-04,bolsa,37.26,37.26
2019-02-05,bolsa,37.27,37.27
2019-02-06,bolsa,37.68,37.68
2019-02-07,bolsa,37.95,37.95
2019-02-08,bolsa,37.92,37.92
2019-02-09,bolsa,37.92,37.92
2019-02-10,bolsa,37.92,37.92
2019-02-11,bolsa,38.09,38.09
2019-02-12,bolsa,38.07,38.07
2019-02-13,bolsa,38.21,38.21
2019-02-14,bolsa,38.4,38.4
2019-02-15,bolsa,38.84,38.84
2019-02-16,bolsa,38.84,38.84
2019-02-17,bolsa,38.84,38.84
2019-02-18,bolsa,38.88,38.88
2019-02-19,bolsa,39.29,39.29
2019-02-20,bolsa,39.87,39.87
2019-02-21,bolsa,39.87,39.87
2019-02-22,bolsa,39.49,39.49
2019-02-23,bolsa,39.49,39.49
2019-02-24,bolsa,39.49,39.49
2019-02-25,bolsa,39.15,39.15
2019-02-26,bolsa,38.9,38.9
2019-02-27,bolsa,38.9,38.9
2019-02-28,bolsa,39.33,39.33
2019-03-01,bolsa,40.16,40.16
2019-03-02,bolsa,40.16,40.16
2019-03-03,bolsa,40.16,40.16
2019-03-06,bolsa,40.83,40.83
2019-03-07,bolsa,42.81,42.81
2019-03-08,bolsa,41.35,41.35
2019-03-09,bolsa,41.35,41.35
2019-03-10,bolsa,41.35,41.35
2019-03-11,bolsa,41.38,41.38
2019-03-12,bolsa,41.59,41.59
2019-03-13,bolsa,41.23,41.23
2019-03-14,bolsa,40.91,40.91
2019-03-15,bolsa,40.14,40.14
2019-03-16,bolsa,40.14,40.14
2019-03-17,bolsa,40.14,40.14
2019-03-18,bolsa,40.03,40.03
2019-03-19,bolsa,40.6,40.6
2019-03-20,bolsa,40.78,40.78
2019-03-21,bolsa,41.2,41.2
2019-03-22,bolsa,42.13,42.13
2019-03-23,bolsa,42.13,42.13
2019-03-24,bolsa,42.13,42.13
2019-03-25,bolsa,42.12,42.12
2019-03-26,bolsa,42.66,42.66
2019-03-27,bolsa,44.12,44.12
2019-03-28,bolsa,43.82,43.82
2019-03-29,bolsa,43.66,43.66
2019-03-30,bolsa,43.66,43.66
2019-03-31,bolsa,43.66,43.66
2019-04-01,bolsa,42.8,42.8
2019-04-02,bolsa,42.8,42.8
2019-04-03,bolsa,42.96,42.96
2019-04-04,bolsa,43.66,43.66
2019-04-05,bolsa,43.94,43.94
2019-04-06,bolsa,43.94,43.94
2019-04-07,bolsa,43.94,43.94
2019-04-08,bolsa,43.62,43.62
2019-04-09,bolsa,43.36,43.36
2019-04-10,bolsa,43.09,43.09
2019-04-11,bolsa,42.88,42.88
2019-04-12,bolsa,42.43,42.43
2019-04-13,bolsa,42.43,42.43
2019-04-14,bolsa,42.43,42.43
2019-04-15,bolsa,41.8,41.8
2019-04-16,bolsa,43.25,43.25
2019-04-17,bolsa,42.38,42.38
2019-04-18,bolsa,42.38,42.38
2019-04-19,bolsa,42.38,42.38
2019-04-22,bolsa,42.64,42.64
2019-04-23,bolsa,42.49,42.49
2019-04-24,bolsa,44.43,44.43
2019-04-25,bolsa,44.89,44.89
2019-04-26,bolsa,46.24,46.24
2019-04-27,bolsa,46.24,46.24
2019-04-28,bolsa,46.24,46.24
2019-04-29,bolsa,44.51,44.51
2019-04-30,bolsa,44.27,44.27
2019-05-01,bolsa,44.27,44.27
2019-05-02,bolsa,44.72,44.72
2019-05-03,bolsa,44.35,44.35
2019-05-04,bolsa,44.35,44.35
2019-05-05,bolsa,44.35,44.35
2019-05-06,bolsa,44.57,44.57
2019-05-07,bolsa,45.53,45.53
2019-05-08,bolsa,45.23,45.23
2019-05-09,bolsa,45.08,45.08
2019-05-10,bolsa,44.88,44.88
2019-05-11,bolsa,44.88,44.88
2019-05-12,bolsa,44.88,44.88
2019-05-13,bolsa,45.17,45.17
2019-05-14,bolsa,44.96,44.96
2019-05-15,bolsa,45.0,45.0
2019-05-16,bolsa,44.75,44.75
2019-05-17,bolsa,45.14,45.14
2019-05-18,bolsa,45.14,45.14
2019-05-19,bolsa,45.14,45.14
2019-05-20,bolsa,45.3,45.3
2019-05-21,bolsa,44.82,44.82
2019-05-22,bolsa,44.94,44.94
2019-05-23,bolsa,45.12,45.12
2019-05-24,bolsa,44.95,44.95
2019-05-25,bolsa,44.95,44.95
2019-05-26,bolsa,44.95,44.95
2019-05-27,bolsa,44.75,44.75
2019-05-28,bolsa,44.66,44.66
2019-05-29,bolsa,44.39,44.39
2019-05-30,bolsa,44.49,44.49
2019-05-31,bolsa,44.84,44.84
2019-06-01,bolsa,44.84,44.84
2019-06-02,bolsa,44.84,44.84
2019-06-03,bolsa,44.98,44.98
2019-06-04,bolsa,44.6,44.6
2019-06-05,bolsa,44.85,44.85
2019-06-06,bolsa,44.95,44.95
2019-06-07,bolsa,44.85,44.85
2019-06-08,bolsa,44.85,44.85
2019-06-09,bolsa,44.85,44.85
2019-06-10,bolsa,44.85,44.85
2019-06-11,bolsa,44.51,44.51
2019-06-12,bolsa,43.6,43.6
2019-06-13,bolsa,43.28,43.28
2019-06-14,bolsa,44.09,44.09
2019-06-15,bolsa,44.09,44.09
2019-06-16,bolsa,44.09,44.09
2019-06-18,bolsa,43.45,43.45
2019-06-19,bolsa,43.33,43.33
2019-06-20,bolsa,43.33,43.33
2019-06-21,bolsa,42.97,42.97
2019-06-22,bolsa,42.97,42.97
2019-06-23,bolsa,42.97,42.97
2019-06-24,bolsa,42.49,42.49
2019-06-25,bolsa,42.59,42.59
2019-06-26,bolsa,42.75,42.75
2019-06-27,bolsa,42.75,42.75
2019-06-28,bolsa,42.48,42.48
2019-06-29,bolsa,42.48,42.48
2019-06-30,bolsa,42.48,42.48
2019-07-01,bolsa,42.41,42.41
2019-07-02,bolsa,42.26,42.26
2019-07-03,bolsa,41.95,41.95
2019-07-04,bolsa,41.91,41.91
2019-07-05,bolsa,41.82,41.82
2019-07-06,bolsa,41.82,41.82
2019-07-07,bolsa,41.82,41.82
2019-07-10,bolsa,42.0,42.0
2019-07-11,bolsa,41.62,41.62
2019-07-12,bolsa,41.69,41.69
2019-07-13,bolsa,41.69,41.69
2019-07-14,bolsa,41.69,41.69
2019-07-15,bolsa,42.44,42.44
2019-07-16,bolsa,42.73,42.73
2019-07-17,bolsa,42.49,42.49
2019-07-18,bolsa,42.5,42.5
2019-07-19,bolsa,42.28,42.28
2019-07-20,bolsa,42.28,42.28
2019-07-21,bolsa,42.28,42.28
2019-07-22,bolsa,42.62,42.62
2019-07-23,bolsa,42.75,42.75
2019-07-24,bolsa,42.94,42.94
2019-07-25,bolsa,43.29,43.29
2019-07-26,bolsa,43.61,43.61
2019-07-27,bolsa,43.61,43.61
2019-07-28,bolsa,43.61,43.61
2019-07-29,bolsa,43.65,43.65
2019-07-30,bolsa,43.97,43.97
2019-07-31,bolsa,44.07,44.07
2019-08-01,bolsa,44.52,44.52
2019-08-02,bolsa,44.66,44.66
2019-08-03,bolsa,44.66,44.66
2019-08-04,bolsa,44.66,44.66
2019-08-05,bolsa,45.59,45.59
2019-08-06,bolsa,45.34,45.34
2019-08-07,bolsa,45.57,45.57
2019-08-08,bolsa,45.5,45.5
2019-08-09,bolsa,45.28,45.28
2019-08-10,bolsa,45.28,45.28
2019-08-11,bolsa,45.28,45.28
2019-08-12,bolsa,54.52,54.52
2019-08-13,bolsa,58.16,58.16
2019-08-14,bolsa,60.73,60.73
2019-08-15,bolsa,57.67,57.67
2019-08-16,bolsa,55.88,55.88
2019-08-17,bolsa,55.88,55.88
2019-08-18,bolsa,55.88,55.88
2019-08-20,bolsa,55.17,55.17
2019-08-21,bolsa,55.02,55.02
2019-08-22,bolsa,55.05,55.05
2019-08-23,bolsa,54.76,54.76
2019-08-24,bolsa,54.76,54.76
2019-08-25,bolsa,54.76,54.76
2019-08-26,bolsa,55.3,55.3
2019-08-27,bolsa,56.64,56.64
2019-08-28,bolsa,59.4,59.4
2019-08-29,bolsa,57.69,57.69
2019-08-30,bolsa,61.96,61.96
2019-08-31,bolsa,61.96,61.96
2019-09-01,bolsa,61.96,61.96
2019-09-02,bolsa,60.03,60.03
2019-09-03,bolsa,59.77,59.77
2019-09-04,bolsa,59.64,59.64
2019-09-05,bolsa,60.64,60.64
2019-09-06,bolsa,62.35,62.35
2019-09-07,bolsa,62.35,62.35
2019-09-08,bolsa,62.35,62.35
2019-09-09,bolsa,61.09,61.09
2019-09-10,bolsa,62.6,62.6
2019-09-11,bolsa,63.49,63.49
2019-09-12,bolsa,64.89,64.89
2019-09-13,bolsa,69.21,69.21
2019-09-14,bolsa,69.21,69.21
2019-09-15,bolsa,69.21,69.21
2019-09-16,bolsa,66.6,66.6
2019-09-17,bolsa,65.38,65.38
2019-09-18,bolsa,65.37,65.37
2019-09-19,bolsa,63.78,63.78
2019-09-20,bolsa,64.67,64.67
2019-09-21,bolsa,64.67,64.67
2019-09-22,bolsa,64.67,64.67
2019-09-23,bolsa,64.23,64.23
2019-09-24,bolsa,61.83,61.83
2019-09-25,bolsa,62.05,62.05
2019-09-26,bolsa,60.96,60.96
2019-09-27,bolsa,60.78,60.78
2019-09-28,bolsa,60.78,60.78
2019-09-29,bolsa,60.78,60.78
2019-09-30,bolsa,61.02,61.02
2019-10-01,bolsa,62.9,62.9
2019-10-02,bolsa,62.7,62.7
2019-10-03,bolsa,61.99,61.99
2019-10-04,bolsa,63.42,63.42
2019-10-05,bolsa,63.42,63.42
2019-10-06,bolsa,63.42,63.42
2019-10-07,bolsa,62.58,62.58
2019-10-08,bolsa,62.98,62.98
2019-10-09,bolsa,64.48,64.48
2019-10-10,bolsa,64.83,64.83
2019-10-11,bolsa,66.53,66.53
2019-10-12,bolsa,66.53,66.53
2019-10-13,bolsa,66.53,66.53
2019-10-15,bolsa,66.5,66.5
2019-10-16,bolsa,66.85,66.85
2019-10-17,bolsa,70.11,70.11
2019-10-18,bolsa,70.98,70.98
2019-10-19,bolsa,70.98,70.98
2019-10-20,bolsa,70.98,70.98
2019-10-21,bolsa,71.68,71.68
2019-10-22,bolsa,74.96,74.96
2019-10-23,bolsa,71.73,71.73
2019-10-24,bolsa,73.23,73.23
2019-10-25,bolsa,77.14,77.14
2019-10-26,bolsa,77.14,77.14
2019-10-27,bolsa,77.14,77.14
2019-10-28,bolsa,76.8,76.8
2019-10-29,bolsa,73.01,73.01
2019-10-30,bolsa,74.81,74.81
2019-10-31,bolsa,76.27,76.27
2019-11-01,bolsa,76.28,76.28
2019-11-02,bolsa,76.28,76.28
2019-11-03,bolsa,76.28,76.28
2019-11-04,bolsa,74.49,74.49
2019-11-05,bolsa,73.73,73.73
2019-11-06,bolsa,73.73,73.73
2019-11-07,bolsa,72.92,72.92
2019-11-08,bolsa,73.62,73.62
2019-11-09,bolsa,73.62,73.62
2019-11-10,bolsa,73.62,73.62
2019-11-11,bolsa,72.15,72.15
2019-11-12,bolsa,72.67,72.67
2019-11-13,bolsa,71.51,71.51
2019-11-14,bolsa,71.84,71.84
2019-11-15,bolsa,71.56,71.56
2019-11-16,bolsa,71.56,71.56
2019-11-17,bolsa,71.56,71.56
2019-11-19,bolsa,72.38,72.38
2019-11-20,bolsa,71.97,71.97
2019-11-21,bolsa,71.47,71.47
2019-11-22,bolsa,71.61,71.61
2019-11-23,bolsa,71.61,71.61
2019-11-24,bolsa,71.61,71.61
2019-11-25,bolsa,70.93,70.93
2019-11-26,bolsa,70.11,70.11
2019-11-27,bolsa,70.66,70.66
2019-11-28,bolsa,70.97,70.97
2019-11-29,bolsa,72.7,72.7
2019-11-30,bolsa,72.7,72.7
2019-12-01,bolsa,72.7,72.7
2019-12-02,bolsa,72.54,72.54
2019-12-03,bolsa,72.2,72.2
2019-12-04,bolsa,73.69,73.69
2019-12-05,bolsa,75.81,75.81
2019-12-06,bolsa,75.39,75.39
2019-12-07,bolsa,75.39,75.39
2019-12-08,bolsa,75.39,75.39
2019-12-09,bolsa,73.4,73.4
2019-12-10,bolsa,72.79,72.79
2019-12-11,bolsa,73.16,73.16
2019-12-12,bolsa,70.16,70.16
2019-12-13,bolsa,70.38,70.38
2019-12-14,bolsa,70.38,70.38
2019-12-15,bolsa,70.38,70.38
2019-12-16,bolsa,73.11,73.11
2019-12-17,bolsa,73.12,73.12
2019-12-18,bolsa,71.49,71.49
2019-12-19,bolsa,70.93,70.93
2019-12-20,bolsa,71.09,71.09
2019-12-21,bolsa,71.09,71.09
2019-12-22,bolsa,71.09,71.09
2019-12-23,bolsa,72.61,72.61
2019-12-24,bolsa,72.61,72.61
2019-12-25,bolsa,72.61,72.61
2019-12-26,bolsa,71.54,71.54
2019-12-27,bolsa,72.09,72.09
2019-12-28,bolsa,72.09,72.09
2019-12-29,bolsa,72.09,72.09
2019-12-30,bolsa,72.43,72.43
2019-12-31,bolsa,72.43,72.43
2020-01-01,bolsa,72.43,72.43
2020-01-02,bolsa,74.51,74.51
2020-01-03,bolsa,75.88,75.88
2020-01-04,bolsa,75.88,75.88
2020-01-05,bolsa,75.88,75.88
2020-01-06,bolsa,75.8,75.8
2020-01-07,bolsa,76.03,76.03
2020-01-08,bolsa,74.81,74.81
2020-01-09,bolsa,76.22,76.22
2020-01-10,bolsa,77.65,77.65
2020-01-11,bolsa,77.65,77.65
2020-01-12,bolsa,77.65,77.65
2020-01-13,bolsa,79.9,79.9
2020-01-14,bolsa,79.27,79.27
2020-01-15,bolsa,79.4,79.4
2020-01-16,bolsa,80.03,80.03
2020-01-17,bolsa,79.62,79.62
2020-01-18,bolsa,79.62,79.62
2020-01-19,bolsa,79.62,79.62
2020-01-20,bolsa,79.89,79.89
2020-01-21,bolsa,79.93,79.93
2020-01-22,bolsa,80.32,80.32
2020-01-23,bolsa,81.57,81.57
2020-01-24,bolsa,81.86,81.86
2020-01-25,bolsa,81.86,81.86
2020-01-26,bolsa,81.86,81.86
2020-01-27,bolsa,81.84,81.84
2020-01-28,bolsa,82.71,82.71
2020-01-29,bolsa,82.22,82.22
2020-01-30,bolsa,82.97,82.97
2020-01-31,bolsa,83.79,83.79
2020-02-01,bolsa,83.79,83.79
2020-02-02,bolsa,83.79,83.79
2020-02-03,bolsa,82.56,82.56
2020-02-04,bolsa,82.9,82.9
2020-02-05,bolsa,82.83,82.83
2020-02-06,bolsa,82.66,82.66
2020-02-07,bolsa,82.43,82.43
2020-02-08,bolsa,82.43,82.43
2020-02-09,bolsa,82.43,82.43
2020-02-10,bolsa,82.29,82.29
2020-02-11,bolsa,82.32,82.32
2020-02-12,bolsa,81.56,81.56
2020-02-13,bolsa,81.95,81.95
2020-02-14,bolsa,82.19,82.19
2020-02-15,bolsa,82.19,82.19
2020-02-16,bolsa,82.19,82.19
2020-02-17,bolsa,81.52,81.52
2020-02-18,bolsa,80.44,80.44
2020-02-19,bolsa,80.74,80.74
2020-02-20,bolsa,80.18,80.18
2020-02-21,bolsa,79.75,79.75
2020-02-22,bolsa,79.75,79.75
2020-02-23,bolsa,79.75,79.75
2020-02-26,bolsa,79.81,79.81
2020-02-27,bolsa,79.56,79.56
2020-02-28,bolsa,80.87,80.87
2020-02-29,bolsa,80.87,80.87
2020-03-01,bolsa,80.87,80.87
2020-03-02,bolsa,81.25,81.25
2020-03-03,bolsa,80.8,80.8
2020-03-04,bolsa,80.35,80.35
2020-03-05,bolsa,80.13,80.13
2020-03-06,bolsa,81.61,81.61
2020-03-07,bolsa,81.61,81.61
2020-03-08,bolsa,81.61,81.61
2020-03-09,bolsa,85.12,85.12
2020-03-10,bolsa,83.4,83.4
2020-03-11,bolsa,85.76,85.76
2020-03-12,bolsa,87.48,87.48
2020-03-13,bolsa,88.22,88.22
2020-03-14,bolsa,88.22,88.22
2020-03-15,bolsa,88.22,88.22
2020-03-16,bolsa,88.17,88.17
2020-03-17,bolsa,86.9,86.9
2020-03-18,bolsa,88.35,88.35
2020-03-19,bolsa,88.53,88.53
2020-03-20,bolsa,91.4,91.4
2020-03-21,bolsa,91.4,91.4
2020-03-22,bolsa,91.4,91.4
2020-03-25,bolsa,86.79,86.79
2020-03-26,bolsa,83.2,83.2
2020-03-27,bolsa,85.42,85.42
2020-03-28,bolsa,85.42,85.42
2020-03-29,bolsa,85.42,85.42
2020-03-30,bolsa,85.96,85.96
2020-03-31,bolsa,85.96,85.96
2020-04-01,bolsa,87.88,87.88
2020-04-02,bolsa,87.78,87.78
2020-04-03,bolsa,88.42,88.42
2020-04-04,bolsa,88.42,88.42
2020-04-05,bolsa,88.42,88.42
2020-04-06,bolsa,89.57,89.57
2020-04-07,bolsa,90.44,90.44
2020-04-08,bolsa,94.27,94.27
2020-04-09,bolsa,94.27,94.27
2020-04-10,bolsa,94.27,94.27
2020-04-13,bolsa,101.09,101.09
2020-04-14,bolsa,106.26,106.26
2020-04-15,bolsa,108.32,108.32
2020-04-16,bolsa,103.37,103.37
2020-04-17,bolsa,99.84,99.84
2020-04-18,bolsa,99.84,99.84
2020-04-19,bolsa,99.84,99.84
2020-04-20,bolsa,104.23,104.23
2020-04-21,bolsa,108.43,108.43
2020-04-22,bolsa,109.18,109.18
2020-04-23,bolsa,110.05,110.05
2020-04-24,bolsa,108.35,108.35
2020-04-25,bolsa,108.35,108.35
2020-04-26,bolsa,108.35,108.35
2020-04-27,bolsa,112.92,112.92
2020-04-28,bolsa,116.95,116.95
2020-04-29,bolsa,108.87,108.87
2020-04-30,bolsa,112.31,112.31
2020-05-01,bolsa,112.31,112.31
2020-05-02,bolsa,112.31,112.31
2020-05-04,bolsa,110.19,110.19
2020-05-05,bolsa,117.08,117.08
2020-05-06,bolsa,115.88,115.88
2020-05-07,bolsa,115.77,115.77
2020-05-08,bolsa,112.98,112.98
2020-05-09,bolsa,112.98,112.98
2020-05-10,bolsa,112.98,112.98
2020-05-11,bolsa,115.98,115.98
2020-05-12,bolsa,119.31,119.31
2020-05-13,bolsa,122.77,122.77
2020-05-14,bolsa,119.36,119.36
2020-05-15,bolsa,117.95,117.95
2020-05-16,bolsa,117.95,117.95
2020-05-17,bolsa,117.95,117.95
2020-05-18,bolsa,115.54,115.54
2020-05-19,bolsa,114.22,114.22
2020-05-20,bolsa,114.84,114.84
2020-05-21,bolsa,114.37,114.37
2020-05-22,bolsa,109.53,109.53
2020-05-23,bolsa,109.53,109.53
2020-05-24,bolsa,109.53,109.53
2020-05-25,bolsa,109.53,109.53
2020-05-26,bolsa,106.32,106.32
2020-05-27,bolsa,105.56,105.56
2020-05-28,bolsa,109.41,109.41
2020-05-29,bolsa,107.71,107.71
2020-05-30,bolsa,107.71,107.71
2020-05-31,bolsa,107.71,107.71
2020-06-01,bolsa,108.77,108.77
2020-06-02,bolsa,106.39,106.39
2020-06-03,bolsa,107.91,107.91
2020-06-04,bolsa,108.27,108.27
2020-06-05,bolsa,109.86,109.86
2020-06-06,bolsa,109.86,109.86
2020-06-07,bolsa,109.86,109.86
2020-06-08,bolsa,110.0,110.0
2020-06-09,bolsa,108.73,108.73
2020-06-10,bolsa,108.07,108.07
2020-06-11,bolsa,107.49,107.49
2020-06-12,bolsa,106.59,106.59
2020-06-13,bolsa,106.59,106.59
2020-06-14,bolsa,106.59,106.59
2020-06-15,bolsa,106.59,106.59
2020-06-16,bolsa,105.31,105.31
2020-06-17,bolsa,104.96,104.96
2020-06-18,bolsa,107.1,107.1
2020-06-19,bolsa,109.53,109.53
2020-06-20,bolsa,109.53,109.53
2020-06-21,bolsa,109.53,109.53
2020-06-22,bolsa,108.12,108.12
2020-06-23,bolsa,107.67,107.67
2020-06-24,bolsa,107.3,107.3
2020-06-25,bolsa,104.21,104.21
2020-06-26,bolsa,102.47,102.47
2020-06-27,bolsa,102.47,102.47
2020-06-28,bolsa,102.47,102.47
2020-06-29,bolsa,100.39,100.39
2020-06-30,bolsa,100.53,100.53
2020-07-01,bolsa,105.5,105.5
2020-07-02,bolsa,107.24,107.24
2020-07-03,bolsa,105.79,105.79
2020-07-04,bolsa,105.79,105.79
2020-07-05,bolsa,105.79,105.79
2020-07-06,bolsa,106.7,106.7
2020-07-07,bolsa,108.58,108.58
2020-07-08,bolsa,108.98,108.98
2020-07-09,bolsa,108.98,108.98
2020-07-10,bolsa,108.98,108.98
2020-07-13,bolsa,109.73,109.73
2020-07-14,bolsa,110.97,110.97
2020-07-15,bolsa,112.02,112.02
2020-07-16,bolsa,112.0,112.0
2020-07-17,bolsa,115.39,115.39
2020-07-18,bolsa,115.39,115.39
2020-07-19,bolsa,115.39,115.39
2020-07-20,bolsa,117.57,117.57
2020-07-21,bolsa,116.07,116.07
2020-07-22,bolsa,114.45,114.45
2020-07-23,bolsa,111.78,111.78
2020-07-24,bolsa,114.57,114.57
2020-07-25,bolsa,114.57,114.57
2020-07-26,bolsa,114.57,114.57
2020-07-27,bolsa,115.67,115.67
2020-07-28,bolsa,115.89,115.89
2020-07-29,bolsa,116.72,116.72
2020-07-30,bolsa,119.54,119.54
2020-07-31,bolsa,122.21,122.21
2020-08-01,bolsa,122.21,122.21
2020-08-02,bolsa,122.21,122.21
2020-08-03,bolsa,122.0,122.0
2020-08-04,bolsa,116.28,116.28
2020-08-05,bolsa,117.17,117.17
2020-08-06,bolsa,121.68,121.68
2020-08-07,bolsa,124.65,124.65
2020-08-08,bolsa,124.65,124.65
2020-08-09,bolsa,124.65,124.65
2020-08-10,bolsa,125.84,125.84
2020-08-11,bolsa,124.53,124.53
2020-08-12,bolsa,125.73,125.73
2020-08-13,bolsa,125.3,125.3
2020-08-14,bolsa,124.22,124.22
2020-08-15,bolsa,124.22,124.22
2020-08-16,bolsa,124.22,124.22
2020-08-17,bolsa,124.22,124.22
2020-08-18,bolsa,125.69,125.69
2020-08-19,bolsa,127.61,127.61
2020-08-20,bolsa,129.42,129.42
2020-08-21,bolsa,129.52,129.52
2020-08-22,bolsa,129.52,129.52
2020-08-23,bolsa,129.52,129.52
2020-08-24,bolsa,130.33,130.33
2020-08-25,bolsa,127.69,127.69
2020-08-26,bolsa,125.16,125.16
2020-08-27,bolsa,122.29,122.29
2020-08-28,bolsa,121.73,121.73
2020-08-29,bolsa,121.73,121.73
2020-08-30,bolsa,121.73,121.73
2020-08-31,bolsa,121.57,121.57
2020-09-01,bolsa,117.64,117.64
2020-09-02,bolsa,119.72,119.72
2020-09-03,bolsa,119.51,119.51
2020-09-04,bolsa,120.0,120.0
2020-09-05,bolsa,120.0,120.0
2020-09-06,bolsa,120.0,120.0
2020-09-07,bolsa,117.84,117.84
2020-09-08,bolsa,116.41,116.41
2020-09-09,bolsa,119.67,119.67
2020-09-10,bolsa,123.41,123.41
2020-09-11,bolsa,125.17,125.17
2020-09-12,bolsa,125.17,125.17
2020-09-13,bolsa,125.17,125.17
2020-09-14,bolsa,123.21,123.21
2020-09-15,bolsa,122.06,122.06
2020-09-16,bolsa,127.61,127.61
2020-09-17,bolsa,126.33,126.33
2020-09-18,bolsa,129.72,129.72
2020-09-19,bolsa,129.72,129.72
2020-09-20,bolsa,129.72,129.72
2020-09-21,bolsa,130.98,130.98
2020-09-22,bolsa,134.39,134.39
2020-09-23,bolsa,134.69,134.69
2020-09-24,bolsa,130.87,130.87
2020-09-25,bolsa,135.29,135.29
2020-09-26,bolsa,135.29,135.29
2020-09-27,bolsa,135.29,135.29
2020-09-28,bolsa,137.31,137.31
2020-09-29,bolsa,138.8,138.8
2020-09-30,bolsa,138.79,138.79
2020-10-01,bolsa,139.04,139.04
2020-10-02,bolsa,138.15,138.15
2020-10-03,bolsa,138.15,138.15
2020-10-04,bolsa,138.15,138.15
2020-10-05,bolsa,140.79,140.79
2020-10-06,bolsa,140.16,140.16
2020-10-07,bolsa,138.97,138.97
2020-10-08,bolsa,140.94,140.94
2020-10-09,bolsa,143.42,143.42
2020-10-10,bolsa,143.42,143.42
2020-10-11,bolsa,143.42,143.42
2020-10-12,bolsa,143.42,143.42
2020-10-13,bolsa,144.95,144.95
2020-10-14,bolsa,150.28,150.28
2020-10-15,bolsa,154.97,154.97
2020-10-16,bolsa,152.07,152.07
2020-10-17,bolsa,152.07,152.07
2020-10-18,bolsa,152.07,152.07
2020-10-19,bolsa,153.4,153.4
2020-10-20,bolsa,160.92,160.92
2020-10-21,bolsa,162.66,162.66
2020-10-22,bolsa,163.09,163.09
2020-10-23,bolsa,155.17,155.17
2020-10-24,bolsa,155.17,155.17
2020-10-25,bolsa,155.17,155.17
2020-10-26,bolsa,157.21,157.21
2020-10-27,bolsa,152.98,152.98
2020-10-28,bolsa,144.85,144.85
2020-10-29,bolsa,144.04,144.04
2020-10-30,bolsa,143.23,143.23
2020-10-31,bolsa,143.23,143.23
2020-11-01,bolsa,143.23,143.23
2020-11-02,bolsa,139.23,139.23
2020-11-03,bolsa,140.18,140.18
2020-11-04,bolsa,139.75,139.75
2020-11-05,bolsa,141.88,141.88
2020-11-06,bolsa,141.88,141.88
2020-11-07,bolsa,141.88,141.88
2020-11-09,bolsa,141.98,141.98
2020-11-10,bolsa,141.43,141.43
2020-11-11,bolsa,145.54,145.54
2020-11-12,bolsa,141.5,141.5
2020-11-13,bolsa,141.23,141.23
2020-11-14,bolsa,141.23,141.23
2020-11-15,bolsa,141.23,141.23
2020-11-16,bolsa,142.82,142.82
2020-11-17,bolsa,144.1,144.1
2020-11-18,bolsa,145.95,145.95
2020-11-19,bolsa,146.53,146.53
2020-11-20,bolsa,147.17,147.17
2020-11-21,bolsa,147.17,147.17
2020-11-22,bolsa,147.17,147.17
2020-11-23,bolsa,147.17,147.17
2020-11-24,bolsa,147.88,147.88
2020-11-25,bolsa,146.68,146.68
2020-11-26,bolsa,146.59,146.59
2020-11-27,bolsa,145.45,145.45
2020-11-28,bolsa,145.45,145.45
2020-11-29,bolsa,145.45,145.45
2020-11-30,bolsa,144.55,144.55
2020-12-01,bolsa,144.7,144.7
2020-12-02,bolsa,144.36,144.36
2020-12-03,bolsa,139.74,139.74
2020-12-04,bolsa,142.05,142.05
2020-12-05,bolsa,142.05,142.05
2020-12-06,bolsa,142.05,142.05
2020-12-07,bolsa,142.05,142.05
2020-12-08,bolsa,142.05,142.05
2020-12-09,bolsa,139.49,139.49
2020-12-10,bolsa,138.22,138.22
2020-12-11,bolsa,138.22,138.22
2020-12-12,bolsa,138.22,138.22
2020-12-13,bolsa,138.22,138.22
2020-12-14,bolsa,140.29,140.29
2020-12-15,bolsa,141.82,141.82
2020-12-16,bolsa,141.26,141.26
2020-12-17,bolsa,140.79,140.79
2020-12-18,bolsa,140.73,140.73
2020-12-19,bolsa,140.73,140.73
2020-12-20,bolsa,140.73,140.73
2020-12-21,bolsa,138.81,138.81
2020-12-22,bolsa,140.04,140.04
2020-12-23,bolsa,140.35,140.35
2020-12-24,bolsa,140.35,140.35
2020-12-25,bolsa,140.35,140.35
2020-12-28,bolsa,140.0,140.0
2020-12-29,bolsa,140.04,140.04
2020-12-30,bolsa,139.99,139.99
2020-12-31,bolsa,139.99,139.99
2021-01-01,bolsa,139.99,139.99
2021-01-04,bolsa,142.32,142.32
2021-01-05,bolsa,143.55,143.55
2021-01-06,bolsa,144.39,144.39
2021-01-07,bolsa,145.84,145.84
2021-01-08,bolsa,145.06,145.06
2021-01-09,bolsa,145.06,145.06
2021-01-10,bolsa,145.06,145.06
2021-01-11,bolsa,145.8,145.8
2021-01-12,bolsa,144.98,144.98
2021-01-13,bolsa,144.72,144.72
2021-01-14,bolsa,145.42,145.42
2021-01-15,bolsa,145.39,145.39
2021-01-16,bolsa,145.39,145.39
2021-01-17,bolsa,145.39,145.39
2021-01-18,bolsa,145.39,145.39
2021-01-19,bolsa,145.48,145.48
2021-01-20,bolsa,145.72,145.72
2021-01-21,bolsa,145.96,145.96
2021-01-22,bolsa,145.88,145.88
2021-01-23,bolsa,145.88,145.88
2021-01-24,bolsa,145.88,145.88
2021-01-25,bolsa,146.38,146.38
2021-01-26,bolsa,146.89,146.89
2021-01-27,bolsa,147.38,147.38
2021-01-28,bolsa,147.9,147.9
2021-01-29,bolsa,147.88,147.88
2021-01-30,bolsa,147.88,147.88
2021-01-31,bolsa,147.88,147.88
2021-02-01,bolsa,148.33,148.33
2021-02-02,bolsa,148.83,148.83
2021-02-03,bolsa,149.34,149.34
2021-02-04,bolsa,149.84,149.84
2021-02-05,bolsa,149.6,149.6
2021-02-06,bolsa,149.6,149.6
2021-02-07,bolsa,149.6,149.6
2021-02-08,bolsa,149.6,149.6
2021-02-09,bolsa,150.0,150.0
2021-02-10,bolsa,149.75,149.75
2021-02-11,bolsa,148.34,148.34
2021-02-12,bolsa,147.65,147.65
2021-02-13,bolsa,147.65,147.65
2021-02-14,bolsa,147.65,147.65
2021-02-15,bolsa,147.65,147.65
2021-02-16,bolsa,147.65,147.65
2021-02-17,bolsa,143.47,143.47
2021-02-18,bolsa,141.77,141.77
2021-02-19,bolsa,140.65,140.65
2021-02-20,bolsa,140.65,140.65
2021-02-21,bolsa,140.65,140.65
2021-02-22,bolsa,138.79,138.79
2021-02-23,bolsa,139.86,139.86
2021-02-24,bolsa,140.94,140.94
2021-02-25,bolsa,141.92,141.92
2021-02-26,bolsa,141.92,141.92
2021-02-27,bolsa,141.92,141.92
2021-02-28,bolsa,141.92,141.92
2021-03-01,bolsa,143.8,143.8
2021-03-02,bolsa,146.13,146.13
2021-03-03,bolsa,146.11,146.11
2021-03-04,bolsa,145.11,145.11
2021-03-05,bolsa,145.87,145.87
2021-03-06,bolsa,145.87,145.87
2021-03-07,bolsa,145.87,145.87
2021-03-08,bolsa,145.87,145.87
2021-03-09,bolsa,145.39,145.39
2021-03-10,bolsa,144.43,144.43
2021-03-11,bolsa,144.3,144.3
2021-03-12,bolsa,144.84,144.84
2021-03-13,bolsa,144.84,144.84
2021-03-14,bolsa,144.84,144.84
2021-03-15,bolsa,144.59,144.59
2021-03-16,bolsa,144.6,144.6
2021-03-17,bolsa,145.28,145.28
2021-03-18,bolsa,144.71,144.71
2021-03-19,bolsa,144.0,144.0
2021-03-20,bolsa,144.0,144.0
2021-03-21,bolsa,144.0,144.0
2021-03-22,bolsa,143.15,143.15
2021-03-23,bolsa,142.78,142.78
2021-03-24,bolsa,142.78,142.78
2021-03-25,bolsa,141.19,141.19
2021-03-26,bolsa,138.45,138.45
2021-03-27,bolsa,138.45,138.45
2021-03-28,bolsa,138.45,138.45
2021-03-29,bolsa,138.48,138.48
2021-03-30,bolsa,140.39,140.39
2021-03-31,bolsa,142.19,142.19
2021-04-01,bolsa,142.19,142.19
2021-04-02,bolsa,142.19,142.19
2021-04-05,bolsa,141.81,141.81
2021-04-06,bolsa,143.66,143.66
2021-04-07,bolsa,143.77,143.77
2021-04-08,bolsa,144.66,144.66
2021-04-09,bolsa,144.38,144.38
2021-04-10,bolsa,144.38,144.38
2021-04-11,bolsa,144.38,144.38
2021-04-12,bolsa,143.26,143.26
2021-04-13,bolsa,142.79,142.79
2021-04-14,bolsa,143.8,143.8
2021-04-15,bolsa,143.65,143.65
2021-04-16,bolsa,143.71,143.71
2021-04-17,bolsa,143.71,143.71
2021-04-18,bolsa,143.71,143.71
2021-04-19,bolsa,144.37,144.37
2021-04-20,bolsa,145.94,145.94
2021-04-21,bolsa,145.44,145.44
2021-04-22,bolsa,145.5,145.5
2021-04-23,bolsa,148.36,148.36
2021-04-24,bolsa,148.36,148.36
2021-04-25,bolsa,148.36,148.36
2021-04-26,bolsa,150.27,150.27
2021-04-27,bolsa,151.49,151.49
2021-04-28,bolsa,151.8,151.8
2021-04-29,bolsa,152.2,152.2
2021-04-30,bolsa,152.19,152.19
2021-05-01,bolsa,152.19,152.19
2021-05-02,bolsa,152.19,152.19
2021-05-03,bolsa,152.96,152.96
2021-05-04,bolsa,153.33,153.33
2021-05-05,bolsa,153.82,153.82
2021-05-06,bolsa,154.3,154.3
2021-05-07,bolsa,154.4,154.4
2021-05-08,bolsa,154.4,154.4
2021-05-09,bolsa,154.4,154.4
2021-05-10,bolsa,153.95,153.95
2021-05-11,bolsa,153.16,153.16
2021-05-12,bolsa,153.21,153.21
2021-05-13,bolsa,153.71,153.71
2021-05-14,bolsa,154.17,154.17
2021-05-15,bolsa,154.17,154.17
2021-05-16,bolsa,154.17,154.17
2021-05-17,bolsa,154.65,154.65
2021-05-18,bolsa,154.65,154.65
2021-05-19,bolsa,156.49,156.49
2021-05-20,bolsa,157.22,157.22
2021-05-21,bolsa,158.37,158.37
2021-05-22,bolsa,158.37,158.37
2021-05-23,bolsa,158.37,158.37
2021-05-24,bolsa,158.37,158.37
2021-05-25,bolsa,158.37,158.37
2021-05-26,bolsa,158.05,158.05
2021-05-27,bolsa,158.72,158.72
2021-05-28,bolsa,159.49,159.49
2021-05-29,bolsa,159.49,159.49
2021-05-30,bolsa,159.49,159.49
2021-05-31,bolsa,160.23,160.23
2021-06-01,bolsa,160.96,160.96
2021-06-02,bolsa,161.71,161.71
2021-06-03,bolsa,161.33,161.33
2021-06-04,bolsa,160.86,160.86
2021-06-05,bolsa,160.86,160.86
2021-06-06,bolsa,160.86,160.86
2021-06-07,bolsa,160.55,160.55
2021-06-08,bolsa,160.48,160.48
2021-06-09,bolsa,159.68,159.68
2021-06-10,bolsa,159.07,159.07
2021-06-11,bolsa,158.09,158.09
2021-06-12,bolsa,158.09,158.09
2021-06-13,bolsa,158.09,158.09
2021-06-14,bolsa,157.95,157.95
2021-06-15,bolsa,158.72,158.72
2021-06-16,bolsa,159.19,159.19
2021-06-17,bolsa,160.41,160.41
2021-06-18,bolsa,159.84,159.84
2021-06-19,bolsa,159.84,159.84
2021-06-20,bolsa,159.84,159.84
2021-06-21,bolsa,159.84,159.84
2021-06-22,bolsa,160.63,160.63
2021-06-23,bolsa,160.92,160.92
2021-06-24,bolsa,162.03,162.03
2021-06-25,bolsa,163.53,163.53
2021-06-26,bolsa,163.53,163.53
2021-06-27,bolsa,163.53,163.53
2021-06-28,bolsa,162.78,162.78
2021-06-29,bolsa,163.75,163.75
2021-06-30,bolsa,163.57,163.57
2021-07-01,bolsa,165.77,165.77
2021-07-02,bolsa,166.35,166.35
2021-07-03,bolsa,166.35,166.35
2021-07-04,bolsa,166.35,166.35
2021-07-05,bolsa,166.45,166.45
2021-07-06,bolsa,165.98,165.98
2021-07-07,bolsa,166.2,166.2
2021-07-08,bolsa,166.42,166.42
2021-07-09,bolsa,166.42,166.42
2021-07-10,bolsa,166.42,166.42
2021-07-12,bolsa,166.05,166.05
2021-07-13,bolsa,165.38,165.38
2021-07-14,bolsa,165.29,165.29
2021-07-15,bolsa,165.26,165.26
2021-07-16,bolsa,165.5,165.5
2021-07-17,bolsa,165.5,165.5
2021-07-18,bolsa,165.5,165.5
2021-07-19,bolsa,165.79,165.79
2021-07-20,bolsa,166.07,166.07
2021-07-21,bolsa,166.3,166.3
2021-07-22,bolsa,166.39,166.39
2021-07-23,bolsa,166.48,166.48
2021-07-24,bolsa,166.48,166.48
2021-07-25,bolsa,166.48,166.48
2021-07-26,bolsa,166.81,166.81
2021-07-27,bolsa,167.36,167.36
2021-07-28,bolsa,167.9,167.9
2021-07-29,bolsa,167.9,167.9
2021-07-30,bolsa,168.19,168.19
2021-07-31,bolsa,168.19,168.19
2021-08-01,bolsa,168.19,168.19
2021-08-02,bolsa,168.67,168.67
2021-08-03,bolsa,169.57,169.57
2021-08-04,bolsa,169.73,169.73
2021-08-05,bolsa,169.93,169.93
2021-08-06,bolsa,170.09,170.09
2021-08-07,bolsa,170.09,170.09
2021-08-08,bolsa,170.09,170.09
2021-08-09,bolsa,169.94,169.94
2021-08-10,bolsa,169.87,169.87
2021-08-11,bolsa,170.03,170.03
2021-08-12,bolsa,169.62,169.62
2021-08-13,bolsa,169.45,169.45
2021-08-14,bolsa,169.45,169.45
2021-08-15,bolsa,169.45,169.45
2021-08-16,bolsa,169.45,169.45
2021-08-17,bolsa,169.41,169.41
2021-08-18,bolsa,169.39,169.39
2021-08-19,bolsa,169.36,169.36
2021-08-20,bolsa,169.32,169.32
2021-08-21,bolsa,169.32,169.32
2021-08-22,bolsa,169.32,169.32
2021-08-23,bolsa,169.46,169.46
2021-08-24,bolsa,169.43,169.43
2021-08-25,bolsa,169.66,169.66
2021-08-26,bolsa,169.96,169.96
2021-08-27,bolsa,169.97,169.97
2021-08-28,bolsa,169.97,169.97
2021-08-29,bolsa,169.97,169.97
2021-08-30,bolsa,169.98,169.98
2021-08-31,bolsa,170.26,170.26
2021-09-01,bolsa,170.42,170.42
2021-09-02,bolsa,170.58,170.58
2021-09-03,bolsa,170.58,170.58
2021-09-04,bolsa,170.58,170.58
2021-09-05,bolsa,170.58,170.58
2021-09-06,bolsa,170.82,170.82
2021-09-07,bolsa,171.2,171.2
2021-09-08,bolsa,170.68,170.68
2021-09-09,bolsa,170.67,170.67
2021-09-10,bolsa,170.65,170.65
2021-09-11,bolsa,170.65,170.65
2021-09-12,bolsa,170.65,170.65
2021-09-13,bolsa,171.04,171.04
2021-09-14,bolsa,171.44,171.44
2021-09-15,bolsa,171.83,171.83
2021-09-16,bolsa,172.32,172.32
2021-09-17,bolsa,172.44,172.44
2021-09-18,bolsa,172.44,172.44
2021-09-19,bolsa,172.44,172.44
2021-09-20,bolsa,172.68,172.68
2021-09-21,bolsa,172.67,172.67
2021-09-22,bolsa,172.99,172.99
2021-09-23,bolsa,173.33,173.33
2021-09-24,bolsa,173.42,173.42
2021-09-25,bolsa,173.42,173.42
2021-09-26,bolsa,173.42,173.42
2021-09-27,bolsa,173.92,173.92
2021-09-28,bolsa,174.41,174.41
2021-09-29,bolsa,174.64,174.64
2021-09-30,bolsa,175.03,175.03
2021-10-01,bolsa,175.47,175.47
2021-10-02,bolsa,175.47,175.47
2021-10-03,bolsa,175.47,175.47
2021-10-04,bolsa,175.89,175.89
2021-10-05,bolsa,176.34,176.34
2021-10-06,bolsa,176.33,176.33
2021-10-07,bolsa,176.45,176.45
2021-10-08,bolsa,176.45,176.45
2021-10-09,bolsa,176.45,176.45
2021-10-12,bolsa,176.78,176.78
2021-10-13,bolsa,177.1,177.1
2021-10-14,bolsa,177.43,177.43
2021-10-15,bolsa,177.68,177.68
2021-10-16,bolsa,177.68,177.68
2021-10-17,bolsa,177.68,177.68
2021-10-18,bolsa,178.02,178.02
2021-10-19,bolsa,178.36,178.36
2021-10-20,bolsa,178.6,178.6
2021-10-21,bolsa,178.83,178.83
2021-10-22,bolsa,179.23,179.23
2021-10-23,bolsa,179.23,179.23
2021-10-24,bolsa,179.23,179.23
2021-10-25,bolsa,179.23,179.23
2021-10-26,bolsa,179.24,179.24
2021-10-27,bolsa,179.23,179.23
2021-10-28,bolsa,179.23,179.23
2021-10-29,bolsa,179.22,179.22
2021-10-30,bolsa,179.22,179.22
2021-10-31,bolsa,179.22,179.22
2021-11-01,bolsa,179.22,179.22
2021-11-02,bolsa,179.32,179.32
2021-11-03,bolsa,180.07,180.07
2021-11-04,bolsa,180.56,180.56
2021-11-05,bolsa,181.26,181.26
2021-11-06,bolsa,181.26,181.26
2021-11-07,bolsa,181.26,181.26
2021-11-08,bolsa,181.86,181.86
2021-11-09,bolsa,182.46,182.46
2021-11-10,bolsa,182.74,182.74
2021-11-11,bolsa,183.23,183.23
2021-11-12,bolsa,183.98,183.98
2021-11-13,bolsa,183.98,183.98
2021-11-14,bolsa,183.98,183.98
2021-11-15,bolsa,188.78,188.78
2021-11-16,bolsa,200.3,200.3
2021-11-17,bolsa,200.0,200.0
2021-11-18,bolsa,204.52,204.52
2021-11-19,bolsa,203.03,203.03
2021-11-20,bolsa,203.03,203.03
2021-11-21,bolsa,203.03,203.03
2021-11-22,bolsa,203.03,203.03
2021-11-23,bolsa,205.82,205.82
2021-11-24,bolsa,204.88,204.88
2021-11-25,bolsa,203.55,203.55
2021-11-26,bolsa,200.17,200.17
2021-11-27,bolsa,200.17,200.17
2021-11-28,bolsa,200.17,200.17
2021-11-29,bolsa,196.94,196.94
2021-11-30,bolsa,200.72,200.72
2021-12-01,bolsa,200.6,200.6
2021-12-02,bolsa,203.33,203.33
2021-12-03,bolsa,203.25,203.25
2021-12-04,bolsa,203.25,203.25
2021-12-05,bolsa,203.25,203.25
2021-12-06,bolsa,201.96,201.96
2021-12-07,bolsa,198.1,198.1
2021-12-08,bolsa,198.1,198.1
2021-12-09,bolsa,195.98,195.98
2021-12-10,bolsa,197.1,197.1
2021-12-11,bolsa,197.1,197.1
2021-12-12,bolsa,197.1,197.1
2021-12-13,bolsa,195.55,195.55
2021-12-14,bolsa,194.39,194.39
2021-12-15,bolsa,191.69,191.69
2021-12-16,bolsa,191.64,191.64
2021-12-17,bolsa,199.22,199.22
2021-12-18,bolsa,199.22,199.22
2021-12-19,bolsa,199.22,199.22
2021-12-20,bolsa,200.41,200.41
2021-12-21,bolsa,202.17,202.17
2021-12-22,bolsa,199.84,199.84
2021-12-23,bolsa,199.21,199.21
2021-12-24,bolsa,199.21,199.21
2021-12-25,bolsa,199.21,199.21
2021-12-27,bolsa,194.53,194.53
2021-12-28,bolsa,193.34,193.34
2021-12-29,bolsa,196.03,196.03
2021-12-30,bolsa,197.8,197.8
2021-12-31,bolsa,197.8,197.8
2022-01-01,bolsa,197.8,197.8
2022-01-03,bolsa,198.26,198.26
2022-01-04,bolsa,197.4,197.4
2022-01-05,bolsa,199.07,199.07
2022-01-06,bolsa,202.09,202.09
2022-01-07,bolsa,203.84,203.84
2022-01-08,bolsa,203.84,203.84
2022-01-09,bolsa,203.84,203.84
2022-01-10,bolsa,202.78,202.78
2022-01-11,bolsa,202.46,202.46
2022-01-12,bolsa,201.96,201.96
2022-01-13,bolsa,200.74,200.74
2022-01-14,bolsa,202.46,202.46
2022-01-15,bolsa,202.46,202.46
2022-01-16,bolsa,202.46,202.46
2022-01-17,bolsa,204.11,204.11
2022-01-18,bolsa,203.6,203.6
2022-01-19,bolsa,206.58,206.58
2022-01-20,bolsa,212.32,212.32
2022-01-21,bolsa,212.74,212.74
2022-01-22,bolsa,212.74,212.74
2022-01-23,bolsa,212.74,212.74
2022-01-24,bolsa,219.09,219.09
2022-01-25,bolsa,218.84,218.84
2022-01-26,bolsa,216.85,216.85
2022-01-27,bolsa,223.75,223.75
2022-01-28,bolsa,216.66,216.66
2022-01-29,bolsa,216.66,216.66
2022-01-30,bolsa,216.66,216.66
2022-01-31,bolsa,214.67,214.67
2022-02-01,bolsa,214.63,214.63
2022-02-02,bolsa,210.88,210.88
2022-02-03,bolsa,211.71,211.71
2022-02-04,bolsa,212.23,212.23
2022-02-05,bolsa,212.23,212.23
2022-02-06,bolsa,212.23,212.23
2022-02-07,bolsa,210.22,210.22
2022-02-08,bolsa,207.9,207.9
2022-02-09,bolsa,204.97,204.97
2022-02-10,bolsa,207.15,207.15
2022-02-11,bolsa,207.59,207.59
2022-02-12,bolsa,207.59,207.59
2022-02-13,bolsa,207.59,207.59
2022-02-14,bolsa,207.41,207.41
2022-02-15,bolsa,205.49,205.49
2022-02-16,bolsa,203.93,203.93
2022-02-17,bolsa,203.03,203.03
2022-02-18,bolsa,199.72,199.72
2022-02-19,bolsa,199.72,199.72
2022-02-20,bolsa,199.72,199.72
2022-02-21,bolsa,201.12,201.12
2022-02-22,bolsa,196.05,196.05
2022-02-23,bolsa,196.81,196.81
2022-02-24,bolsa,197.19,197.19
2022-02-25,bolsa,195.31,195.31
2022-02-26,bolsa,195.31,195.31
2022-02-27,bolsa,195.31,195.31
2022-02-28,bolsa,195.31,195.31
2022-03-01,bolsa,195.31,195.31
2022-03-02,bolsa,196.84,196.84
2022-03-03,bolsa,196.82,196.82
2022-03-04,bolsa,197.6,197.6
2022-03-05,bolsa,197.6,197.6
2022-03-06,bolsa,197.6,197.6
2022-03-07,bolsa,197.28,197.28
2022-03-08,bolsa,194.54,194.54
2022-03-09,bolsa,190.85,190.85
2022-03-10,bolsa,189.62,189.62
2022-03-11,bolsa,187.41,187.41
2022-03-12,bolsa,187.41,187.41
2022-03-13,bolsa,187.41,187.41
2022-03-14,bolsa,185.6,185.6
2022-03-15,bolsa,187.94,187.94
2022-03-16,bolsa,193.3,193.3
2022-03-17,bolsa,195.27,195.27
2022-03-18,bolsa,195.17,195.17
2022-03-19,bolsa,195.17,195.17
2022-03-20,bolsa,195.17,195.17
2022-03-21,bolsa,197.9,197.9
2022-03-22,bolsa,199.82,199.82
2022-03-23,bolsa,200.72,200.72
2022-03-24,bolsa,200.72,200.72
2022-03-25,bolsa,200.31,200.31
2022-03-26,bolsa,200.31,200.31
2022-03-27,bolsa,200.31,200.31
2022-03-28,bolsa,196.27,196.27
2022-03-29,bolsa,191.99,191.99
2022-03-30,bolsa,192.52,192.52
2022-03-31,bolsa,190.56,190.56
2022-04-01,bolsa,189.75,189.75
2022-04-02,bolsa,189.75,189.75
2022-04-03,bolsa,189.75,189.75
2022-04-04,bolsa,190.88,190.88
2022-04-05,bolsa,190.17,190.17
2022-04-06,bolsa,190.21,190.21
2022-04-07,bolsa,192.32,192.32
2022-04-08,bolsa,191.15,191.15
2022-04-09,bolsa,191.15,191.15
2022-04-10,bolsa,191.15,191.15
2022-04-11,bolsa,191.31,191.31
2022-04-12,bolsa,191.67,191.67
2022-04-13,bolsa,191.33,191.33
2022-04-14,bolsa,191.33,191.33
2022-04-15,bolsa,191.33,191.33
2022-04-18,bolsa,189.3,189.3
2022-04-19,bolsa,191.69,191.69
2022-04-20,bolsa,195.24,195.24
2022-04-21,bolsa,203.97,203.97
2022-04-22,bolsa,208.27,208.27
2022-04-23,bolsa,208.27,208.27
2022-04-24,bolsa,208.27,208.27
2022-04-25,bolsa,207.96,207.96
2022-04-26,bolsa,212.07,212.07
2022-04-27,bolsa,208.33,208.33
2022-04-28,bolsa,203.99,203.99
2022-04-29,bolsa,205.99,205.99
2022-04-30,bolsa,205.99,205.99
2022-05-01,bolsa,205.99,205.99
2022-05-02,bolsa,209.38,209.38
2022-05-03,bolsa,207.49,207.49
2022-05-04,bolsa,203.57,203.57
2022-05-05,bolsa,205.39,205.39
2022-05-06,bolsa,208.49,208.49
2022-05-07,bolsa,208.49,208.49
2022-05-08,bolsa,208.49,208.49
2022-05-09,bolsa,206.52,206.52
2022-05-10,bolsa,207.79,207.79
2022-05-11,bolsa,207.08,207.08
2022-05-12,bolsa,206.38,206.38
2022-05-13,bolsa,210.85,210.85
2022-05-14,bolsa,210.85,210.85
2022-05-15,bolsa,210.85,210.85
2022-05-16,bolsa,210.79,210.79
2022-05-17,bolsa,209.31,209.31
2022-05-18,bolsa,209.31,209.31
2022-05-19,bolsa,207.88,207.88
2022-05-20,bolsa,209.56,209.56
2022-05-21,bolsa,209.56,209.56
2022-05-22,bolsa,209.56,209.56
2022-05-23,bolsa,210.61,210.61
2022-05-24,bolsa,211.33,211.33
2022-05-25,bolsa,211.33,211.33
2022-05-26,bolsa,211.41,211.41
2022-05-27,bolsa,210.35,210.35
2022-05-28,bolsa,210.35,210.35
2022-05-29,bolsa,210.35,210.35
2022-05-30,bolsa,209.15,209.15
2022-05-31,bolsa,207.35,207.35
2022-06-01,bolsa,208.62,208.62
2022-06-02,bolsa,207.04,207.04
2022-06-03,bolsa,207.75,207.75
2022-06-04,bolsa,207.75,207.75
2022-06-05,bolsa,207.75,207.75
2022-06-06,bolsa,208.84,208.84
2022-06-07,bolsa,208.68,208.68
2022-06-08,bolsa,209.15,209.15
2022-06-09,bolsa,217.5,217.5
2022-06-10,bolsa,223.2,223.2
2022-06-11,bolsa,223.2,223.2
2022-06-12,bolsa,223.2,223.2
2022-06-13,bolsa,227.37,227.37
2022-06-14,bolsa,231.96,231.96
2022-06-15,bolsa,229.83,229.83
2022-06-16,bolsa,235.09,235.09
2022-06-17,bolsa,235.09,235.09
2022-06-18,bolsa,235.09,235.09
2022-06-21,bolsa,233.27,233.27
2022-06-22,bolsa,227.94,227.94
2022-06-23,bolsa,232.23,232.23
2022-06-24,bolsa,232.72,232.72
2022-06-25,bolsa,232.72,232.72
2022-06-26,bolsa,232.72,232.72
2022-06-27,bolsa,240.09,240.09
2022-06-28,bolsa,243.07,243.07
2022-06-29,bolsa,245.67,245.67
2022-06-30,bolsa,249.59,249.59
2022-07-01,bolsa,247.9,247.9
2022-07-02,bolsa,247.9,247.9
2022-07-03,bolsa,247.9,247.9
2022-07-04,bolsa,272.39,272.39
2022-07-05,bolsa,265.28,265.28
2022-07-06,bolsa,270.17,270.17
2022-07-07,bolsa,284.32,284.32
2022-07-08,bolsa,289.29,289.29
2022-07-09,bolsa,289.29,289.29
2022-07-10,bolsa,289.29,289.29
2022-07-11,bolsa,285.69,285.69
2022-07-12,bolsa,279.4,279.4
2022-07-13,bolsa,280.06,280.06
2022-07-14,bolsa,284.28,284.28
2022-07-15,bolsa,292.5,292.5
2022-07-16,bolsa,292.5,292.5
2022-07-17,bolsa,292.5,292.5
2022-07-18,bolsa,295.24,295.24
2022-07-19,bolsa,297.84,297.84
2022-07-20,bolsa,303.44,303.44
2022-07-21,bolsa,326.09,326.09
2022-07-22,bolsa,315.5,315.5
2022-07-23,bolsa,315.5,315.5
2022-07-24,bolsa,315.5,315.5
2022-07-25,bolsa,319.72,319.72
2022-07-26,bolsa,324.88,324.88
2022-07-27,bolsa,323.77,323.77
2022-07-28,bolsa,298.16,298.16
2022-07-29,bolsa,276.71,276.71
2022-07-30,bolsa,276.71,276.71
2022-07-31,bolsa,276.71,276.71
2022-08-01,bolsa,272.48,272.48
2022-08-02,bolsa,276.66,276.66
2022-08-03,bolsa,281.02,281.02
2022-08-04,bolsa,284.47,284.47
2022-08-05,bolsa,278.78,278.78
2022-08-06,bolsa,278.78,278.78
2022-08-07,bolsa,278.78,278.78
2022-08-08,bolsa,278.94,278.94
2022-08-09,bolsa,279.2,279.2
2022-08-10,bolsa,284.59,284.59
2022-08-11,bolsa,279.36,279.36
2022-08-12,bolsa,279.12,279.12
2022-08-13,bolsa,279.12,279.12
2022-08-14,bolsa,279.12,279.12
2022-08-15,bolsa,279.12,279.12
2022-08-16,bolsa,275.78,275.78
2022-08-17,bolsa,281.37,281.37
2022-08-18,bolsa,288.13,288.13
2022-08-19,bolsa,292.03,292.03
2022-08-20,bolsa,292.03,292.03
2022-08-21,bolsa,292.03,292.03
2022-08-22,bolsa,287.88,287.88
2022-08-23,bolsa,288.15,288.15
2022-08-24,bolsa,286.6,286.6
2022-08-25,bolsa,286.6,286.6
2022-08-26,bolsa,282.57,282.57
2022-08-27,bolsa,282.57,282.57
2022-08-28,bolsa,282.57,282.57
2022-08-29,bolsa,281.78,281.78
2022-08-30,bolsa,283.83,283.83
2022-08-31,bolsa,283.08,283.08
2022-09-01,bolsa,278.73,278.73
2022-09-02,bolsa,278.73,278.73
2022-09-03,bolsa,278.73,278.73
2022-09-05,bolsa,271.19,271.19
2022-09-06,bolsa,270.34,270.34
2022-09-07,bolsa,271.03,271.03
2022-09-08,bolsa,273.02,273.02
2022-09-09,bolsa,269.56,269.56
2022-09-10,bolsa,269.56,269.56
2022-09-11,bolsa,269.56,269.56
2022-09-12,bolsa,269.39,269.39
2022-09-13,bolsa,269.9,269.9
2022-09-14,bolsa,275.45,275.45
2022-09-15,bolsa,289.66,289.66
2022-09-16,bolsa,294.19,294.19
2022-09-17,bolsa,294.19,294.19
2022-09-18,bolsa,294.19,294.19
2022-09-19,bolsa,297.11,297.11
2022-09-20,bolsa,295.1,295.1
2022-09-21,bolsa,297.91,297.91
2022-09-22,bolsa,302.19,302.19
2022-09-23,bolsa,301.82,301.82
2022-09-24,bolsa,301.82,301.82
2022-09-25,bolsa,301.82,301.82
2022-09-26,bolsa,298.25,298.25
2022-09-27,bolsa,296.78,296.78
2022-09-28,bolsa,297.99,297.99
2022-09-29,bolsa,295.83,295.83
2022-09-30,bolsa,302.48,302.48
2022-10-01,bolsa,302.48,302.48
2022-10-02,bolsa,302.48,302.48
2022-10-03,bolsa,297.97,297.97
2022-10-04,bolsa,299.77,299.77
2022-10-05,bolsa,297.5,297.5
2022-10-06,bolsa,293.25,293.25
2022-10-07,bolsa,293.25,293.25
2022-10-08,bolsa,293.25,293.25
2022-10-11,bolsa,288.15,288.15
2022-10-12,bolsa,293.69,293.69
2022-10-13,bolsa,299.42,299.42
2022-10-14,bolsa,299.04,299.04
2022-10-15,bolsa,299.04,299.04
2022-10-16,bolsa,299.04,299.04
2022-10-17,bolsa,295.58,295.58
2022-10-18,bolsa,293.33,293.33
2022-10-19,bolsa,292.41,292.41
2022-10-20,bolsa,290.87,290.87
2022-10-21,bolsa,290.63,290.63
2022-10-22,bolsa,290.63,290.63
2022-10-23,bolsa,290.63,290.63
2022-10-24,bolsa,291.89,291.89
2022-10-25,bolsa,293.63,293.63
2022-10-26,bolsa,292.28,292.28
2022-10-27,bolsa,294.65,294.65
2022-10-28,bolsa,295.07,295.07
2022-10-29,bolsa,295.07,295.07
2022-10-30,bolsa,295.07,295.07
2022-10-31,bolsa,293.92,293.92
2022-11-01,bolsa,292.84,292.84
2022-11-02,bolsa,291.17,291.17
2022-11-03,bolsa,292.92,292.92
2022-11-04,bolsa,290.97,290.97
2022-11-05,bolsa,290.97,290.97
2022-11-06,bolsa,290.97,290.97
2022-11-07,bolsa,289.76,289.76
2022-11-08,bolsa,292.37,292.37
2022-11-09,bolsa,292.93,292.93
2022-11-10,bolsa,296.82,296.82
2022-11-11,bolsa,297.71,297.71
2022-11-12,bolsa,297.71,297.71
2022-11-13,bolsa,297.71,297.71
2022-11-14,bolsa,299.84,299.84
2022-11-15,bolsa,302.06,302.06
2022-11-16,bolsa,308.98,308.98
2022-11-17,bolsa,313.87,313.87
2022-11-18,bolsa,313.58,313.58
2022-11-19,bolsa,313.58,313.58
2022-11-20,bolsa,313.58,313.58
2022-11-21,bolsa,313.58,313.58
2022-11-22,bolsa,312.8,312.8
2022-11-23,bolsa,311.81,311.81
2022-11-24,bolsa,319.3,319.3
2022-11-25,bolsa,316.07,316.07
2022-11-26,bolsa,316.07,316.07
2022-11-27,bolsa,316.07,316.07
2022-11-28,bolsa,314.02,314.02
2022-11-29,bolsa,313.45,313.45
2022-11-30,bolsa,312.51,312.51
2022-12-01,bolsa,318.57,318.57
2022-12-02,bolsa,318.67,318.67
2022-12-03,bolsa,318.67,318.67
2022-12-04,bolsa,318.67,318.67
2022-12-05,bolsa,319.11,319.11
2022-12-06,bolsa,328.88,328.88
2022-12-07,bolsa,328.98,328.98
2022-12-08,bolsa,328.98,328.98
2022-12-09,bolsa,328.98,328.98
2022-12-12,bolsa,322.35,322.35
2022-12-13,bolsa,323.36,323.36
2022-12-14,bolsa,322.7,322.7
2022-12-15,bolsa,320.1,320.1
2022-12-16,bolsa,320.1,320.1
2022-12-17,bolsa,320.1,320.1
2022-12-18,bolsa,320.1,320.1
2022-12-19,bolsa,320.89,320.89
2022-12-20,bolsa,325.01,325.01
2022-12-21,bolsa,322.87,322.87
2022-12-22,bolsa,324.25,324.25
2022-12-23,bolsa,325.71,325.71
2022-12-24,bolsa,325.71,325.71
2022-12-25,bolsa,325.71,325.71
2022-12-26,bolsa,327.62,327.62
2022-12-27,bolsa,335.39,335.39
2022-12-28,bolsa,331.63,331.63
2022-12-29,bolsa,334.36,334.36
2022-12-30,bolsa,327.94,327.94
2022-12-31,bolsa,327.94,327.94
2023-01-01,bolsa,327.94,327.94
2023-01-02,bolsa,329.21,329.21
2023-01-03,bolsa,330.7,330.7
2023-01-04,bolsa,334.93,334.93
2023-01-05,bolsa,332.67,332.67
2023-01-06,bolsa,329.91,329.91
2023-01-07,bolsa,329.91,329.91
2023-01-08,bolsa,329.91,329.91
2023-01-09,bolsa,327.17,327.17
2023-01-10,bolsa,325.87,325.87
2023-01-11,bolsa,327.7,327.7
2023-01-12,bolsa,342.38,342.38
2023-01-13,bolsa,340.23,340.23
2023-01-14,bolsa,340.23,340.23
2023-01-15,bolsa,340.23,340.23
2023-01-16,bolsa,344.03,344.03
2023-01-17,bolsa,341.89,341.89
2023-01-18,bolsa,340.3,340.3
2023-01-19,bolsa,332.83,332.83
2023-01-20,bolsa,352.52,352.52
2023-01-21,bolsa,352.52,352.52
2023-01-22,bolsa,352.52,352.52
2023-01-23,bolsa,352.21,352.21
2023-01-24,bolsa,353.85,353.85
2023-01-25,bolsa,351.98,351.98
2023-01-26,bolsa,352.22,352.22
2023-01-27,bolsa,352.78,352.78
2023-01-28,bolsa,352.78,352.78
2023-01-29,bolsa,352.78,352.78
2023-01-30,bolsa,353.93,353.93
2023-01-31,bolsa,354.81,354.81
2023-02-01,bolsa,353.7,353.7
2023-02-02,bolsa,354.75,354.75
2023-02-03,bolsa,357.36,357.36
2023-02-04,bolsa,357.36,357.36
2023-02-05,bolsa,357.36,357.36
2023-02-06,bolsa,353.94,353.94
2023-02-07,bolsa,353.2,353.2
2023-02-08,bolsa,354.95,354.95
2023-02-09,bolsa,354.36,354.36
2023-02-10,bolsa,354.15,354.15
2023-02-11,bolsa,354.15,354.15
2023-02-12,bolsa,354.15,354.15
2023-02-13,bolsa,355.27,355.27
2023-02-14,bolsa,355.28,355.28
2023-02-15,bolsa,356.23,356.23
2023-02-16,bolsa,357.61,357.61
2023-02-17,bolsa,355.59,355.59
2023-02-18,bolsa,355.59,355.59
2023-02-19,bolsa,355.59,355.59
2023-02-20,bolsa,355.59,355.59
2023-02-21,bolsa,355.59,355.59
2023-02-22,bolsa,356.45,356.45
2023-02-23,bolsa,357.26,357.26
2023-02-24,bolsa,356.78,356.78
2023-02-25,bolsa,356.78,356.78
2023-02-26,bolsa,356.78,356.78
2023-02-27,bolsa,356.07,356.07
2023-02-28,bolsa,357.47,357.47
2023-03-01,bolsa,359.78,359.78
2023-03-02,bolsa,364.81,364.81
2023-03-03,bolsa,366.5,366.5
2023-03-04,bolsa,366.5,366.5
2023-03-05,bolsa,366.5,366.5
2023-03-06,bolsa,362.42,362.42
2023-03-07,bolsa,366.97,366.97
2023-03-08,bolsa,372.86,372.86
2023-03-09,bolsa,375.43,375.43
2023-03-10,bolsa,380.64,380.64
2023-03-11,bolsa,380.64,380.64
2023-03-12,bolsa,380.64,380.64
2023-03-13,bolsa,379.51,379.51
2023-03-14,bolsa,377.76,377.76
2023-03-15,bolsa,383.31,383.31
2023-03-16,bolsa,388.76,388.76
2023-03-17,bolsa,388.84,388.84
2023-03-18,bolsa,388.84,388.84
2023-03-19,bolsa,388.84,388.84
2023-03-20,bolsa,387.63,387.63
2023-03-21,bolsa,385.98,385.98
2023-03-22,bolsa,387.1,387.1
2023-03-23,bolsa,375.72,375.72
2023-03-24,bolsa,375.72,375.72
2023-03-25,bolsa,375.72,375.72
2023-03-27,bolsa,376.4,376.4
2023-03-28,bolsa,383.55,383.55
2023-03-29,bolsa,386.81,386.81
2023-03-30,bolsa,391.82,391.82
2023-03-31,bolsa,397.37,397.37
2023-04-01,bolsa,397.37,397.37
2023-04-02,bolsa,397.37,397.37
2023-04-03,bolsa,396.94,396.94
2023-04-04,bolsa,402.41,402.41
2023-04-05,bolsa,396.6,396.6
2023-04-06,bolsa,396.6,396.6
2023-04-07,bolsa,396.6,396.6
2023-04-10,bolsa,390.71,390.71
2023-04-11,bolsa,387.0,387.0
2023-04-12,bolsa,386.34,386.34
2023-04-13,bolsa,388.14,388.14
2023-04-14,bolsa,398.62,398.62
2023-04-15,bolsa,398.62,398.62
2023-04-16,bolsa,398.62,398.62
2023-04-17,bolsa,395.45,395.45
2023-04-18,bolsa,408.86,408.86
2023-04-19,bolsa,409.77,409.77
2023-04-20,bolsa,421.9,421.9
2023-04-21,bolsa,437.75,437.75
2023-04-22,bolsa,437.75,437.75
2023-04-23,bolsa,437.75,437.75
2023-04-24,bolsa,449.02,449.02
2023-04-25,bolsa,447.5,447.5
2023-04-26,bolsa,446.43,446.43
2023-04-27,bolsa,442.23,442.23
2023-04-28,bolsa,436.05,436.05
2023-04-29,bolsa,436.05,436.05
2023-04-30,bolsa,436.05,436.05
2023-05-01,bolsa,436.05,436.05
2023-05-02,bolsa,428.84,428.84
2023-05-03,bolsa,431.03,431.03
2023-05-04,bolsa,430.19,430.19
2023-05-05,bolsa,432.35,432.35
2023-05-06,bolsa,432.35,432.35
2023-05-07,bolsa,432.35,432.35
2023-05-08,bolsa,432.08,432.08
2023-05-09,bolsa,432.08,432.08
2023-05-10,bolsa,436.09,436.09
2023-05-11,bolsa,440.07,440.07
2023-05-12,bolsa,434.31,434.31
2023-05-13,bolsa,434.31,434.31
2023-05-14,bolsa,434.31,434.31
2023-05-15,bolsa,437.66,437.66
2023-05-16,bolsa,442.43,442.43
2023-05-17,bolsa,444.08,444.08
2023-05-18,bolsa,473.5,473.5
2023-05-19,bolsa,465.42,465.42
2023-05-20,bolsa,465.42,465.42
2023-05-21,bolsa,465.42,465.42
2023-05-22,bolsa,464.27,464.27
2023-05-23,bolsa,466.09,466.09
2023-05-24,bolsa,462.35,462.35
2023-05-25,bolsa,462.35,462.35
2023-05-26,bolsa,462.35,462.35
2023-05-29,bolsa,459.51,459.51
2023-05-30,bolsa,462.32,462.32
2023-05-31,bolsa,466.98,466.98
2023-06-01,bolsa,467.03,467.03
2023-06-02,bolsa,469.09,469.09
2023-06-03,bolsa,469.09,469.09
2023-06-04,bolsa,469.09,469.09
2023-06-05,bolsa,472.29,472.29
2023-06-06,bolsa,473.87,473.87
2023-06-07,bolsa,472.76,472.76
2023-06-08,bolsa,473.92,473.92
2023-06-09,bolsa,473.5,473.5
2023-06-10,bolsa,473.5,473.5
2023-06-11,bolsa,473.5,473.5
2023-06-12,bolsa,474.49,474.49
2023-06-13,bolsa,473.19,473.19
2023-06-14,bolsa,474.98,474.98
2023-06-15,bolsa,474.59,474.59
2023-06-16,bolsa,479.35,479.35
2023-06-17,bolsa,479.35,479.35
2023-06-18,bolsa,479.35,479.35
2023-06-19,bolsa,479.35,479.35
2023-06-20,bolsa,479.35,479.35
2023-06-21,bolsa,476.46,476.46
2023-06-22,bolsa,482.51,482.51
2023-06-23,bolsa,486.66,486.66
2023-06-24,bolsa,486.66,486.66
2023-06-25,bolsa,486.66,486.66
2023-06-26,bolsa,479.79,479.79
2023-06-27,bolsa,483.43,483.43
2023-06-28,bolsa,484.01,484.01
2023-06-29,bolsa,482.23,482.23
2023-06-30,bolsa,484.69,484.69
2023-07-01,bolsa,484.69,484.69
2023-07-02,bolsa,484.69,484.69
2023-07-03,bolsa,483.45,483.45
2023-07-04,bolsa,482.9,482.9
2023-07-05,bolsa,480.37,480.37
2023-07-06,bolsa,484.68,484.68
2023-07-07,bolsa,484.78,484.78
2023-07-08,bolsa,484.78,484.78
2023-07-09,bolsa,484.78,484.78
2023-07-10,bolsa,490.4,490.4
2023-07-11,bolsa,488.64,488.64
2023-07-12,bolsa,488.65,488.65
2023-07-13,bolsa,498.73,498.73
2023-07-14,bolsa,499.71,499.71
2023-07-15,bolsa,499.71,499.71
2023-07-16,bolsa,499.71,499.71
2023-07-17,bolsa,499.86,499.86
2023-07-18,bolsa,494.9,494.9
2023-07-19,bolsa,494.65,494.65
2023-07-20,bolsa,495.84,495.84
2023-07-21,bolsa,498.08,498.08
2023-07-22,bolsa,498.08,498.08
2023-07-23,bolsa,498.08,498.08
2023-07-24,bolsa,497.09,497.09
2023-07-25,bolsa,507.12,507.12
2023-07-26,bolsa,503.9,503.9
2023-07-27,bolsa,510.62,510.62
2023-07-28,bolsa,508.01,508.01
2023-07-29,bolsa,508.01,508.01
2023-07-30,bolsa,508.01,508.01
2023-07-31,bolsa,509.1,509.1
2023-08-01,bolsa,509.45,509.45
2023-08-02,bolsa,512.54,512.54
2023-08-03,bolsa,513.99,513.99
2023-08-04,bolsa,514.71,514.71
2023-08-05,bolsa,514.71,514.71
2023-08-06,bolsa,514.71,514.71
2023-08-07,bolsa,516.7,516.7
2023-08-08,bolsa,521.92,521.92
2023-08-09,bolsa,527.92,527.92
2023-08-10,bolsa,529.82,529.82
2023-08-11,bolsa,539.89,539.89
2023-08-12,bolsa,539.89,539.89
2023-08-13,bolsa,539.89,539.89
2023-08-14,bolsa,621.14,621.14
2023-08-15,bolsa,667.17,667.17
2023-08-16,bolsa,651.42,651.42
2023-08-17,bolsa,659.49,659.49
2023-08-18,bolsa,657.48,657.48
2023-08-19,bolsa,657.48,657.48
2023-08-20,bolsa,657.48,657.48
2023-08-21,bolsa,657.48,657.48
2023-08-22,bolsa,658.88,658.88
2023-08-23,bolsa,661.32,661.32
2023-08-24,bolsa,665.4,665.4
2023-08-25,bolsa,664.97,664.97
2023-08-26,bolsa,664.97,664.97
2023-08-27,bolsa,664.97,664.97
2023-08-28,bolsa,667.95,667.95
2023-08-29,bolsa,671.02,671.02
2023-08-30,bolsa,670.99,670.99
2023-08-31,bolsa,670.83,670.83
2023-09-01,bolsa,670.37,670.37
2023-09-02,bolsa,670.37,670.37
2023-09-03,bolsa,670.37,670.37
2023-09-04,bolsa,672.62,672.62
2023-09-05,bolsa,672.34,672.34
2023-09-06,bolsa,673.47,673.47
2023-09-07,bolsa,674.84,674.84
2023-09-08,bolsa,673.5,674.18
2023-09-09,bolsa,673.5,674.18
2023-09-10,bolsa,673.5,674.18
2023-09-11,bolsa,674.83,675.54
2023-09-12,bolsa,675.77,676.46
2023-09-13,bolsa,678.24,678.64
2023-09-14,bolsa,677.05,677.79
2023-09-15,bolsa,678.68,680.73
2023-09-16,bolsa,678.68,680.73
2023-09-17,bolsa,678.68,680.73
2023-09-18,bolsa,678.64,679.35
2023-09-19,bolsa,678.71,680.06
2023-09-20,bolsa,678.99,679.95
2023-09-21,bolsa,678.49,681.33
2023-09-22,bolsa,680.78,681.49
2023-09-23,bolsa,680.78,681.49
2023-09-24,bolsa,680.78,681.49
2023-09-25,bolsa,682.07,683.06
2023-09-26,bolsa,685.18,685.57
2023-09-27,bolsa,689.62,689.85
2023-09-28,bolsa,694.51,694.89
2023-09-29,bolsa,700.32,701.01
2023-09-30,bolsa,700.32,701.01
2023-10-01,bolsa,700.32,701.01
2023-10-02,bolsa,709.13,709.83
2023-10-03,bolsa,719.11,720.38
2023-10-04,bolsa,747.28,747.67
2023-10-05,bolsa,783.42,784.82
2023-10-06,bolsa,812.81,820.37
2023-10-07,bolsa,812.81,820.37
2023-10-08,bolsa,812.81,820.37
2023-10-09,bolsa,839.18,840.57
2023-10-10,bolsa,835.47,844.81
2023-10-11,bolsa,856.0,856.3
2023-10-12,bolsa,869.95,871.56
2023-10-13,bolsa,869.95,871.56
2023-10-14,bolsa,869.95,871.56
2023-10-15,bolsa,869.95,871.56
2023-10-16,bolsa,869.95,871.56
2023-10-17,bolsa,884.0,884.9
2023-10-18,bolsa,883.53,886.55
2023-10-19,bolsa,888.26,889.72
2023-10-20,bolsa,898.13,898.9
2023-10-21,bolsa,898.13,898.9
2023-10-22,bolsa,898.13,898.9
2023-10-23,bolsa,890.69,911.87
2023-10-24,bolsa,841.84,854.57
2023-10-25,bolsa,867.32,878.93
2023-10-26,bolsa,848.65,865.17
2023-10-27,bolsa,810.2,823.3
2023-10-28,bolsa,810.2,823.3
2023-10-29,bolsa,810.2,823.3
2023-10-30,bolsa,850.22,857.79
2023-10-31,bolsa,817.87,850.8
2023-11-01,bolsa,841.68,842.59
2023-11-02,bolsa,856.41,863.6
2023-11-03,bolsa,839.7,844.0
2023-11-04,bolsa,839.7,844.0
2023-11-05,bolsa,839.7,844.0
2023-11-06,bolsa,839.7,844.0
2023-11-07,bolsa,847.49,857.94
2023-11-08,bolsa,840.9,852.21
2023-11-09,bolsa,859.8,868.19
2023-11-10,bolsa,884.39,902.84
2023-11-11,bolsa,884.39,902.84
2023-11-12,bolsa,884.39,902.84
2023-11-13,bolsa,868.81,870.74
2023-11-14,bolsa,867.25,869.83
2023-11-15,bolsa,863.65,869.65
2023-11-16,bolsa,864.96,874.06
2023-11-17,bolsa,871.79,898.21
2023-11-18,bolsa,871.79,898.21
2023-11-19,bolsa,871.79,898.21
2023-11-20,bolsa,871.79,898.21
2023-11-21,bolsa,923.27,935.1
2023-11-22,bolsa,966.19,988.53
2023-11-23,bolsa,1005.8,1019.2
2023-11-24,bolsa,959.67,968.82
2023-11-25,bolsa,959.67,968.82
2023-11-26,bolsa,959.67,968.82
2023-11-27,bolsa,888.75,893.78
2023-11-28,bolsa,864.8,870.05
2023-11-29,bolsa,830.88,840.0
2023-11-30,bolsa,855.98,860.75
2023-12-01,bolsa,901.79,907.67
2023-12-02,bolsa,901.79,907.67
2023-12-03,bolsa,901.79,907.67
2023-12-04,bolsa,910.28,916.75
2023-12-05,bolsa,926.4,933.46
2023-12-06,bolsa,938.02,946.25
2023-12-07,bolsa,982.95,986.61
2023-12-08,bolsa,982.95,986.61
2023-12-09,bolsa,982.95,986.61
2023-12-10,bolsa,982.95,986.61
2023-12-11,bolsa,987.77,997.5
2023-12-12,bolsa,1011.1,1026.3
2023-12-13,bolsa,1019.7,1037.7
2023-12-14,bolsa,1003.0,1010.5
2023-12-15,bolsa,994.46,1002.4
2023-12-16,bolsa,994.46,1002.4
2023-12-17,bolsa,994.46,1002.4
2023-12-18,bolsa,960.55,963.92
2023-12-19,bolsa,960.48,964.93
2023-12-20,bolsa,944.15,947.17
2023-12-21,bolsa,962.66,971.13
2023-12-22,bolsa,947.43,956.13
2023-12-23,bolsa,947.43,956.13
2023-12-24,bolsa,947.43,956.13
2023-12-25,bolsa,947.43,956.13
2023-12-26,bolsa,939.93,945.02
2023-12-27,bolsa,926.62,930.14
2023-12-28,bolsa,949.11,953.33
2023-12-29,bolsa,988.95,997.45
2023-12-30,bolsa,988.95,997.45
2023-12-31,bolsa,988.95,997.45
2024-01-01,bolsa,988.95,997.45
2024-01-02,bolsa,986.19,991.77
2024-01-03,bolsa,1024.2,1032.2
2024-01-04,bolsa,1036.6,1047.6
2024-01-05,bolsa,1103.3,1116.1
2024-01-06,bolsa,1103.3,1116.1
2024-01-07,bolsa,1103.3,1116.1
2024-01-08,bolsa,1140.6,1142.6
2024-01-09,bolsa,1157.2,1160.5
2024-01-10,bolsa,1133.3,1147.6
2024-01-11,bolsa,1117.9,1129.2
2024-01-12,bolsa,1094.5,1097.3
2024-01-13,bolsa,1094.5,1097.3
2024-01-14,bolsa,1094.5,1097.3
2024-01-15,bolsa,1120.5,1129.6
2024-01-16,bolsa,1162.4,1167.5
2024-01-17,bolsa,1220.5,1226.8
2024-01-18,bolsa,1229.9,1232.1
2024-01-19,bolsa,1254.1,1258.8
2024-01-20,bolsa,1254.1,1258.8
2024-01-21,bolsa,1254.1,1258.8
2024-01-22,bolsa,1229.6,1241.8
2024-01-23,bolsa,1225.5,1231.5
2024-01-24,bolsa,1229.5,1238.4
2024-01-25,bolsa,1221.1,1230.5
2024-01-26,bolsa,1186.2,1189.0
2024-01-27,bolsa,1186.2,1189.0
2024-01-28,bolsa,1186.2,1189.0
2024-01-29,bolsa,1215.7,1219.4
2024-01-30,bolsa,1193.9,1198.2
2024-01-31,bolsa,1171.0,1177.0
2024-02-01,bolsa,1238.9,1250.9
2024-02-02,bolsa,1236.4,1244.3
2024-02-03,bolsa,1236.4,1244.3
2024-02-04,bolsa,1236.4,1244.3
2024-02-05,bolsa,1209.0,1214.0
2024-02-06,bolsa,1184.4,1188.6
2024-02-07,bolsa,1197.5,1205.4
2024-02-08,bolsa,1185.8,1194.7
2024-02-09,bolsa,1160.7,1172.0
2024-02-10,bolsa,1160.7,1172.0
2024-02-11,bolsa,1160.7,1172.0
2024-02-12,bolsa,1160.7,1172.0
2024-02-13,bolsa,1160.7,1172.0
2024-02-14,bolsa,1116.9,1122.6
2024-02-15,bolsa,1086.2,1094.5
2024-02-16,bolsa,1060.1,1064.2
2024-02-17,bolsa,1060.1,1064.2
2024-02-18,bolsa,1060.1,1064.2
2024-02-19,bolsa,1097.9,1112.5
2024-02-20,bolsa,1078.2,1088.1
2024-02-21,bolsa,1065.8,1071.6
2024-02-22,bolsa,1048.1,1053.9
2024-02-23,bolsa,1072.6,1076.3
2024-02-24,bolsa,1072.6,1076.3
2024-02-25,bolsa,1072.6,1076.3
2024-02-26,bolsa,1048.9,1055.1
2024-02-27,bolsa,1045.1,1047.4
2024-02-28,bolsa,1024.2,1033.3
2024-02-29,bolsa,1028.9,1031.0
2024-03-01,bolsa,1052.5,1055.4
2024-03-02,bolsa,1052.5,1055.4
2024-03-03,bolsa,1052.5,1055.4
2024-03-04,bolsa,1027.4,1033.9
2024-03-05,bolsa,1006.0,1012.8
2024-03-06,bolsa,985.07,989.32
2024-03-07,bolsa,992.78,996.58
2024-03-08,bolsa,1003.1,1006.7
2024-03-09,bolsa,1003.1,1006.7
2024-03-10,bolsa,1003.1,1006.7
2024-03-11,bolsa,979.59,985.03
2024-03-12,bolsa,1028.0,1030.3
2024-03-13,bolsa,1012.3,1016.9
2024-03-14,bolsa,1010.0,1012.6
2024-03-15,bolsa,1027.1,1031.3
2024-03-16,bolsa,1027.1,1031.3
2024-03-17,bolsa,1027.1,1031.3
2024-03-18,bolsa,1024.0,1027.1
2024-03-19,bolsa,1027.9,1030.9
2024-03-20,bolsa,1038.1,1043.2
2024-03-21,bolsa,1032.7,1039.4
2024-03-22,bolsa,1039.0,1042.5
2024-03-23,bolsa,1039.0,1042.5
2024-03-24,bolsa,1039.0,1042.5
2024-03-25,bolsa,1019.6,1023.1
2024-03-26,bolsa,1024.2,1026.4
2024-03-27,bolsa,1015.1,1020.5
2024-03-28,bolsa,1015.1,1020.5
2024-03-29,bolsa,1015.1,1020.5
2024-03-30,bolsa,1015.1,1020.5
2024-03-31,bolsa,1015.1,1020.5
2024-04-01,bolsa,1015.1,1020.5
2024-04-02,bolsa,1015.1,1020.5
2024-04-03,bolsa,995.8,1001.5
2024-04-04,bolsa,995.87,997.59
2024-04-05,bolsa,996.61,1004.9
2024-04-06,bolsa,996.61,1004.9
2024-04-07,bolsa,996.61,1004.9
2024-04-08,bolsa,975.64,982.9
2024-04-09,bolsa,997.52,998.51
2024-04-10,bolsa,995.89,1004.8
2024-04-11,bolsa,996.09,1000.6
2024-04-12,bolsa,996.09,1000.6
2024-04-13,bolsa,996.09,1000.6
2024-04-14,bolsa,996.09,1000.6
2024-04-15,bolsa,996.09,1000.6
2024-04-16,bolsa,1033.0,1038.5
2024-04-17,bolsa,1021.0,1030.7
2024-04-18,bolsa,1013.7,1021.6
2024-04-19,bolsa,1024.3,1026.3
2024-04-20,bolsa,1024.3,1026.3
2024-04-21,bolsa,1024.3,1026.3
2024-04-22,bolsa,1009.8,1017.5
2024-04-23,bolsa,1007.5,1012.9
2024-04-24,bolsa,1012.7,1015.7
2024-04-25,bolsa,1026.7,1036.1
2024-04-26,bolsa,1033.6,1036.6
2024-04-27,bolsa,1033.6,1036.6
2024-04-28,bolsa,1033.6,1036.6
2024-04-29,bolsa,1032.2,1039.0
2024-04-30,bolsa,1036.7,1044.7
2024-05-01,bolsa,1036.7,1044.7
2024-05-02,bolsa,1064.6,1069.1
2024-05-03,bolsa,1070.5,1076.9
2024-05-04,bolsa,1070.5,1076.9
2024-05-05,bolsa,1070.5,1076.9
2024-05-06,bolsa,1061.9,1064.5
2024-05-07,bolsa,1050.3,1052.2
2024-05-08,bolsa,1038.8,1042.5
2024-05-09,bolsa,1042.9,1048.4
2024-05-10,bolsa,1031.4,1039.8
2024-05-11,bolsa,1031.4,1039.8
2024-05-12,bolsa,1031.4,1039.8
2024-05-13,bolsa,1031.2,1036.3
2024-05-14,bolsa,1040.7,1045.4
2024-05-15,bolsa,1050.3,1057.0
2024-05-16,bolsa,1058.7,1064.1
2024-05-17,bolsa,1068.5,1073.1
2024-05-18,bolsa,1068.5,1073.1
2024-05-19,bolsa,1068.5,1073.1
2024-05-20,bolsa,1099.6,1101.7
2024-05-21,bolsa,1171.3,1173.7
2024-05-22,bolsa,1220.8,1226.2
2024-05-23,bolsa,1225.7,1233.6
2024-05-24,bolsa,1203.4,1209.3
2024-05-25,bolsa,1203.4,1209.3
2024-05-26,bolsa,1203.4,1209.3
2024-05-27,bolsa,1224.5,1233.5
2024-05-28,bolsa,1196.6,1205.0
2024-05-29,bolsa,1169.9,1181.6
2024-05-30,bolsa,1177.0,1180.4
2024-05-31,bolsa,1213.3,1215.5
2024-06-01,bolsa,1213.3,1215.5
2024-06-02,bolsa,1213.3,1215.5
2024-06-03,bolsa,1265.1,1266.1
2024-06-04,bolsa,1273.4,1284.0
2024-06-05,bolsa,1267.4,1281.4
2024-06-06,bolsa,1274.6,1280.0
2024-06-07,bolsa,1279.4,1283.9
2024-06-08,bolsa,1279.4,1283.9
2024-06-09,bolsa,1279.4,1283.9
2024-06-10,bolsa,1267.8,1272.8
2024-06-11,bolsa,1277.9,1286.7
2024-06-12,bolsa,1271.7,1281.5
2024-06-13,bolsa,1242.8,1244.3
2024-06-14,bolsa,1242.3,1245.5
2024-06-15,bolsa,1242.3,1245.5
2024-06-16,bolsa,1242.3,1245.5
2024-06-17,bolsa,1242.3,1245.5
2024-06-18,bolsa,1239.5,1245.1
2024-06-19,bolsa,1269.8,1276.4
2024-06-20,bolsa,1269.8,1276.4
2024-06-21,bolsa,1269.8,1276.4
2024-06-22,bolsa,1269.8,1276.4
2024-06-23,bolsa,1269.8,1276.4
2024-06-24,bolsa,1288.3,1298.6
2024-06-25,bolsa,1306.8,1311.9
2024-06-26,bolsa,1330.2,1333.7
2024-06-27,bolsa,1322.6,1333.3
2024-06-28,bolsa,1338.5,1348.6
2024-06-29,bolsa,1338.5,1348.6
2024-06-30,bolsa,1338.5,1348.6
2024-07-01,bolsa,1402.3,1408.2
2024-07-02,bolsa,1418.7,1431.7
2024-07-03,bolsa,1398.8,1402.5
2024-07-04,bolsa,1390.9,1402.5
2024-07-05,bolsa,1394.6,1397.2
2024-07-06,bolsa,1394.6,1397.2
2024-07-07,bolsa,1394.6,1397.2
2024-07-08,bolsa,1384.0,1390.4
2024-07-09,bolsa,1384.0,1390.4
2024-07-10,bolsa,1370.1,1373.0
2024-07-11,bolsa,1398.4,1399.3
2024-07-12,bolsa,1407.1,1417.7
2024-07-13,bolsa,1407.1,1417.7
2024-07-14,bolsa,1407.1,1417.7
2024-07-15,bolsa,1299.7,1305.3
2024-07-16,bolsa,1273.6,1279.1
2024-07-17,bolsa,1301.9,1302.8
2024-07-18,bolsa,1314.4,1316.1
2024-07-19,bolsa,1325.6,1330.4
2024-07-20,bolsa,1325.6,1330.4
2024-07-21,bolsa,1325.6,1330.4
2024-07-22,bolsa,1324.4,1335.6
2024-07-23,bolsa,1324.3,1325.3
2024-07-24,bolsa,1332.0,1338.1
2024-07-25,bolsa,1322.3,1325.8
2024-07-26,bolsa,1318.0,1329.2
2024-07-27,bolsa,1318.0,1329.2
2024-07-28,bolsa,1318.0,1329.2
2024-07-29,bolsa,1291.7,1296.8
2024-07-30,bolsa,1259.8,1265.2
2024-07-31,bolsa,1286.7,1307.7
2024-08-01,bolsa,1298.9,1304.8
2024-08-02,bolsa,1331.0,1337.1
2024-08-03,bolsa,1331.0,1337.1
2024-08-04,bolsa,1331.0,1337.1
2024-08-05,bolsa,1336.1,1348.1
2024-08-06,bolsa,1332.4,1338.2
2024-08-07,bolsa,1327.4,1329.8
2024-08-08,bolsa,1303.1,1307.7
2024-08-09,bolsa,1298.0,1303.0
2024-08-10,bolsa,1298.0,1303.0
2024-08-11,bolsa,1298.0,1303.0
2024-08-12,bolsa,1285.7,1287.1
2024-08-13,bolsa,1268.1,1270.4
2024-08-14,bolsa,1264.3,1266.4
2024-08-15,bolsa,1265.9,1267.0
2024-08-16,bolsa,1279.0,1281.6
2024-08-17,bolsa,1292.4,1299.1
2024-08-18,bolsa,1292.4,1299.1
2024-08-19,bolsa,1290.6,1292.5
2024-08-20,bolsa,1294.9,1297.0
2024-08-21,bolsa,1291.5,1295.8
2024-08-22,bolsa,1284.6,1287.8
2024-08-23,bolsa,1284.3,1286.6
2024-08-24,bolsa,1284.3,1286.6
2024-08-25,bolsa,1284.3,1286.6
2024-08-26,bolsa,1282.5,1290.2
2024-08-27,bolsa,1285.6,1292.6
2024-08-28,bolsa,1281.0,1284.9
2024-08-29,bolsa,1274.7,1275.9
2024-08-30,bolsa,1279.9,1284.8
2024-08-31,bolsa,1279.9,1284.8
2024-09-01,bolsa,1279.9,1284.8
2024-09-02,bolsa,1283.5,1289.4
2024-09-03,bolsa,1286.1,1292.3
2024-09-04,bolsa,1275.5,1284.3
2024-09-05,bolsa,1250.0,1253.6
2024-09-06,bolsa,1244.0,1246.6
2024-09-07,bolsa,1244.0,1246.6
2024-09-08,bolsa,1244.0,1246.6
2024-09-09,bolsa,1222.9,1226.4
2024-09-10,bolsa,1232.6,1233.6
2024-09-11,bolsa,1231.3,1237.8
2024-09-12,bolsa,1237.3,1239.0
2024-09-13,bolsa,1224.8,1225.9
2024-09-14,bolsa,1224.8,1225.9
2024-09-15,bolsa,1224.8,1225.9
2024-09-16,bolsa,1217.1,1218.8
2024-09-17,bolsa,1213.4,1223.5
2024-09-18,bolsa,1206.4,1209.4
2024-09-19,bolsa,1191.4,1198.3
2024-09-20,bolsa,1196.6,1201.5
2024-09-21,bolsa,1196.6,1201.5
2024-09-22,bolsa,1196.6,1201.5
2024-09-23,bolsa,1203.0,1204.7
2024-09-24,bolsa,1202.0,1203.3
2024-09-25,bolsa,1206.4,1210.3
2024-09-26,bolsa,1205.3,1209.6
2024-09-27,bolsa,1204.1,1209.3
2024-09-28,bolsa,1204.1,1209.3
2024-09-29,bolsa,1204.1,1209.3
2024-09-30,bolsa,1209.2,1213.3
2024-10-01,bolsa,1216.8,1219.1
2024-10-02,bolsa,1206.9,1210.8
2024-10-03,bolsa,1189.4,1192.5
2024-10-04,bolsa,1186.0,1187.3
2024-10-05,bolsa,1186.0,1187.3
2024-10-06,bolsa,1186.0,1187.3
2024-10-07,bolsa,1180.8,1185.4
2024-10-08,bolsa,1169.3,1170.9
2024-10-09,bolsa,1142.7,1143.3
2024-10-10,bolsa,1126.9,1131.2
2024-10-11,bolsa,1126.9,1131.2
2024-10-12,bolsa,1126.9,1131.2
2024-10-13,bolsa,1126.9,1131.2
2024-10-14,bolsa,1138.2,1140.1
2024-10-15,bolsa,1137.7,1140.2
2024-10-16,bolsa,1155.9,1164.9
2024-10-17,bolsa,1157.1,1159.6
2024-10-18,bolsa,1160.6,1161.9
2024-10-19,bolsa,1160.6,1161.9
2024-10-20,bolsa,1160.6,1161.9
2024-10-21,bolsa,1161.4,1164.9
2024-10-22,bolsa,1162.5,1163.7
2024-10-23,bolsa,1163.3,1164.9
2024-10-24,bolsa,1156.4,1159.5
2024-10-25,bolsa,1140.1,1142.5
2024-10-26,bolsa,1140.1,1142.5
2024-10-27,bolsa,1140.1,1142.5
2024-10-28,bolsa,1130.8,1132.2
2024-10-29,bolsa,1133.5,1138.8
2024-10-30,bolsa,1133.9,1135.7
2024-10-31,bolsa,1127.5,1128.7
2024-11-01,bolsa,1143.1,1147.3
2024-11-02,bolsa,1143.1,1147.3
2024-11-03,bolsa,1143.1,1147.3
2024-11-04,bolsa,1146.4,1148.6
2024-11-05,bolsa,1149.0,1150.0
2024-11-06,bolsa,1140.0,1142.1
2024-11-07,bolsa,1135.1,1136.0
2024-11-08,bolsa,1122.5,1130.1
2024-11-09,bolsa,1122.5,1130.1
2024-11-10,bolsa,1122.5,1130.1
2024-11-11,bolsa,1129.3,1130.5
2024-11-12,bolsa,1121.8,1127.2
2024-11-13,bolsa,1116.7,1119.6
2024-11-14,bolsa,1103.0,1103.7
2024-11-15,bolsa,1094.2,1099.3
2024-11-16,bolsa,1094.2,1099.3
2024-11-17,bolsa,1094.2,1099.3
2024-11-18,bolsa,1094.2,1099.3
2024-11-19,bolsa,1073.5,1077.8
2024-11-20,bolsa,1077.8,1080.6
2024-11-21,bolsa,1076.2,1077.6
2024-11-22,bolsa,1076.1,1081.7
2024-11-23,bolsa,1076.1,1081.7
2024-11-24,bolsa,1076.1,1081.7
2024-11-25,bolsa,1076.5,1078.0
2024-11-26,bolsa,1074.8,1078.4
2024-11-27,bolsa,1073.9,1075.6
2024-11-28,bolsa,1074.6,1076.4
2024-11-29,bolsa,1074.8,1075.9
2024-11-30,bolsa,1074.8,1075.9
2024-12-01,bolsa,1074.8,1075.9
2024-12-02,bolsa,1068.1,1069.1
2024-12-03,bolsa,1072.8,1074.7
2024-12-04,bolsa,1074.0,1077.8
2024-12-05,bolsa,1059.1,1061.8
2024-12-06,bolsa,1048.2,1049.9
2024-12-07,bolsa,1048.2,1049.9
2024-12-08,bolsa,1048.2,1049.9
2024-12-09,bolsa,1045.8,1048.5
2024-12-10,bolsa,1057.2,1062.1
2024-12-11,bolsa,1051.8,1056.2
2024-12-12,bolsa,1055.6,1059.0
2024-12-13,bolsa,1070.1,1075.6
2024-12-14,bolsa,1070.1,1075.6
2024-12-15,bolsa,1070.1,1075.6
2024-12-16,bolsa,1097.1,1098.3
2024-12-17,bolsa,1128.3,1134.2
2024-12-18,bolsa,1126.3,1133.1
2024-12-19,bolsa,1131.2,1143.1
2024-12-20,bolsa,1140.4,1149.5
2024-12-21,bolsa,1140.4,1149.5
2024-12-22,bolsa,1140.4,1149.5
2024-12-23,bolsa,1153.2,1155.4
2024-12-24,bolsa,1155.1,1165.6
2024-12-25,bolsa,1155.1,1165.6
2024-12-26,bolsa,1167.2,1175.4
2024-12-27,bolsa,1161.6,1170.9
2024-12-28,bolsa,1161.6,1170.9
2024-12-29,bolsa,1161.6,1170.9
2024-12-30,bolsa,1165.4,1169.5
2024-12-31,bolsa,1165.4,1169.5
2025-01-01,bolsa,1165.4,1169.5
2025-01-02,bolsa,1165.4,1169.5
2025-01-03,bolsa,1163.7,1167.1
2025-01-04,bolsa,1163.7,1167.1
2025-01-05,bolsa,1163.7,1167.1
2025-01-06,bolsa,1165.1,1170.0
2025-01-07,bolsa,1164.6,1172.4
2025-01-08,bolsa,1161.2,1181.9
2025-01-09,bolsa,1163.2,1167.6
2025-01-10,bolsa,1161.8,1166.7
2025-01-11,bolsa,1161.8,1166.7
2025-01-12,bolsa,1161.8,1166.7
2025-01-13,bolsa,1160.3,1162.5
2025-01-14,bolsa,1159.3,1162.7
2025-01-15,bolsa,1161.6,1162.6
2025-01-16,bolsa,1164.0,1167.6
2025-01-17,bolsa,1162.7,1163.8
2025-01-18,bolsa,1162.7,1163.8
2025-01-19,bolsa,1162.7,1163.8
2025-01-20,bolsa,1164.0,1165.9
2025-01-21,bolsa,1164.4,1167.2
2025-01-22,bolsa,1164.8,1168.7
2025-01-23,bolsa,1165.4,1166.4
2025-01-24,bolsa,1153.4,1157.7
2025-01-25,bolsa,1153.4,1157.7
2025-01-26,bolsa,1153.4,1157.7
2025-01-27,bolsa,1158.1,1161.2
2025-01-28,bolsa,1159.2,1162.0
2025-01-29,bolsa,1162.1,1163.4
2025-01-30,bolsa,1164.1,1166.2
2025-01-31,bolsa,1166.1,1168.2
2025-02-01,bolsa,1166.1,1168.2
2025-02-02,bolsa,1166.1,1168.2
2025-02-03,bolsa,1176.5,1177.9
2025-02-04,bolsa,1182.7,1186.2
2025-02-05,bolsa,1190.1,1197.5
2025-02-06,bolsa,1184.4,1187.4
2025-02-07,bolsa,1188.4,1193.4
2025-02-08,bolsa,1188.4,1193.4
2025-02-09,bolsa,1188.4,1193.4
2025-02-10,bolsa,1180.8,1184.5
2025-02-11,bolsa,1180.7,1182.9
2025-02-12,bolsa,1182.5,1186.1
2025-02-13,bolsa,1185.7,1187.4
2025-02-14,bolsa,1182.6,1185.2
2025-02-15,bolsa,1182.6,1185.2
2025-02-16,bolsa,1182.6,1185.2
2025-02-17,bolsa,1207.1,1209.5
2025-02-18,bolsa,1201.3,1204.6
2025-02-19,bolsa,1196.3,1198.8
2025-02-20,bolsa,1196.0,1199.7
2025-02-21,bolsa,1201.2,1205.5
2025-02-22,bolsa,1201.2,1205.5
2025-02-23,bolsa,1201.2,1205.5
2025-02-24,bolsa,1202.7,1203.6
2025-02-25,bolsa,1206.4,1207.3
2025-02-26,bolsa,1210.4,1212.5
2025-02-27,bolsa,1213.5,1215.1
2025-02-28,bolsa,1225.1,1231.3
2025-03-01,bolsa,1225.1,1231.3
2025-03-02,bolsa,1225.1,1231.3
2025-03-03,bolsa,1225.1,1231.3
2025-03-04,bolsa,1225.1,1231.3
2025-03-05,bolsa,1232.1,1236.4
2025-03-06,bolsa,1227.8,1228.9
2025-03-07,bolsa,1218.9,1220.9
2025-03-08,bolsa,1218.9,1220.9
2025-03-09,bolsa,1218.9,1220.9
2025-03-10,bolsa,1222.2,1227.5
2025-03-11,bolsa,1228.3,1229.7
2025-03-12,bolsa,1228.8,1232.3
2025-03-13,bolsa,1232.2,1233.7
2025-03-14,bolsa,1236.2,1239.6
2025-03-15,bolsa,1236.2,1239.6
2025-03-16,bolsa,1236.2,1239.6
2025-03-17,bolsa,1251.3,1252.7
2025-03-18,bolsa,1296.2,1299.0
2025-03-19,bolsa,1283.3,1295.5
2025-03-20,bolsa,1282.2,1286.7
2025-03-21,bolsa,1284.8,1290.7
2025-03-22,bolsa,1284.8,1290.7
2025-03-23,bolsa,1284.8,1290.7
2025-03-24,bolsa,1284.8,1290.7
2025-03-25,bolsa,1292.3,1295.8
2025-03-26,bolsa,1292.3,1295.8
2025-03-27,bolsa,1292.4,1297.3
2025-03-28,bolsa,1300.5,1304.9
2025-03-29,bolsa,1300.5,1304.9
2025-03-30,bolsa,1300.5,1304.9
2025-03-31,bolsa,1312.2,1319.6
2025-04-01,bolsa,1308.5,1310.1
2025-04-02,bolsa,1308.5,1310.1
2025-04-03,bolsa,1314.1,1315.2
2025-04-04,bolsa,1332.6,1337.0
2025-04-05,bolsa,1332.6,1337.0
2025-04-06,bolsa,1332.6,1337.0
2025-04-07,bolsa,1363.4,1365.8
2025-04-08,bolsa,1369.6,1373.4
2025-04-09,bolsa,1364.1,1363.8
2025-04-10,bolsa,1357.5,1359.0
2025-04-11,bolsa,1323.2,1326.8
2025-04-12,bolsa,1323.2,1326.8
2025-04-13,bolsa,1323.2,1326.8
2025-04-14,bolsa,1251.1,1255.3
2025-04-15,bolsa,1251.1,1255.3
2025-04-16,bolsa,1160.8,1175.4
2025-04-17,bolsa,1160.8,1175.4
2025-04-18,bolsa,1160.8,1175.4
2025-04-19,bolsa,1160.8,1175.4
2025-04-20,bolsa,1160.8,1175.4
2025-04-21,bolsa,1119.9,1125.6
2025-04-22,bolsa,1138.8,1155.4
2025-04-23,bolsa,1161.5,1166.5
2025-04-24,bolsa,1183.0,1185.8
2025-04-25,bolsa,1184.5,1186.3
2025-04-26,bolsa,1184.5,1186.3
2025-04-27,bolsa,1184.5,1186.3
2025-04-28,bolsa,1175.6,1178.8
2025-04-29,bolsa,1167.7,1173.9
2025-04-30,bolsa,1177.7,1182.8
2025-05-01,bolsa,1177.7,1182.8
2025-05-02,bolsa,751.67,1363.6
2025-05-03,bolsa,1193.9,1170.4
2025-05-04,bolsa,1193.9,1170.4
2025-05-05,bolsa,1200.0,1205.2
2025-05-06,bolsa,1198.3,1201.8
2025-05-07,bolsa,1152.5,1156.0
2025-05-08,bolsa,1141.0,1147.1
2025-05-09,bolsa,1143.0,1147.5
2025-05-10,bolsa,1143.0,1147.5
2025-05-11,bolsa,1143.0,1147.5
2025-05-12,bolsa,1140.6,1142.2
2025-05-13,bolsa,1139.4,1141.0
2025-05-14,bolsa,1137.9,1139.7
2025-05-15,bolsa,1142.8,1144.9
2025-05-16,bolsa,1152.0,1156.7
2025-05-17,bolsa,1152.0,1156.7
2025-05-18,bolsa,1152.0,1156.7
2025-05-19,bolsa,1148.7,1150.0
2025-05-20,bolsa,1150.2,1154.2
2025-05-21,bolsa,1147.7,1149.4
2025-05-22,bolsa,1140.8,1144.9
2025-05-23,bolsa,1137.9,1144.1
2025-05-24,bolsa,1137.9,1144.1
2025-05-25,bolsa,1137.9,1144.1
2025-05-26,bolsa,1142.6,1145.6
2025-05-27,bolsa,1159.2,1161.3
2025-05-28,bolsa,1160.5,1166.7
2025-05-29,bolsa,1181.8,1183.8
2025-05-30,bolsa,1190.8,1193.5
2025-05-31,bolsa,1190.8,1193.5
2025-06-01,bolsa,1190.8,1193.5
2025-06-02,bolsa,1180.8,1185.3
2025-06-03,bolsa,1188.5,1190.0
2025-06-04,bolsa,1189.4,1193.4
2025-06-05,bolsa,1190.2,1193.6
2025-06-06,bolsa,1189.2,1193.3
2025-06-07,bolsa,1189.2,1193.3
2025-06-08,bolsa,1189.2,1193.3
2025-06-09,bolsa,1190.5,1193.1
2025-06-10,bolsa,1187.8,1191.8
2025-06-11,bolsa,1185.0,1189.0
2025-06-12,bolsa,1185.0,1188.7
2025-06-13,bolsa,1189.6,1192.9
2025-06-14,bolsa,1189.6,1192.9
2025-06-15,bolsa,1189.6,1192.9
2025-06-16,bolsa,1189.6,1192.9
2025-06-17,bolsa,1177.4,1181.3
2025-06-18,bolsa,1164.0,1167.9
2025-06-19,bolsa,1172.4,1173.8
2025-06-20,bolsa,1172.4,1173.8
2025-06-21,bolsa,1172.4,1173.8
2025-06-22,bolsa,1172.4,1173.8
2025-06-23,bolsa,1183.5,1185.4
2025-06-24,bolsa,1182.4,1185.1
2025-06-25,bolsa,1195.0,1202.2
2025-06-26,bolsa,1197.5,1200.3
2025-06-27,bolsa,1194.9,1198.4
2025-06-28,bolsa,1194.9,1198.4
2025-06-29,bolsa,1194.9,1198.4
2025-06-30,bolsa,1206.5,1211.3
2025-07-01,bolsa,1230.9,1233.2
2025-07-02,bolsa,1237.7,1238.6
2025-07-03,bolsa,1235.7,1238.0
2025-07-04,bolsa,1245.6,1247.0
2025-07-05,bolsa,1245.6,1247.0
2025-07-06,bolsa,1245.6,1247.0
2025-07-07,bolsa,1272.7,1276.6
2025-07-08,bolsa,1254.0,1260.1
2025-07-09,bolsa,1254.0,1260.1
2025-07-10,bolsa,1267.3,1270.4
2025-07-11,bolsa,1266.0,1269.0
2025-07-12,bolsa,1266.0,1269.0
2025-07-13,bolsa,1266.0,1269.0
2025-07-14,bolsa,1291.8,1294.9
2025-07-15,bolsa,1274.3,1276.7
2025-07-16,bolsa,1267.2,1272.8
2025-07-17,bolsa,1279.4,1285.1
2025-07-18,bolsa,1289.9,1294.8
2025-07-19,bolsa,1289.9,1294.8
2025-07-20,bolsa,1289.9,1294.8
2025-07-21,bolsa,1280.7,1287.0
2025-07-22,bolsa,1254.4,1260.1
2025-07-23,bolsa,1261.9,1264.5
2025-07-24,bolsa,1267.8,1273.2
2025-07-25,bolsa,1282.9,1290.2
2025-07-26,bolsa,1282.9,1290.2
2025-07-27,bolsa,1282.9,1290.2
2025-07-28,bolsa,1293.5,1296.9
2025-07-29,bolsa,1290.1,1293.4
2025-07-30,bolsa,1318.8,1324.0
2025-07-31,bolsa,1356.7,1363.8
2025-08-01,bolsa,1361.6,1366.2
2025-08-02,bolsa,1361.6,1366.2
2025-08-03,bolsa,1361.6,1366.2
2025-08-04,bolsa,1352.9,1355.2
2025-08-05,bolsa,1342.0,1347.3
2025-08-06,bolsa,1333.6,1337.7
2025-08-07,bolsa,1326.2,1332.0
2025-08-08,bolsa,1328.2,1335.2
2025-08-09,bolsa,1328.2,1335.2
2025-08-10,bolsa,1328.2,1335.2
2025-08-11,bolsa,1321.7,1328.5
2025-08-12,bolsa,1318.6,1325.5
2025-08-13,bolsa,1318.8,1322.6
2025-08-14,bolsa,1303.7,1310.8
2025-08-15,bolsa,1303.7,1310.8
2025-08-16,bolsa,1303.7,1310.8
2025-08-17,bolsa,1303.7,1310.8
2025-08-18,bolsa,1295.5,1303.9
2025-08-19,bolsa,1295.3,1299.9
2025-08-20,bolsa,1304.8,1315.0
2025-08-21,bolsa,1313.2,1322.3
2025-08-22,bolsa,1326.5,1331.2
2025-08-23,bolsa,1326.5,1331.2
2025-08-24,bolsa,1326.5,1331.2
2025-08-25,bolsa,1358.5,1362.0
2025-08-26,bolsa,1351.8,1354.9
2025-08-27,bolsa,1351.3,1355.2
2025-08-28,bolsa,1339.3,1343.4
2025-08-29,bolsa,1344.8,1371.9
2025-08-30,bolsa,1344.8,1371.9
2025-08-31,bolsa,1344.8,1371.9
2025-09-01,bolsa,1374.3,1382.8
2025-09-02,bolsa,1365.8,1371.0
2025-09-03,bolsa,1360.7,1375.9
2025-09-04,bolsa,1376.2,1379.9
2025-09-05,bolsa,1385.4,1388.6
2025-09-06,bolsa,1385.4,1388.6
2025-09-07,bolsa,1385.4,1388.6
2025-09-08,bolsa,1432.8,1436.5
2025-09-09,bolsa,1426.9,1437.1
2025-09-10,bolsa,1423.7,1427.7
2025-09-11,bolsa,1435.4,1447.2
2025-09-12,bolsa,1460.7,1476.0
2025-09-13,bolsa,1460.7,1476.0
2025-09-14,bolsa,1460.7,1476.0
2025-09-15,bolsa,1481.4,1491.6
2025-09-16,bolsa,1466.8,1472.6
2025-09-17,bolsa,1476.5,1497.3
2025-09-18,bolsa,1541.6,1572.7
2025-09-19,bolsa,1523.4,1580.5
2025-09-20,bolsa,1523.4,1580.5
2025-09-21,bolsa,1523.4,1580.5
2025-09-22,bolsa,1422.1,1431.6
2025-09-23,bolsa,1401.4,1408.4
2025-09-24,bolsa,1363.3,1384.0
2025-09-25,bolsa,1374.5,1381.7
2025-09-26,bolsa,1425.6,1440.2
2025-09-27,bolsa,1425.6,1440.2
2025-09-28,bolsa,1425.6,1440.2
2025-09-29,bolsa,1449.6,1452.9
2025-09-30,bolsa,1494.0,1503.2
2025-10-01,bolsa,1518.6,1530.5
2025-10-02,bolsa,1499.5,1507.8
2025-10-03,bolsa,1497.4,1510.6
2025-10-04,bolsa,1497.4,1510.6
2025-10-05,bolsa,1497.4,1510.6
2025-10-06,bolsa,1490.7,1507.9
2025-10-07,bolsa,1522.8,1541.0
2025-10-08,bolsa,1525.1,1532.5
2025-10-09,bolsa,1436.5,1458.0
2025-10-10,bolsa,1436.5,1458.0
2025-10-11,bolsa,1436.5,1458.0
2025-10-12,bolsa,1436.5,1458.0
2025-10-13,bolsa,1407.8,1416.8
2025-10-14,bolsa,1440.3,1474.1
2025-10-15,bolsa,1431.3,1441.0
2025-10-16,bolsa,1470.7,1478.0
2025-10-17,bolsa,1518.4,1542.1
2025-10-18,bolsa,1518.4,1542.1
2025-10-19,bolsa,1518.4,1542.1
2025-10-20,bolsa,1543.9,1559.4
2025-10-21,bolsa,1586.8,1600.0
2025-10-22,bolsa,1580.2,1598.3
2025-10-23,bolsa,1537.1,1551.0
2025-10-24,bolsa,1531.6,1555.2
2025-10-25,bolsa,1531.6,1555.2
2025-10-26,bolsa,1531.6,1555.2
2025-10-27,bolsa,1436.1,1449.3
2025-10-28,bolsa,1474.6,1485.7
2025-10-29,bolsa,1466.6,1472.0
2025-10-30,bolsa,1465.9,1474.7
2025-10-31,bolsa,1484.1,1495.2
2025-11-01,bolsa,1484.1,1495.2
2025-11-02,bolsa,1484.1,1495.2
2025-11-03,bolsa,1485.0,1501.7
2025-11-04,bolsa,1484.4,1496.5
2025-11-05,bolsa,1477.4,1481.0
2025-11-06,bolsa,1478.3,1481.7
2025-11-07,bolsa,1449.9,1458.0
2025-11-08,bolsa,1449.9,1458.0
2025-11-09,bolsa,1449.9,1458.0
2025-11-10,bolsa,1455.9,1459.9
2025-11-11,bolsa,1453.5,1457.3
2025-11-12,bolsa,1448.3,1454.7
2025-11-13,bolsa,1454.6,1459.9
2025-11-14,bolsa,1450.5,1456.1
2025-11-15,bolsa,1450.5,1456.1
2025-11-16,bolsa,1450.5,1456.1
2025-11-17,bolsa,1445.2,1449.5
2025-11-18,bolsa,1438.4,1443.6
2025-11-19,bolsa,1438.9,1446.1
2025-11-20,bolsa,1446.7,1456.7
2025-11-21,bolsa,1454.6,1473.8
2025-11-22,bolsa,1454.6,1473.8
2025-11-23,bolsa,1454.6,1473.8
2025-11-24,bolsa,1454.6,1473.8
2025-11-25,bolsa,1478.3,1484.7
2025-11-26,bolsa,1487.3,1490.9
2025-11-27,bolsa,1480.4,1484.3
2025-11-28,bolsa,1473.7,1482.9
2025-11-29,bolsa,1473.7,1482.9
2025-11-30,bolsa,1473.7,1482.9
2025-12-01,bolsa,1472.7,1479.0
2025-12-02,bolsa,1478.3,1481.3
2025-12-03,bolsa,1466.4,1471.4
2025-12-04,bolsa,1468.2,1473.4
2025-12-05,bolsa,1475.9,1479.6
2025-12-06,bolsa,1475.9,1479.6
2025-12-07,bolsa,1475.9,1479.6
2025-12-08,bolsa,1475.9,1479.6
2025-12-09,bolsa,1467.0,1472.7
2025-12-10,bolsa,1470.1,1475.0
2025-12-11,bolsa,1475.1,1480.8
2025-12-12,bolsa,1475.9,1480.2
2025-12-13,bolsa,1475.9,1480.2
2025-12-14,bolsa,1475.9,1480.2
2025-12-15,bolsa,1489.0,1496.4
2025-12-16,bolsa,1499.5,1501.5
2025-12-17,bolsa,1499.5,1501.5
2025-12-18,bolsa,1499.5,1501.5
2025-12-19,bolsa,1499.5,1501.5
2025-12-20,bolsa,1499.5,1501.5
2025-12-21,bolsa,1499.5,1501.5
2025-12-22,bolsa,1499.5,1501.5
2025-12-23,bolsa,1499.5,1501.5
2025-12-24,bolsa,1499.5,1501.5
2025-12-25,bolsa,1499.5,1501.5
2025-12-26,bolsa,1499.5,1501.5
2025-12-27,bolsa,1499.5,1501.5
2025-12-28,bolsa,1499.5,1501.5
2025-12-29,bolsa,1499.5,1501.5
2025-12-30,bolsa,1499.5,1501.5
2025-12-31,bolsa,1499.5,1501.5
2026-01-01,bolsa,1481.4,1485.9
2026-01-02,bolsa,1498.8,1507.8
2026-01-03,bolsa,1498.8,1507.8
2026-01-04,bolsa,1498.8,1507.8
2026-01-05,bolsa,1499.3,1501.8
2026-01-06,bolsa,1495.4,1500.1
2026-01-07,bolsa,1494.2,1498.7
2026-01-08,bolsa,1493.0,1496.6
2026-01-09,bolsa,1488.0,1493.5
2026-01-10,bolsa,1488.0,1493.5
2026-01-11,bolsa,1488.0,1493.5
2026-01-12,bolsa,1484.4,1491.0
2026-01-13,bolsa,1485.1,1490.6
2026-01-14,bolsa,1477.1,1482.7
2026-01-15,bolsa,1471.5,1474.7
2026-01-16,bolsa,1469.0,1476.1
2026-01-17,bolsa,1469.0,1476.1
2026-01-18,bolsa,1469.0,1476.1
2026-01-19,bolsa,1464.8,1471.3
2026-01-20,bolsa,1470.3,1472.9
2026-01-21,bolsa,1456.3,1466.9
2026-01-22,bolsa,1456.6,1460.7
2026-01-23,bolsa,1466.2,1471.9
2026-01-24,bolsa,1466.2,1471.9
2026-01-25,bolsa,1466.2,1471.9
2026-01-26,bolsa,1467.9,1470.9
2026-01-27,bolsa,1461.6,1465.8
2026-01-28,bolsa,1461.7,1465.7
2026-01-29,bolsa,1458.0,1460.9
2026-01-30,bolsa,1460.4,1464.6
2026-01-31,bolsa,1460.4,1464.6
2026-02-01,bolsa,1460.4,1464.6
2026-02-03,bolsa,1450.2,1464.9
2026-02-04,bolsa,1455.2,1459.7
2026-02-05,bolsa,1461.7,1466.1
2026-02-06,bolsa,1445.3,1448.7
2026-02-07,bolsa,1445.3,1448.7
2026-02-08,bolsa,1445.3,1448.7
2026-02-09,bolsa,1435.6,1440.6
2026-02-10,bolsa,1426.2,1439.1
2026-02-11,bolsa,1426.4,1433.3
2026-02-12,bolsa,1413.2,1421.3
2026-02-13,bolsa,1421.6,1426.0
2026-02-14,bolsa,1421.6,1426.0
2026-02-15,bolsa,1421.6,1426.0
2026-02-16,bolsa,1421.6,1426.0
2026-02-17,bolsa,1421.6,1426.0
2026-02-18,bolsa,1408.8,1414.0
2026-02-19,bolsa,1407.9,1410.8
2026-02-20,bolsa,1397.3,1404.3
2026-02-21,bolsa,1397.3,1404.3
2026-02-22,bolsa,1397.3,1404.3
2026-02-23,bolsa,1390.7,1396.5
2026-02-24,bolsa,1402.5,1406.6
2026-02-25,bolsa,1422.8,1428.7
2026-02-26,bolsa,1432.4,1437.3
2026-02-27,bolsa,1406.3,1427.4
2026-02-28,bolsa,1406.3,1427.4
2026-03-01,bolsa,1406.3,1427.4
2026-03-02,bolsa,1414.6,1420.6
2026-03-03,bolsa,1432.2,1439.9
2026-03-04,bolsa,1423.5,1429.9
2026-03-05,bolsa,1430.0,1437.1
2026-03-06,bolsa,1435.5,1439.5
2026-03-07,bolsa,1435.5,1439.5
2026-03-08,bolsa,1435.5,1439.5
2026-03-09,bolsa,1428.3,1432.2
2026-03-10,bolsa,1419.7,1422.8
2026-03-11,bolsa,1409.5,1414.7
2026-03-12,bolsa,1403.4,1424.2
2026-03-13,bolsa,1416.4,1427.2
2026-03-14,bolsa,1416.4,1427.2
2026-03-15,bolsa,1416.4,1427.2
2026-03-16,bolsa,1417.2,1426.4
2026-03-17,bolsa,1418.0,1421.9
2026-03-18,bolsa,1419.7,1427.1
2026-03-19,bolsa,1413.6,1423.1
2026-03-20,bolsa,1418.2,1428.3
2026-03-21,bolsa,1418.2,1428.3
2026-03-22,bolsa,1418.2,1428.3
2026-03-23,bolsa,1405.5,1420.9
2026-03-24,bolsa,1405.5,1420.9
2026-03-25,bolsa,1401.4,1410.1
2026-03-26,bolsa,1396.1,1401.9
2026-03-27,bolsa,1422.4,1431.1
2026-03-28,bolsa,1422.4,1431.1
2026-03-29,bolsa,1422.4,1431.1
2026-03-30,bolsa,1432.3,1436.5
2026-03-31,bolsa,1421.3,1430.8
2026-04-01,bolsa,1432.3,1436.3
2026-04-02,bolsa,1432.3,1436.3
2026-04-03,bolsa,1432.3,1436.3
2026-04-04,bolsa,1432.3,1436.3
2026-04-05,bolsa,1432.3,1436.3
2026-04-06,bolsa,1425.6,1430.6
2026-04-07,bolsa,1430.3,1433.8
2026-04-08,bolsa,1421.5,1427.9
2026-04-09,bolsa,1420.6,1425.6
2026-04-10,bolsa,1408.1,1415.2
2026-04-11,bolsa,1408.1,1415.2
2026-04-12,bolsa,1408.1,1415.2
2026-04-13,bolsa,1398.2,1409.7
2026-04-14,bolsa,1409.3,1414.9
2026-04-15,bolsa,1393.5,1399.1
2026-04-16,bolsa,1402.7,1405.6
2026-04-17,bolsa,1408.2,1415.5
2026-04-18,bolsa,1408.2,1415.5
2026-04-19,bolsa,1408.2,1415.5
2026-04-20,bolsa,1414.5,1419.0
2026-04-21,bolsa,1413.0,1416.8
2026-04-22,bolsa,1416.9,1420.6
2026-04-23,bolsa,1421.0,1429.3
